1.0,0.07,-0.21,-26.0,10.93,22.16
0.97,0.19,-0.24,-21.67,5.68,18.01
0.87,0.27,-0.26,-14.28,3.54,9.58
0.88,0.47,-0.17,1.53,18.25,-5.07
0.85,0.55,-0.14,9.64,13.98,-8.67
0.87,0.53,-0.1,19.1,16.85,-6.65
0.93,0.51,-0.07,30.4,21.73,-9.4
0.96,0.44,-0.07,38.82,19.29,-10.62
0.97,0.39,-0.1,49.68,17.46,-11.23
0.94,0.36,-0.1,59.51,17.09,-12.94
0.9,0.32,-0.08,64.39,14.53,-14.89
0.89,0.26,-0.11,64.39,14.22,-14.34
0.91,0.21,-0.16,62.44,14.16,-11.72
0.91,0.16,-0.16,55.73,12.39,-9.16
0.91,0.15,-0.18,46.94,10.01,-7.45
0.9,0.17,-0.19,37.6,8.91,-6.41
0.89,0.17,-0.22,28.87,9.64,-4.27
0.89,0.15,-0.27,23.8,10.13,-1.46
0.89,0.13,-0.25,19.9,10.38,1.46
0.89,0.14,-0.23,14.16,10.99,3.85
0.88,0.17,-0.24,10.07,10.01,5.43
0.89,0.19,-0.19,8.85,10.19,5.74
0.9,0.2,-0.21,10.19,13.0,4.94
0.94,0.22,-0.21,6.9,13.79,4.21
0.93,0.28,-0.22,2.93,12.21,2.5
0.93,0.31,-0.17,-0.92,11.23,1.1
0.96,0.31,-0.15,-2.01,10.38,0.92
0.97,0.28,-0.16,-2.32,7.69,0.85
0.95,0.23,-0.16,-2.32,6.04,-0.92
0.92,0.21,-0.17,-1.1,5.8,-2.93
0.91,0.23,-0.16,0.61,5.86,-3.42
0.92,0.21,-0.17,2.2,6.1,-1.77
0.94,0.18,-0.2,4.21,5.8,-0.92
0.95,0.16,-0.21,5.98,3.05,-1.89
0.93,0.2,-0.19,6.59,-0.12,-3.97
0.91,0.25,-0.17,5.43,-0.73,-7.51
0.89,0.27,-0.17,4.76,0.12,-10.8
0.91,0.25,-0.22,4.46,1.4,-12.33
0.93,0.21,-0.29,4.46,1.95,-11.78
0.92,0.16,-0.33,2.2,1.53,-10.19
0.89,0.14,-0.34,-1.4,1.53,-8.3
0.88,0.14,-0.36,-4.7,3.78,-5.68
0.88,0.14,-0.37,-8.3,6.29,-2.93
0.88,0.16,-0.36,-12.27,7.14,-0.37
0.88,0.2,-0.33,-14.04,8.61,1.77
0.9,0.21,-0.32,-11.84,9.83,3.72
0.92,0.2,-0.33,-9.4,10.13,4.7
0.93,0.19,-0.32,-7.14,10.44,3.97
0.94,0.2,-0.28,-3.72,10.99,1.4
0.91,0.22,-0.26,0.37,11.41,-1.4
0.88,0.25,-0.25,3.36,11.6,-3.17
0.87,0.28,-0.23,4.33,11.54,-3.23
0.89,0.28,-0.22,3.91,11.41,-1.46
0.92,0.26,-0.25,4.27,10.68,1.65
0.92,0.23,-0.24,2.75,9.46,4.03
0.94,0.19,-0.21,1.16,7.87,6.53
0.96,0.17,-0.18,-0.67,5.68,9.34
0.96,0.14,-0.16,-4.21,2.32,11.6
0.96,0.13,-0.18,-9.64,1.71,12.33
0.96,0.1,-0.22,-16.72,1.65,13.24
0.95,0.08,-0.29,-24.54,0.79,13.73
0.94,0.13,-0.28,-29.54,-0.98,12.39
0.92,0.21,-0.25,-29.72,-1.04,9.7
0.91,0.26,-0.27,-27.59,-0.49,8.36
0.9,0.28,-0.29,-25.76,-1.16,8.73
0.91,0.26,-0.26,-23.86,-1.95,8.85
0.92,0.26,-0.24,-17.76,-1.59,7.93
0.93,0.22,-0.2,-10.31,-0.98,6.65
0.94,0.18,-0.19,-7.69,-0.79,5.98
0.95,0.16,-0.21,-8.3,-1.22,5.25
0.96,0.13,-0.22,-12.82,-1.65,5.25
0.96,0.12,-0.21,-18.07,-2.81,5.98
0.96,0.13,-0.23,-23.44,-3.66,6.16
0.94,0.15,-0.26,-28.38,-3.91,5.43
0.92,0.18,-0.26,-28.99,-3.42,3.85
0.91,0.22,-0.24,-27.1,-2.26,2.62
0.91,0.25,-0.22,-22.22,-1.04,1.53
0.9,0.29,-0.22,-14.65,0.79,0.37
0.9,0.28,-0.22,-9.09,1.22,-1.1
0.92,0.27,-0.22,-3.72,2.32,-3.05
0.92,0.27,-0.22,1.1,0.12,-4.27
0.92,0.25,-0.2,4.09,-1.59,-5.0
0.92,0.23,-0.19,6.04,-0.67,-5.37
0.92,0.21,-0.2,5.86,-0.67,-4.21
0.93,0.18,-0.2,3.78,-1.71,-2.01
0.94,0.17,-0.19,0.18,-2.08,-0.43
0.93,0.17,-0.19,-5.07,-2.5,0.24
0.92,0.18,-0.21,-10.8,-3.66,1.53
0.93,0.19,-0.21,-14.22,-4.58,2.93
0.93,0.22,-0.21,-17.64,-5.43,3.78
0.93,0.24,-0.2,-21.85,-7.39,4.03
0.93,0.25,-0.18,-25.27,-8.24,4.82
0.93,0.26,-0.18,-25.39,-8.91,5.62
0.91,0.27,-0.2,-24.84,-9.46,6.41
0.91,0.27,-0.24,-25.88,-9.22,7.75
0.91,0.24,-0.26,-27.47,-8.85,9.16
0.9,0.22,-0.28,-25.39,-9.34,10.25
0.89,0.2,-0.28,-22.71,-9.77,10.74
0.89,0.2,-0.29,-22.03,-8.91,11.11
0.9,0.22,-0.28,-22.64,-7.63,11.23
0.89,0.22,-0.26,-21.61,-5.13,12.08
0.89,0.23,-0.25,-11.84,-2.32,13.55
0.89,0.24,-0.24,1.1,-0.49,14.4
0.91,0.2,-0.22,10.93,1.16,14.77
0.93,0.18,-0.22,20.14,3.91,15.93
0.96,0.17,-0.23,24.29,8.06,17.76
0.99,0.17,-0.23,24.6,9.64,20.2
0.99,0.19,-0.21,25.21,9.16,23.01
0.97,0.2,-0.18,26.73,8.3,24.78
0.98,0.22,-0.15,29.54,7.14,25.88
1.0,0.23,-0.13,33.08,4.33,26.25
1.05,0.19,-0.1,33.69,3.3,26.49
1.1,0.14,-0.11,29.48,3.78,28.02
1.12,0.11,-0.14,18.86,3.23,31.31
1.11,0.13,-0.19,8.54,-0.37,34.3
1.07,0.18,-0.23,3.6,-4.33,34.06
1.04,0.23,-0.23,2.2,-5.31,32.1
1.01,0.27,-0.21,2.93,-5.49,29.91
0.98,0.3,-0.18,4.03,-6.9,28.38
0.93,0.33,-0.17,4.94,-9.34,27.22
0.86,0.36,-0.17,5.19,-11.78,26.12
0.79,0.37,-0.2,3.42,-12.94,25.7
0.73,0.37,-0.25,1.89,-10.31,26.18
0.71,0.38,-0.23,3.48,-2.56,27.1
0.74,0.32,-0.16,10.13,6.35,30.46
0.78,0.27,-0.16,21.06,12.21,32.47
0.8,0.24,-0.22,26.86,10.74,31.19
0.8,0.16,-0.28,19.04,4.15,28.81
0.81,0.08,-0.34,6.23,-0.43,24.96
0.82,0.06,-0.35,-2.38,0.61,20.26
0.85,0.07,-0.28,-4.33,5.49,16.17
0.87,0.14,-0.19,1.34,8.67,13.18
0.86,0.23,-0.15,9.89,5.43,9.77
0.85,0.3,-0.12,15.81,1.22,5.49
0.85,0.3,-0.1,17.88,0.67,0.98
0.85,0.26,-0.07,17.58,1.34,-3.6
0.86,0.23,-0.07,18.49,3.54,-5.92
0.86,0.21,-0.07,23.68,3.54,-5.8
0.87,0.21,-0.08,36.01,4.52,-5.37
0.9,0.21,-0.12,44.37,6.84,-5.13
0.93,0.18,-0.15,36.19,3.97,-5.0
0.92,0.13,-0.17,17.76,-1.34,-4.64
0.92,0.13,-0.21,2.01,-2.56,-4.39
0.91,0.17,-0.22,-7.51,-0.49,-4.21
0.89,0.24,-0.2,-17.33,0.37,-3.85
0.88,0.32,-0.16,-26.86,0.12,-4.15
0.86,0.39,-0.14,-31.37,0.73,-5.68
0.85,0.42,-0.16,-30.4,1.89,-7.75
0.84,0.41,-0.18,-25.39,3.36,-9.83
0.82,0.38,-0.2,-18.68,5.19,-11.54
0.82,0.33,-0.24,-12.94,10.44,-13.12
0.87,0.21,-0.19,-5.07,20.94,-12.33
0.96,0.1,-0.19,15.63,28.93,-7.81
1.02,0.07,-0.21,30.27,20.94,-5.13
0.99,0.05,-0.19,19.84,8.48,-6.71
0.97,0.05,-0.13,3.78,2.56,-11.41
0.98,0.12,-0.11,-0.55,1.53,-16.78
0.97,0.16,-0.07,-7.51,0.37,-19.84
0.92,0.23,-0.11,-13.85,-1.04,-21.55
0.9,0.36,-0.19,-16.85,-1.53,-25.88
0.88,0.52,-0.29,-23.99,-1.71,-28.69
0.86,0.61,-0.4,-41.75,1.34,-28.08
0.92,0.68,-0.46,-53.59,6.35,-23.56
1.01,0.75,-0.41,-52.98,9.89,-17.64
1.05,0.74,-0.3,-43.46,5.92,-12.33
1.02,0.65,-0.15,-22.71,-1.16,-9.09
0.97,0.52,-0.03,3.48,-3.6,-9.03
0.89,0.43,-0.01,28.87,-4.88,-9.83
0.8,0.38,-0.13,43.52,-6.35,-10.74
0.78,0.31,-0.22,42.24,-4.15,-11.35
0.82,0.22,-0.25,32.96,1.89,-12.39
0.87,0.16,-0.25,23.68,7.02,-13.24
0.89,0.15,-0.28,19.65,9.34,-12.76
0.9,0.15,-0.3,13.06,9.83,-8.97
0.9,0.16,-0.29,7.69,10.07,-5.68
0.92,0.18,-0.24,4.94,10.5,-3.6
0.96,0.19,-0.24,0.0,9.58,-2.14
0.97,0.22,-0.21,-2.75,6.65,-2.56
0.94,0.22,-0.18,-0.12,4.94,-4.58
0.93,0.22,-0.21,7.51,5.86,-5.86
0.94,0.21,-0.25,13.79,7.14,-5.92
0.93,0.2,-0.27,18.98,8.18,-6.35
0.91,0.23,-0.29,23.32,9.52,-6.9
0.91,0.23,-0.32,25.7,9.52,-7.02
0.91,0.21,-0.3,29.05,8.85,-7.32
0.92,0.18,-0.29,32.35,8.97,-7.63
0.92,0.15,-0.28,31.92,8.3,-8.12
0.93,0.12,-0.26,30.15,7.45,-8.79
0.93,0.12,-0.24,30.27,7.08,-9.58
0.93,0.12,-0.21,30.27,8.06,-9.16
0.92,0.13,-0.23,28.56,8.54,-8.0
0.93,0.12,-0.26,23.38,7.57,-7.02
0.94,0.12,-0.25,17.88,6.23,-5.98
0.93,0.13,-0.25,15.2,5.86,-4.46
0.93,0.14,-0.27,10.38,4.7,-1.83
0.92,0.16,-0.27,4.52,2.44,0.55
0.91,0.17,-0.27,0.61,2.01,1.65
0.91,0.16,-0.28,-0.98,2.56,3.05
0.91,0.16,-0.28,-1.95,2.01,3.97
0.92,0.17,-0.28,-1.65,2.62,4.15
0.91,0.19,-0.29,0.31,3.6,3.66
0.91,0.21,-0.28,2.08,3.48,2.81
0.9,0.24,-0.26,2.99,3.23,1.89
0.9,0.24,-0.24,4.64,3.97,2.08
0.91,0.25,-0.24,6.84,4.21,2.62
0.91,0.25,-0.24,6.96,2.75,2.93
0.9,0.26,-0.24,10.19,2.93,2.93
0.9,0.26,-0.28,13.12,4.33,3.91
0.89,0.24,-0.32,12.7,3.3,5.8
0.88,0.23,-0.33,12.82,2.93,6.23
0.88,0.22,-0.32,15.56,4.27,6.41
0.9,0.2,-0.32,17.52,5.43,7.81
0.91,0.2,-0.34,18.86,4.64,9.83
0.91,0.2,-0.32,19.71,5.0,10.93
0.91,0.17,-0.3,21.12,6.35,11.41
0.92,0.13,-0.28,21.12,5.74,12.33
0.94,0.09,-0.27,19.53,5.49,12.57
0.95,0.07,-0.25,17.58,5.43,12.63
0.96,0.07,-0.23,13.0,4.21,12.51
0.95,0.08,-0.22,6.35,1.95,11.84
0.95,0.1,-0.2,1.34,1.28,11.84
0.95,0.12,-0.19,-1.1,1.34,12.33
0.95,0.13,-0.21,-4.94,1.59,12.82
0.95,0.13,-0.21,-8.42,1.1,13.18
0.94,0.15,-0.2,-10.5,0.73,13.61
0.92,0.17,-0.19,-10.56,1.22,13.79
0.91,0.2,-0.19,-9.83,2.26,14.71
0.92,0.23,-0.2,-8.3,2.87,15.75
0.94,0.26,-0.22,-7.02,1.71,17.15
0.95,0.27,-0.23,-5.49,-0.18,17.21
0.94,0.23,-0.22,-4.46,-1.59,15.69
0.93,0.18,-0.23,-3.17,-2.26,13.98
0.94,0.16,-0.23,-2.87,-2.26,13.0
0.93,0.18,-0.23,-3.6,-2.56,11.35
0.92,0.2,-0.23,-3.6,-3.54,9.83
0.92,0.19,-0.23,-4.39,-4.03,9.22
0.92,0.2,-0.25,-4.94,-3.85,8.61
0.9,0.24,-0.25,-5.8,-3.42,7.2
0.88,0.29,-0.26,-6.16,-2.38,5.62
0.88,0.32,-0.25,-3.85,-0.85,5.19
0.87,0.32,-0.26,0.49,1.04,5.62
0.87,0.3,-0.24,4.7,2.87,6.23
0.87,0.3,-0.24,9.09,5.0,6.71
0.88,0.31,-0.23,13.06,5.55,6.96
0.88,0.31,-0.22,14.89,5.8,7.08
0.88,0.31,-0.23,15.5,7.02,7.69
0.91,0.32,-0.21,16.36,7.02,8.42
0.95,0.28,-0.18,16.11,4.64,8.61
0.95,0.22,-0.15,14.89,1.89,8.12
0.95,0.17,-0.2,10.68,-0.24,7.51
0.93,0.15,-0.23,4.82,-1.89,7.45
0.91,0.19,-0.23,1.59,-1.77,7.2
0.88,0.22,-0.22,-1.22,-1.59,6.9
0.88,0.24,-0.23,-4.52,-1.71,7.32
0.88,0.26,-0.24,-5.86,-1.04,8.24
0.88,0.25,-0.24,-5.74,-0.31,9.64
0.87,0.21,-0.23,-6.47,-0.12,11.47
0.88,0.18,-0.24,-8.79,-0.24,13.12
0.9,0.17,-0.24,-10.13,-0.98,13.98
0.89,0.19,-0.24,-12.33,-1.34,14.1
0.91,0.19,-0.21,-16.78,-0.43,14.77
0.94,0.19,-0.22,-20.45,0.49,16.72
0.96,0.19,-0.22,-19.71,-0.79,18.92
0.98,0.14,-0.23,-18.74,-0.12,20.2
0.99,0.11,-0.25,-17.33,0.24,20.14
0.98,0.11,-0.25,-15.5,0.18,18.01
0.96,0.15,-0.24,-14.89,0.18,14.71
0.94,0.22,-0.23,-12.7,0.67,11.6
0.93,0.28,-0.2,-9.34,0.18,10.19
0.9,0.31,-0.17,-4.52,-0.73,10.31
0.88,0.31,-0.18,-0.43,0.37,11.29
0.85,0.32,-0.18,2.01,2.75,12.15
0.84,0.33,-0.2,5.43,7.51,12.7
0.85,0.33,-0.21,10.25,10.74,14.65
0.87,0.33,-0.21,12.21,10.56,16.72
0.87,0.31,-0.22,12.15,9.83,18.01
0.87,0.3,-0.24,15.2,9.58,19.53
0.89,0.29,-0.25,16.36,10.07,21.12
0.9,0.3,-0.23,14.47,9.52,21.3
0.9,0.31,-0.23,12.7,8.79,21.3
0.88,0.32,-0.22,11.78,7.69,21.91
0.87,0.32,-0.2,12.15,9.09,22.16
0.88,0.33,-0.24,16.11,12.76,21.48
0.89,0.34,-0.22,19.96,15.2,20.26
0.89,0.33,-0.19,21.24,15.01,19.84
0.89,0.3,-0.17,17.94,15.44,19.23
0.9,0.3,-0.19,15.14,15.5,18.98
0.91,0.32,-0.21,11.47,12.63,19.29
0.93,0.32,-0.23,4.27,9.22,19.53
0.94,0.32,-0.21,-2.14,4.88,19.29
0.91,0.33,-0.16,-5.31,1.22,19.59
0.88,0.36,-0.19,-6.1,0.73,20.2
0.87,0.38,-0.22,-4.88,1.65,21.36
0.87,0.34,-0.25,-0.61,2.14,22.22
0.86,0.31,-0.24,5.43,2.32,21.97
0.84,0.32,-0.25,9.77,3.3,20.69
0.83,0.33,-0.28,5.37,6.04,19.53
0.83,0.34,-0.29,1.77,7.81,19.41
0.82,0.36,-0.26,2.44,7.81,19.71
0.83,0.36,-0.22,5.37,9.46,20.69
0.84,0.37,-0.23,7.26,11.6,22.71
0.87,0.38,-0.23,10.56,11.29,25.7
0.89,0.37,-0.21,15.14,7.57,27.95
0.89,0.37,-0.22,16.78,2.62,28.63
0.88,0.35,-0.19,11.23,2.01,27.34
0.89,0.34,-0.17,5.07,2.99,26.18
0.89,0.3,-0.2,2.38,7.2,25.45
0.88,0.28,-0.24,3.72,11.54,25.94
0.88,0.28,-0.28,4.52,13.06,26.49
0.85,0.27,-0.22,2.38,12.63,26.86
0.86,0.26,-0.27,3.42,15.99,28.5
0.86,0.27,-0.33,8.79,16.6,31.07
0.84,0.31,-0.28,12.02,15.2,31.37
0.84,0.31,-0.25,6.65,16.97,30.7
0.83,0.35,-0.22,5.0,15.99,31.31
0.81,0.39,-0.24,6.65,13.85,31.37
0.81,0.44,-0.25,5.92,15.93,31.07
0.81,0.48,-0.23,4.15,17.21,31.56
0.81,0.51,-0.25,2.87,18.43,32.59
0.82,0.48,-0.26,1.95,17.33,34.48
0.83,0.45,-0.28,5.37,15.99,38.82
0.82,0.42,-0.29,8.85,15.93,41.81
0.79,0.39,-0.27,7.32,15.32,43.88
0.77,0.37,-0.29,3.85,15.5,46.75
0.78,0.38,-0.26,0.49,17.09,48.77
0.78,0.41,-0.24,-2.62,18.19,50.66
0.77,0.46,-0.22,-4.76,18.8,51.57
0.77,0.49,-0.2,-2.69,17.4,52.31
0.75,0.53,-0.25,-0.37,16.78,53.47
0.74,0.55,-0.33,-3.72,16.78,53.22
0.75,0.51,-0.29,-9.89,14.4,54.57
0.74,0.47,-0.31,-12.57,15.01,57.56
0.74,0.44,-0.34,-11.05,17.4,60.12
0.73,0.41,-0.38,-6.59,15.14,62.13
0.74,0.4,-0.39,-4.88,16.36,64.51
0.73,0.38,-0.34,-5.8,18.25,66.22
0.74,0.4,-0.42,-1.95,22.4,67.32
0.75,0.46,-0.42,6.71,21.61,66.83
0.76,0.54,-0.38,14.77,19.59,64.45
0.79,0.59,-0.34,11.96,17.58,61.65
0.82,0.59,-0.3,9.52,16.3,58.96
0.83,0.57,-0.3,14.65,14.47,55.85
0.81,0.58,-0.29,20.69,14.65,52.43
0.79,0.58,-0.29,20.2,14.95,50.29
0.77,0.55,-0.3,18.25,14.16,49.93
0.74,0.53,-0.31,20.87,12.94,50.29
0.73,0.51,-0.34,23.62,11.23,51.03
0.71,0.51,-0.36,22.22,11.23,53.22
0.68,0.53,-0.38,22.77,9.16,53.77
0.65,0.58,-0.36,23.19,9.09,53.71
0.65,0.57,-0.35,15.63,14.16,54.87
0.66,0.62,-0.35,19.41,15.14,55.73
0.69,0.66,-0.3,24.48,13.37,53.77
0.71,0.66,-0.25,20.57,12.21,52.8
0.71,0.69,-0.22,24.35,8.48,51.33
0.72,0.67,-0.2,26.06,7.57,49.87
0.72,0.61,-0.24,21.55,8.3,50.23
0.7,0.63,-0.29,22.16,6.41,51.03
0.67,0.63,-0.28,20.51,3.91,52.19
0.65,0.63,-0.3,17.15,3.48,53.89
0.63,0.64,-0.29,16.3,2.44,55.24
0.6,0.66,-0.3,18.01,2.38,55.42
0.6,0.7,-0.36,18.86,3.85,54.5
0.58,0.73,-0.37,19.35,5.13,53.34
0.56,0.74,-0.31,17.64,8.67,52.86
0.57,0.74,-0.33,17.94,11.54,52.86
0.57,0.76,-0.32,22.09,12.02,51.45
0.56,0.77,-0.31,21.42,12.02,49.44
0.55,0.77,-0.24,20.2,11.17,48.1
0.54,0.76,-0.2,18.37,11.17,48.1
0.52,0.75,-0.19,16.66,11.9,48.83
0.48,0.76,-0.2,15.08,11.9,49.5
0.46,0.78,-0.23,16.78,11.54,49.68
0.44,0.8,-0.26,16.91,9.64,49.99
0.43,0.81,-0.27,11.78,10.07,51.45
0.42,0.77,-0.28,6.35,12.02,53.1
0.4,0.77,-0.28,8.97,12.27,54.32
0.39,0.76,-0.33,12.02,13.98,54.69
0.38,0.81,-0.4,15.93,15.69,54.99
0.39,0.81,-0.37,14.59,17.46,54.81
0.41,0.81,-0.34,13.61,18.43,55.36
0.42,0.82,-0.32,14.77,18.92,55.91
0.43,0.81,-0.3,13.98,19.59,55.91
0.44,0.82,-0.25,16.48,19.47,55.18
0.43,0.82,-0.23,18.43,19.35,54.57
0.43,0.84,-0.21,19.41,17.64,54.26
0.42,0.85,-0.2,18.25,15.38,54.93
0.4,0.84,-0.16,18.25,13.79,55.36
0.38,0.84,-0.18,18.19,12.94,56.21
0.36,0.83,-0.21,15.56,12.7,57.37
0.35,0.79,-0.21,12.63,13.55,59.69
0.34,0.84,-0.26,15.81,12.76,61.22
0.34,0.85,-0.26,15.2,13.06,61.89
0.34,0.84,-0.26,12.45,13.24,62.74
0.34,0.86,-0.27,13.0,12.45,63.23
0.34,0.85,-0.24,12.21,10.5,63.05
0.33,0.86,-0.23,10.93,9.52,63.35
0.31,0.86,-0.24,11.9,8.73,63.17
0.31,0.87,-0.25,11.96,7.93,62.93
0.32,0.88,-0.24,11.78,7.45,63.29
0.33,0.88,-0.23,11.23,7.08,63.9
0.34,0.89,-0.25,12.45,6.41,64.39
0.33,0.91,-0.29,14.47,6.59,63.17
0.35,0.91,-0.26,14.22,7.32,62.32
0.34,0.91,-0.24,14.89,6.59,62.26
0.32,0.91,-0.25,16.97,5.0,62.44
0.29,0.9,-0.23,17.82,3.91,62.87
0.25,0.9,-0.24,17.27,3.85,63.78
0.23,0.9,-0.23,18.31,2.87,64.58
0.21,0.9,-0.22,17.7,2.5,65.49
0.2,0.92,-0.24,15.56,2.99,66.71
0.19,0.94,-0.2,15.75,4.39,67.08
0.19,1.01,-0.19,17.46,5.31,67.08
0.27,1.12,-0.17,22.46,6.77,65.55
0.35,1.17,-0.16,29.17,7.02,61.46
0.34,1.13,-0.2,35.34,5.98,57.56
0.31,1.0,-0.24,34.67,3.42,54.14
0.26,0.93,-0.18,22.16,2.93,53.71
0.22,1.0,-0.2,9.77,2.81,52.8
0.18,1.01,-0.13,-6.77,3.48,52.12
0.13,1.09,-0.11,-10.31,1.89,50.48
0.13,1.14,-0.13,-8.61,0.06,47.3
0.12,1.1,-0.12,-10.38,-1.95,45.1
0.09,1.04,-0.13,-9.77,-4.82,42.48
0.05,1.02,-0.14,-8.42,-8.06,39.43
-0.01,1.02,-0.14,-6.84,-10.56,36.38
-0.08,1.01,-0.17,-3.78,-12.33,33.2
-0.12,1.0,-0.22,-0.98,-13.55,29.48
-0.1,0.99,-0.26,-0.06,-13.37,25.88
-0.04,0.96,-0.26,-0.12,-12.45,23.13
0.02,0.93,-0.27,1.34,-11.84,21.42
0.09,0.89,-0.28,2.62,-11.17,19.96
0.12,0.85,-0.28,1.77,-10.31,19.59
0.14,0.81,-0.25,-1.59,-8.48,20.94
0.12,0.81,-0.24,-4.88,-6.84,23.32
0.08,0.84,-0.24,-7.14,-4.64,25.51
0.04,0.89,-0.25,-8.67,-2.32,27.65
0.01,0.93,-0.25,-10.13,-0.43,29.17
-0.01,0.95,-0.25,-8.61,0.12,29.42
-0.03,0.96,-0.24,-4.82,-0.73,29.05
-0.06,0.99,-0.24,-0.12,-1.77,27.53
-0.06,1.0,-0.25,2.87,-2.62,24.78
-0.07,1.0,-0.24,4.94,-3.48,22.4
-0.09,0.99,-0.21,7.14,-3.97,20.63
-0.09,0.98,-0.18,10.74,-5.19,18.74
-0.09,0.99,-0.16,13.43,-5.25,17.58
-0.1,0.99,-0.15,13.18,-4.64,16.78
-0.11,0.99,-0.13,12.51,-3.78,15.87
-0.11,0.99,-0.11,12.94,-3.05,14.77
-0.12,1.0,-0.1,14.83,-2.2,13.55
-0.12,1.01,-0.13,15.2,-0.43,11.9
-0.11,1.02,-0.18,13.0,1.95,10.86
-0.09,1.01,-0.2,9.64,3.36,10.56
-0.06,0.99,-0.2,7.75,2.14,10.25
-0.03,0.99,-0.21,6.65,0.73,9.7
-0.01,0.99,-0.22,4.21,0.31,9.22
-0.0,0.98,-0.21,1.83,-0.43,9.03
0.0,0.98,-0.21,1.83,-1.4,9.09
0.0,0.99,-0.2,2.62,-1.71,8.61
-0.0,0.98,-0.19,2.81,-1.77,7.93
-0.01,0.97,-0.16,3.05,-2.01,6.84
-0.02,0.96,-0.14,4.52,-2.56,5.86
-0.03,0.95,-0.15,6.41,-2.38,4.7
-0.03,0.95,-0.19,8.73,-1.28,3.23
-0.04,0.97,-0.23,10.01,-0.12,2.14
-0.04,0.97,-0.24,11.41,-1.04,1.77
-0.03,0.98,-0.22,12.15,-1.53,1.53
-0.02,0.98,-0.2,11.78,-2.32,2.44
-0.01,0.95,-0.18,8.54,-3.42,3.6
-0.01,0.93,-0.17,5.31,-4.33,4.88
-0.01,0.94,-0.17,4.46,-4.21,5.68
-0.01,0.97,-0.17,3.97,-2.56,5.74
0.0,0.98,-0.16,2.81,-1.34,5.68
0.01,0.96,-0.14,2.14,-1.28,5.55
0.0,0.95,-0.14,2.99,-1.59,5.0
-0.0,0.95,-0.13,5.62,-2.2,4.64
-0.01,0.95,-0.14,6.41,-2.08,4.76
-0.02,0.96,-0.14,5.49,-2.62,4.27
-0.02,0.96,-0.15,3.97,-3.6,3.85
-0.02,0.97,-0.17,3.54,-4.27,3.54
-0.01,0.99,-0.19,3.54,-3.97,3.3
-0.01,0.99,-0.2,3.23,-3.42,2.75
0.02,0.97,-0.18,1.89,-1.95,2.56
0.04,0.96,-0.17,0.0,-1.22,2.99
0.05,0.95,-0.16,-1.34,-1.65,3.78
0.05,0.95,-0.17,-2.44,-2.14,4.58
0.05,0.95,-0.16,-2.62,-2.62,5.07
0.05,0.94,-0.17,-1.95,-3.36,5.74
0.04,0.95,-0.17,-2.38,-3.91,6.04
0.04,0.96,-0.18,-3.36,-2.62,5.92
0.04,0.97,-0.2,-4.88,-1.28,5.86
0.04,0.98,-0.21,-5.0,-1.34,5.62
0.04,0.98,-0.2,-4.88,-1.89,5.49
0.03,0.97,-0.19,-3.85,-2.44,5.49
0.03,0.97,-0.18,-2.93,-2.75,5.31
0.02,0.96,-0.18,-2.01,-2.93,5.43
0.02,0.97,-0.2,-1.71,-1.95,5.8
0.01,0.97,-0.21,-1.46,-1.16,5.8
0.01,0.98,-0.21,0.55,-1.22,5.8
0.01,0.98,-0.2,2.93,-1.65,5.92
0.0,0.97,-0.2,3.72,-1.34,6.1
-0.0,0.97,-0.2,3.42,-1.1,6.29
-0.0,0.96,-0.21,2.5,-1.4,6.47
-0.01,0.95,-0.2,1.89,-1.59,6.53
-0.01,0.95,-0.19,1.53,-1.16,6.41
-0.01,0.95,-0.19,1.04,-0.49,6.41
-0.02,0.95,-0.19,0.98,0.12,6.1
-0.02,0.96,-0.2,1.34,0.79,6.1
-0.02,0.95,-0.19,1.22,1.22,5.92
-0.02,0.95,-0.18,1.34,1.22,5.92
-0.02,0.96,-0.17,1.1,0.98,5.74
-0.02,0.97,-0.18,0.55,1.16,5.37
-0.02,0.97,-0.19,0.24,1.71,5.13
-0.02,0.97,-0.18,0.0,1.71,5.31
-0.02,0.98,-0.17,-0.18,1.59,5.49
-0.02,0.99,-0.17,-0.85,1.89,5.43
-0.02,0.98,-0.18,-1.53,2.01,5.49
-0.01,0.97,-0.18,0.06,2.08,5.31
-0.01,0.96,-0.18,2.01,1.89,5.19
-0.02,0.96,-0.18,2.69,1.4,5.0
-0.02,0.96,-0.18,2.01,0.61,4.64
-0.03,0.95,-0.18,1.1,0.43,4.03
-0.03,0.95,-0.18,0.98,0.67,3.54
-0.03,0.95,-0.19,1.34,1.04,3.6
-0.03,0.95,-0.2,1.16,2.01,3.85
-0.03,0.95,-0.2,0.06,2.56,4.15
-0.03,0.95,-0.2,-0.79,2.62,4.46
-0.02,0.96,-0.21,-0.55,2.93,4.7
-0.02,0.98,-0.21,-1.1,4.03,5.0
-0.01,0.98,-0.21,-2.14,5.07,5.0
-0.01,0.98,-0.2,-2.26,5.55,5.13
-0.0,0.98,-0.2,-0.98,5.55,5.25
-0.0,0.98,-0.2,1.53,4.76,5.19
-0.01,0.96,-0.19,3.6,4.03,4.94
-0.01,0.95,-0.18,4.27,3.48,4.82
-0.02,0.94,-0.18,4.15,3.23,4.7
-0.03,0.94,-0.17,3.48,2.56,4.21
-0.04,0.94,-0.16,1.89,2.38,4.03
-0.03,0.95,-0.17,0.31,2.69,3.97
-0.03,0.96,-0.18,-0.18,2.93,3.85
-0.02,0.96,-0.18,-0.12,2.87,3.72
-0.01,0.97,-0.17,-0.79,2.01,3.54
-0.0,0.98,-0.17,-2.01,1.53,3.54
0.01,0.98,-0.18,-2.01,1.46,3.54
0.01,0.98,-0.19,-0.31,1.59,3.66
0.01,0.99,-0.2,2.08,1.65,3.6
0.01,0.99,-0.21,4.39,1.77,3.42
0.02,0.97,-0.21,4.94,1.83,3.3
0.02,0.96,-0.21,4.88,1.59,3.23
0.01,0.94,-0.2,4.94,0.98,3.48
0.0,0.94,-0.2,4.7,0.61,3.48
-0.01,0.94,-0.2,3.85,0.61,3.48
-0.01,0.94,-0.19,2.44,1.22,3.72
-0.01,0.95,-0.19,0.98,1.65,3.97
-0.01,0.96,-0.19,0.12,1.95,3.78
-0.01,0.97,-0.19,-0.37,2.75,3.48
-0.01,0.98,-0.19,-0.67,3.42,3.36
-0.01,0.98,-0.19,-0.37,3.78,3.23
-0.01,0.98,-0.2,-0.18,4.52,2.87
-0.0,0.98,-0.21,0.18,4.7,2.99
-0.0,0.97,-0.2,0.98,4.39,3.05
-0.01,0.96,-0.2,1.71,3.85,3.05
-0.01,0.96,-0.2,1.89,3.48,2.87
-0.02,0.96,-0.2,1.16,3.72,2.38
-0.03,0.96,-0.2,0.0,3.97,2.01
-0.03,0.95,-0.2,-0.49,4.33,1.34
-0.04,0.96,-0.2,0.24,4.46,0.43
-0.05,0.96,-0.19,1.4,4.15,-0.37
-0.05,0.96,-0.19,1.28,4.46,-1.28
-0.05,0.96,-0.19,0.37,5.37,-1.71
-0.05,0.96,-0.2,-0.37,6.53,-2.32
-0.04,0.97,-0.2,-0.18,7.2,-2.75
-0.04,0.96,-0.2,0.06,7.69,-2.87
-0.04,0.95,-0.2,0.0,8.79,-3.05
-0.04,0.95,-0.2,0.06,9.28,-3.17
-0.05,0.95,-0.21,-0.12,9.4,-3.42
-0.07,0.93,-0.22,-1.46,9.16,-3.42
-0.07,0.92,-0.2,-4.09,8.3,-3.36
-0.08,0.95,-0.2,-4.58,7.2,-3.85
-0.1,0.97,-0.19,-6.59,7.26,-4.94
-0.1,0.95,-0.14,-12.33,8.97,-5.74
-0.1,0.92,-0.12,-16.24,10.74,-5.25
-0.09,0.91,-0.13,-16.91,13.67,-5.25
-0.07,0.94,-0.15,-14.16,16.54,-5.86
-0.07,0.97,-0.19,-9.09,15.75,-7.63
-0.09,1.03,-0.22,-5.62,15.56,-9.89
-0.08,1.05,-0.19,-9.83,19.9,-11.78
-0.04,1.04,-0.17,-14.1,18.62,-13.24
-0.05,1.03,-0.17,-8.85,9.16,-15.26
-0.1,1.08,-0.25,2.56,0.43,-17.46
-0.12,1.07,-0.22,3.48,0.49,-19.65
-0.12,0.98,-0.13,-3.42,1.77,-20.26
-0.12,0.91,-0.08,-4.76,2.26,-20.81
-0.11,0.94,-0.13,-2.01,5.07,-22.64
-0.07,1.0,-0.2,-1.16,6.77,-25.76
-0.04,1.03,-0.24,-5.13,4.64,-28.69
-0.01,1.02,-0.2,-8.18,2.26,-30.4
0.01,1.05,-0.19,-7.08,-1.71,-30.58
0.03,1.04,-0.21,-10.31,-4.64,-31.13
0.04,1.03,-0.2,-9.77,-8.36,-32.41
0.06,1.04,-0.23,-8.12,-12.7,-35.22
0.06,1.0,-0.24,-9.46,-15.63,-37.41
0.07,0.99,-0.29,-7.93,-18.68,-39.86
0.08,1.0,-0.34,-5.43,-22.22,-42.97
0.07,1.0,-0.32,-5.74,-20.87,-46.63
0.08,1.0,-0.32,-6.77,-18.25,-49.87
0.1,1.0,-0.35,-6.71,-17.52,-51.57
0.1,0.99,-0.34,-6.53,-17.27,-53.04
0.1,0.97,-0.32,-8.48,-15.2,-53.59
0.07,0.99,-0.28,-7.69,-14.53,-52.37
0.01,1.02,-0.25,-6.96,-13.43,-48.28
-0.07,1.06,-0.27,-3.17,-12.45,-42.48
0.0,0.99,-0.26,-2.93,-10.86,-34.91
0.1,0.91,-0.26,-5.0,-5.55,-33.75
0.2,0.88,-0.24,-4.64,-1.28,-39.98
0.26,0.87,-0.23,-2.93,-2.32,-48.58
0.29,0.87,-0.24,-1.46,-2.69,-54.14
0.3,0.86,-0.25,0.0,-4.39,-57.74
0.26,0.83,-0.27,-3.66,-3.66,-58.47
0.2,0.87,-0.3,-8.12,-2.56,-56.03
0.21,0.9,-0.26,-13.06,-1.71,-52.55
0.28,0.95,-0.24,-14.22,1.89,-50.66
0.33,0.96,-0.28,-11.47,1.95,-52.0
0.35,0.92,-0.29,-7.93,0.18,-54.81
0.35,0.86,-0.31,-6.96,0.0,-56.15
0.36,0.84,-0.3,-6.77,-0.55,-56.4
0.38,0.85,-0.3,-9.16,-1.1,-56.64
0.4,0.87,-0.3,-11.23,-1.46,-57.92
0.4,0.88,-0.28,-12.51,-0.61,-59.57
0.41,0.89,-0.28,-9.52,-2.01,-61.1
0.4,0.88,-0.3,-6.29,-3.23,-62.19
0.41,0.85,-0.3,-6.1,-1.77,-62.38
0.44,0.82,-0.29,-5.98,-0.73,-62.68
0.46,0.81,-0.28,-7.08,0.18,-62.56
0.47,0.81,-0.29,-8.54,1.28,-62.62
0.5,0.81,-0.29,-10.56,1.95,-62.68
0.52,0.8,-0.27,-13.67,1.83,-62.99
0.54,0.8,-0.28,-14.89,1.04,-63.23
0.55,0.81,-0.28,-14.77,-0.06,-63.78
0.56,0.79,-0.27,-17.94,-0.61,-63.96
0.57,0.8,-0.27,-18.74,-2.69,-64.27
0.57,0.79,-0.26,-20.02,-4.64,-64.27
0.58,0.78,-0.27,-20.32,-5.62,-64.03
0.58,0.76,-0.28,-19.71,-7.26,-64.03
0.59,0.75,-0.28,-19.96,-8.06,-64.03
0.59,0.75,-0.3,-19.29,-8.85,-64.88
0.59,0.74,-0.3,-19.17,-10.38,-65.37
0.59,0.72,-0.28,-18.07,-11.17,-65.06
0.59,0.72,-0.28,-15.75,-12.7,-65.12
0.59,0.69,-0.29,-14.95,-14.1,-64.58
0.6,0.68,-0.31,-14.83,-14.53,-64.39
0.62,0.67,-0.34,-15.99,-14.28,-64.51
0.63,0.67,-0.34,-19.35,-14.53,-64.88
0.63,0.67,-0.35,-21.67,-16.42,-65.12
0.64,0.67,-0.33,-21.18,-17.27,-65.43
0.64,0.66,-0.33,-19.71,-17.15,-66.22
0.66,0.67,-0.36,-17.7,-18.86,-66.22
0.66,0.64,-0.33,-17.88,-20.39,-66.35
0.65,0.64,-0.34,-15.69,-21.42,-67.26
0.65,0.64,-0.34,-13.12,-22.64,-67.93
0.67,0.62,-0.34,-12.88,-23.13,-67.75
0.67,0.61,-0.33,-12.21,-23.32,-67.5
0.68,0.58,-0.35,-12.57,-22.03,-67.26
0.7,0.57,-0.34,-11.66,-21.61,-67.5
0.71,0.58,-0.34,-11.66,-22.46,-67.75
0.71,0.6,-0.35,-15.08,-24.35,-67.69
0.7,0.58,-0.29,-18.07,-27.04,-67.63
0.7,0.59,-0.3,-14.95,-27.16,-67.5
0.72,0.6,-0.32,-15.38,-27.47,-67.5
0.73,0.58,-0.32,-18.31,-30.58,-67.57
0.73,0.54,-0.28,-19.29,-33.75,-67.57
0.73,0.51,-0.27,-19.29,-34.0,-67.14
0.74,0.49,-0.29,-18.13,-32.59,-66.35
0.74,0.47,-0.28,-17.33,-31.01,-64.94
0.75,0.46,-0.33,-18.31,-29.91,-64.51
0.75,0.44,-0.32,-21.48,-30.82,-63.9
0.75,0.44,-0.3,-21.79,-33.45,-63.72
0.76,0.43,-0.27,-22.64,-35.34,-62.87
0.78,0.41,-0.29,-23.19,-35.16,-61.1
0.8,0.4,-0.3,-20.63,-34.0,-60.18
0.83,0.37,-0.31,-18.07,-32.53,-60.61
0.85,0.35,-0.27,-17.15,-32.29,-61.46
0.86,0.37,-0.3,-16.91,-32.9,-62.07
0.86,0.38,-0.32,-16.91,-33.75,-62.32
0.86,0.38,-0.25,-13.24,-34.79,-62.62
0.85,0.37,-0.24,-8.97,-33.14,-62.5
0.83,0.37,-0.22,-7.75,-32.65,-62.07
0.81,0.35,-0.21,-10.31,-30.52,-62.87
0.82,0.32,-0.21,-11.41,-29.48,-63.29
0.83,0.32,-0.19,-7.75,-30.21,-62.81
0.83,0.3,-0.18,-1.16,-28.99,-62.32
0.86,0.31,-0.18,2.56,-24.66,-61.95
0.86,0.33,-0.16,2.81,-23.07,-61.95
0.83,0.34,-0.13,2.75,-23.56,-61.52
0.82,0.31,-0.13,6.1,-23.38,-60.3
0.84,0.25,-0.11,11.35,-19.78,-56.82
0.85,0.24,-0.12,14.89,-15.5,-54.02
0.84,0.26,-0.14,15.5,-13.98,-52.8
0.82,0.27,-0.13,12.15,-12.7,-50.78
0.81,0.32,-0.14,9.95,-9.34,-47.55
0.81,0.39,-0.15,7.51,-7.81,-45.1
0.81,0.42,-0.16,4.94,-7.2,-42.48
0.81,0.44,-0.18,4.46,-4.94,-38.7
0.79,0.48,-0.2,4.82,-3.6,-33.45
0.79,0.52,-0.21,7.45,-0.98,-28.2
0.81,0.53,-0.19,5.8,2.14,-23.44
0.83,0.51,-0.18,4.03,2.08,-18.8
0.82,0.47,-0.19,7.51,-0.24,-14.34
0.83,0.41,-0.22,12.94,-0.12,-11.47
0.85,0.34,-0.25,15.69,1.04,-8.79
0.86,0.27,-0.25,16.97,0.79,-6.77
0.88,0.2,-0.24,15.87,1.16,-5.49
0.9,0.15,-0.24,13.92,1.77,-3.72
0.91,0.14,-0.2,13.98,2.99,-3.23
0.93,0.13,-0.18,11.23,5.13,-3.17
0.95,0.14,-0.18,8.91,4.21,-2.44
0.96,0.13,-0.15,5.62,2.75,-1.95
0.98,0.1,-0.13,1.46,2.32,-1.83
0.99,0.09,-0.13,-1.4,1.22,-0.79
0.99,0.09,-0.14,-4.82,-0.06,0.0
0.97,0.11,-0.15,-8.3,-2.01,-0.06
0.95,0.13,-0.14,-8.85,-3.23,-0.24
0.95,0.14,-0.15,-10.62,-1.22,0.18
0.96,0.13,-0.16,-12.08,-0.49,1.28
0.96,0.15,-0.19,-9.52,-1.4,1.77
0.96,0.17,-0.18,-6.77,-1.22,0.49
0.95,0.19,-0.18,-3.72,-1.46,-1.59
0.94,0.17,-0.17,-0.98,-2.08,-3.11
0.94,0.15,-0.17,-0.43,-1.04,-3.48
0.94,0.15,-0.19,0.0,0.43,-3.48
0.93,0.16,-0.21,0.06,0.24,-4.03
0.92,0.18,-0.21,0.92,0.24,-4.82
0.92,0.19,-0.19,4.15,1.4,-4.88
0.92,0.2,-0.2,6.47,2.38,-4.27
0.92,0.2,-0.19,7.51,2.69,-3.42
0.92,0.23,-0.19,9.52,4.15,-3.23
0.93,0.24,-0.19,10.68,4.58,-3.17
0.94,0.23,-0.18,9.83,3.05,-2.75
0.93,0.21,-0.18,9.34,1.83,-2.38
0.92,0.19,-0.17,9.09,2.62,-1.77
0.93,0.17,-0.18,8.73,2.69,-0.18
0.93,0.17,-0.19,8.36,2.38,1.59
0.94,0.18,-0.2,6.9,4.58,2.26
0.94,0.18,-0.21,5.86,4.82,2.38
0.92,0.18,-0.21,3.6,2.69,2.14
0.92,0.18,-0.2,2.01,1.59,1.65
0.91,0.19,-0.19,1.77,1.53,1.53
0.91,0.2,-0.2,1.04,1.04,2.26
0.91,0.2,-0.2,1.34,1.22,3.97
0.91,0.23,-0.19,3.66,2.69,4.94
0.92,0.21,-0.19,4.82,4.64,5.98
0.93,0.2,-0.2,6.71,5.43,7.2
0.94,0.19,-0.19,7.26,5.55,7.26
0.94,0.18,-0.19,8.36,4.88,6.47
0.93,0.18,-0.19,8.54,4.21,5.8
0.93,0.18,-0.19,7.87,4.46,4.88
0.94,0.17,-0.18,7.69,4.88,4.7
0.95,0.15,-0.18,6.84,4.94,4.88
0.95,0.16,-0.2,6.77,4.09,4.94
0.94,0.17,-0.19,6.59,3.36,4.03
0.94,0.18,-0.17,7.08,2.56,3.05
0.93,0.18,-0.16,7.63,1.34,2.5
0.94,0.17,-0.16,7.2,0.43,2.38
0.93,0.17,-0.19,6.77,0.79,2.62
0.93,0.19,-0.18,6.71,1.71,3.11
0.93,0.19,-0.18,5.0,3.11,4.27
0.93,0.18,-0.21,3.72,3.54,5.49
0.93,0.18,-0.21,3.48,2.93,5.86
0.93,0.17,-0.2,4.82,3.23,5.68
0.92,0.18,-0.2,5.68,3.78,5.49
0.93,0.17,-0.2,5.49,3.85,5.74
0.94,0.17,-0.2,5.62,3.54,6.23
0.93,0.17,-0.19,5.68,3.05,6.29
0.92,0.19,-0.17,5.98,3.17,6.53
0.93,0.19,-0.17,5.07,3.11,8.06
0.92,0.2,-0.18,4.82,2.87,9.4
0.91,0.19,-0.18,3.91,3.6,10.38
0.91,0.19,-0.18,2.44,4.7,12.08
0.91,0.19,-0.19,2.26,5.86,13.98
0.91,0.21,-0.21,2.44,7.39,15.81
0.9,0.22,-0.22,2.87,8.61,16.97
0.9,0.21,-0.21,5.31,10.44,17.52
0.91,0.2,-0.19,7.75,11.17,18.07
0.92,0.2,-0.2,11.47,11.17,18.43
0.92,0.2,-0.2,12.82,10.38,18.07
0.93,0.19,-0.17,11.54,9.4,17.7
0.92,0.17,-0.18,9.7,8.36,18.49
0.92,0.17,-0.2,8.97,8.12,20.08
0.92,0.18,-0.19,6.71,9.22,21.55
0.93,0.18,-0.19,5.25,10.8,23.25
0.91,0.2,-0.21,4.64,11.54,24.6
0.9,0.21,-0.23,4.58,12.15,25.39
0.91,0.2,-0.23,6.9,12.15,25.94
0.91,0.21,-0.2,10.68,11.6,26.06
0.92,0.21,-0.17,11.17,12.33,25.94
0.93,0.23,-0.18,9.7,11.6,26.43
0.92,0.25,-0.2,8.61,11.78,26.31
0.92,0.25,-0.19,8.54,12.02,26.31
0.91,0.26,-0.2,9.7,12.82,25.7
0.88,0.29,-0.19,11.17,15.38,25.76
0.88,0.3,-0.23,11.72,16.05,26.86
0.88,0.29,-0.22,13.98,12.76,28.32
0.86,0.28,-0.18,19.59,12.21,29.6
0.86,0.3,-0.18,21.36,17.64,31.56
0.87,0.29,-0.15,19.53,22.34,34.18
0.88,0.32,-0.22,18.98,26.55,37.17
0.88,0.31,-0.21,16.72,25.7,38.88
0.89,0.27,-0.22,15.81,25.63,39.67
0.9,0.29,-0.26,21.0,21.36,40.04
0.9,0.31,-0.21,19.23,17.27,39.61
0.88,0.33,-0.17,13.37,15.14,39.43
0.87,0.35,-0.17,8.3,17.58,40.22
0.86,0.35,-0.18,4.27,19.41,42.3
0.87,0.32,-0.19,0.0,19.04,45.84
0.85,0.33,-0.21,-2.32,15.63,48.03
0.84,0.31,-0.26,-8.06,18.07,47.73
0.84,0.31,-0.33,-9.7,19.96,48.71
0.84,0.31,-0.3,-1.95,17.4,50.54
0.83,0.35,-0.26,4.09,14.89,52.19
0.82,0.38,-0.21,-2.08,16.17,53.34
0.82,0.39,-0.25,-10.19,18.68,54.81
0.83,0.38,-0.26,-13.73,18.13,56.15
0.84,0.36,-0.25,-14.59,18.92,57.13
0.83,0.39,-0.26,-18.62,21.24,56.76
0.83,0.4,-0.31,-25.76,22.03,55.3
0.81,0.44,-0.33,-24.48,18.49,55.42
0.81,0.45,-0.3,-19.96,16.11,54.87
0.81,0.47,-0.37,-14.59,14.59,54.75
0.81,0.49,-0.35,-5.86,11.72,54.32
0.79,0.5,-0.24,4.46,8.61,52.92
0.79,0.47,-0.26,3.85,11.78,52.25
0.79,0.43,-0.33,-0.18,16.24,52.86
0.79,0.42,-0.4,0.67,17.76,52.61
0.76,0.48,-0.37,4.58,18.55,51.03
0.72,0.52,-0.35,2.87,22.46,47.67
0.74,0.53,-0.37,-0.67,25.7,46.33
0.77,0.52,-0.37,1.71,22.46,46.94
0.77,0.56,-0.38,8.54,19.47,46.39
0.76,0.54,-0.33,8.97,15.69,44.07
0.72,0.53,-0.29,9.58,13.49,43.33
0.71,0.55,-0.27,15.56,13.43,43.27
0.71,0.57,-0.25,19.17,13.31,44.92
0.69,0.6,-0.29,18.92,14.53,47.0
0.63,0.68,-0.29,19.59,15.14,46.81
0.61,0.67,-0.42,14.04,16.91,46.14
0.64,0.58,-0.3,9.34,15.01,48.1
0.64,0.51,-0.2,11.05,14.71,51.21
0.65,0.5,-0.27,13.67,18.92,54.69
0.63,0.57,-0.35,16.97,20.57,56.76
0.6,0.56,-0.36,13.37,18.43,57.01
0.59,0.59,-0.28,13.85,14.34,58.65
0.59,0.65,-0.3,12.33,11.11,59.81
0.6,0.7,-0.31,8.79,9.58,60.79
0.61,0.73,-0.3,9.16,6.29,60.79
0.62,0.72,-0.25,10.13,6.23,61.28
0.63,0.66,-0.24,8.97,7.63,62.5
0.62,0.61,-0.29,8.3,9.03,63.35
0.6,0.61,-0.34,13.61,9.7,63.54
0.6,0.62,-0.34,21.18,8.06,63.11
0.59,0.6,-0.33,19.41,8.3,63.78
0.59,0.59,-0.35,15.5,10.8,64.76
0.6,0.65,-0.41,13.06,12.63,65.43
0.6,0.69,-0.36,10.56,10.56,64.51
0.59,0.73,-0.32,9.28,8.42,63.48
0.6,0.74,-0.33,9.34,9.95,63.35
0.61,0.73,-0.33,13.06,9.77,62.01
0.61,0.7,-0.31,15.38,10.62,60.67
0.6,0.68,-0.29,14.71,12.57,60.06
0.59,0.69,-0.34,13.98,13.85,59.81
0.58,0.69,-0.34,15.38,13.43,58.96
0.6,0.66,-0.37,15.38,12.76,59.2
0.58,0.71,-0.4,18.25,12.33,58.65
0.6,0.67,-0.42,14.1,12.82,59.45
0.61,0.69,-0.43,11.23,11.78,58.53
0.62,0.72,-0.42,10.31,10.8,57.19
0.64,0.74,-0.4,7.26,11.66,56.34
0.64,0.76,-0.39,6.35,13.37,55.05
0.64,0.77,-0.37,9.95,14.16,52.25
0.64,0.77,-0.36,11.72,15.14,49.62
0.62,0.78,-0.34,15.99,16.6,47.3
0.62,0.79,-0.31,20.26,16.05,45.1
0.59,0.78,-0.25,21.73,15.38,42.85
0.57,0.77,-0.25,23.5,16.24,41.81
0.56,0.79,-0.26,26.25,14.83,40.65
0.55,0.77,-0.26,21.18,13.43,40.22
0.55,0.77,-0.24,15.63,11.9,41.69
0.56,0.79,-0.24,13.31,9.77,43.15
0.55,0.78,-0.27,8.06,8.85,43.58
0.54,0.8,-0.28,9.95,6.96,43.03
0.54,0.8,-0.29,11.05,5.0,42.48
0.52,0.81,-0.31,10.19,3.66,41.5
0.51,0.83,-0.31,9.28,2.99,40.22
0.49,0.84,-0.33,9.16,3.11,39.43
0.46,0.84,-0.34,10.19,3.85,38.27
0.45,0.84,-0.33,11.54,4.52,37.48
0.44,0.84,-0.29,11.54,4.64,36.8
0.42,0.83,-0.26,11.29,4.64,36.8
0.4,0.83,-0.28,13.24,3.85,36.19
0.39,0.85,-0.29,14.83,2.75,35.95
0.39,0.84,-0.26,12.57,3.23,36.68
0.39,0.85,-0.26,10.93,2.81,37.23
0.39,0.85,-0.27,8.54,2.32,37.96
0.38,0.85,-0.28,7.69,1.77,38.39
0.38,0.85,-0.27,8.0,1.53,38.51
0.36,0.84,-0.24,8.54,2.44,39.0
0.34,0.84,-0.26,9.16,4.33,39.37
0.31,0.85,-0.28,9.64,4.03,39.18
0.3,0.85,-0.23,10.25,5.43,39.31
0.28,0.85,-0.23,9.09,6.41,40.34
0.27,0.87,-0.24,11.23,6.53,41.44
0.26,0.88,-0.25,14.77,5.8,42.42
0.27,0.86,-0.25,14.28,4.52,43.46
0.27,0.85,-0.23,14.28,4.46,44.19
0.27,0.85,-0.23,15.2,4.64,44.86
0.26,0.87,-0.25,15.63,3.23,45.23
