0.87,-0.45,0.12,10.44,3.23,2.99
0.87,-0.47,0.1,11.47,2.69,3.54
0.87,-0.45,0.12,9.89,0.79,3.85
0.88,-0.43,0.16,7.93,-0.43,4.33
0.9,-0.41,0.17,7.87,-0.12,5.19
0.9,-0.4,0.17,9.16,0.49,5.62
0.9,-0.42,0.14,11.66,1.53,6.23
0.89,-0.43,0.12,12.51,1.89,7.51
0.88,-0.4,0.15,10.5,1.28,7.81
0.88,-0.39,0.15,8.91,1.28,8.0
0.89,-0.4,0.13,11.17,0.73,8.61
0.88,-0.42,0.13,12.21,-0.79,8.67
0.88,-0.43,0.14,10.07,-1.95,8.36
0.89,-0.41,0.14,9.52,-1.59,8.54
0.9,-0.41,0.14,11.66,-1.89,9.03
0.9,-0.41,0.12,11.9,-2.44,9.16
0.9,-0.39,0.12,10.38,-1.77,8.54
0.9,-0.38,0.13,11.11,-0.55,8.12
0.9,-0.37,0.14,10.93,0.18,7.87
0.91,-0.38,0.15,8.42,1.1,7.08
0.91,-0.38,0.15,5.68,2.69,6.35
0.91,-0.38,0.14,1.95,4.27,5.31
0.9,-0.4,0.14,-0.98,5.0,3.97
0.9,-0.43,0.15,-2.56,5.31,3.3
0.89,-0.45,0.15,-3.36,6.1,3.3
0.88,-0.45,0.14,-4.09,6.53,2.75
0.88,-0.46,0.13,-3.6,6.04,2.32
0.89,-0.44,0.13,-2.44,5.25,2.38
0.9,-0.44,0.13,-1.83,4.39,2.01
0.89,-0.44,0.13,-0.67,3.78,1.34
0.88,-0.43,0.15,0.92,3.85,1.22
0.89,-0.43,0.16,1.04,4.27,1.04
0.89,-0.43,0.16,0.67,4.7,0.73
0.88,-0.42,0.16,2.08,5.13,0.18
0.88,-0.43,0.15,3.78,4.82,0.12
0.89,-0.43,0.14,5.19,4.03,0.37
0.89,-0.43,0.13,5.8,2.93,0.18
0.89,-0.42,0.14,6.41,1.71,-0.12
0.9,-0.41,0.14,6.59,1.34,-0.12
0.9,-0.39,0.15,6.9,0.55,-0.37
0.9,-0.39,0.14,6.84,-0.12,-0.31
0.9,-0.4,0.13,5.68,0.61,0.18
0.9,-0.38,0.15,3.6,1.1,0.55
0.91,-0.37,0.16,2.08,1.83,0.49
0.9,-0.37,0.16,2.38,2.2,0.24
0.9,-0.37,0.15,3.85,1.83,0.0
0.9,-0.39,0.15,4.64,1.53,-0.18
0.89,-0.41,0.15,3.78,1.1,-0.06
0.89,-0.4,0.16,2.99,1.16,0.24
0.9,-0.39,0.16,3.05,1.04,0.0
0.9,-0.4,0.15,4.88,0.18,-0.31
0.89,-0.4,0.15,5.74,-0.61,-0.49
0.9,-0.4,0.14,4.82,-0.37,-0.49
0.9,-0.39,0.14,2.75,1.22,-0.55
0.91,-0.39,0.14,2.32,2.69,-0.67
0.9,-0.4,0.14,2.93,3.66,-0.61
0.89,-0.4,0.16,3.48,4.03,-0.24
0.89,-0.41,0.15,4.88,4.58,0.43
0.88,-0.43,0.15,5.86,4.46,1.04
0.88,-0.43,0.14,5.8,4.33,1.22
0.89,-0.41,0.14,5.0,3.72,0.98
0.9,-0.41,0.13,4.46,2.75,0.55
0.9,-0.43,0.14,4.39,2.75,0.37
0.9,-0.44,0.14,3.91,3.6,0.43
0.9,-0.43,0.14,3.54,4.46,0.18
0.9,-0.43,0.13,4.58,4.88,-0.06
0.89,-0.43,0.11,6.1,4.82,0.0
0.88,-0.44,0.12,6.9,4.09,0.37
0.88,-0.43,0.12,7.14,3.66,0.49
0.88,-0.42,0.13,6.16,2.62,0.12
0.89,-0.41,0.14,6.04,1.34,0.61
0.89,-0.4,0.15,5.74,1.34,0.85
0.9,-0.4,0.15,4.88,1.77,1.04
0.9,-0.4,0.15,4.21,2.26,1.16
0.89,-0.41,0.14,4.09,2.93,1.46
0.89,-0.41,0.15,4.46,3.05,1.59
0.89,-0.42,0.15,5.19,2.62,1.53
0.89,-0.42,0.15,5.49,2.5,1.28
0.89,-0.42,0.14,5.31,2.14,0.98
0.88,-0.42,0.13,5.8,1.59,0.85
0.89,-0.43,0.15,5.62,1.22,0.98
0.9,-0.43,0.15,5.43,2.32,1.4
0.9,-0.42,0.14,4.94,3.17,1.71
0.89,-0.41,0.13,5.92,2.62,1.59
0.89,-0.41,0.14,7.45,1.89,1.95
0.89,-0.41,0.15,8.36,1.28,2.2
0.9,-0.4,0.15,7.75,1.1,2.14
0.91,-0.4,0.15,6.1,0.61,1.77
0.9,-0.39,0.15,4.03,1.28,1.46
0.9,-0.4,0.15,3.6,2.62,1.22
0.9,-0.42,0.14,4.46,3.91,1.65
0.89,-0.42,0.13,4.82,4.15,2.14
0.89,-0.42,0.14,3.97,4.33,2.14
0.89,-0.42,0.14,3.54,4.27,1.89
0.89,-0.42,0.15,4.21,3.48,1.77
0.89,-0.41,0.14,4.52,3.17,1.65
0.89,-0.41,0.15,4.27,2.5,1.53
0.9,-0.4,0.14,3.66,2.56,1.65
0.9,-0.4,0.16,4.15,2.62,1.53
0.89,-0.4,0.14,5.98,3.05,1.65
0.89,-0.41,0.14,7.26,2.5,2.14
0.89,-0.4,0.14,7.02,2.32,2.69
0.89,-0.38,0.15,6.41,2.08,2.69
0.9,-0.37,0.16,5.19,1.95,2.44
0.9,-0.37,0.15,4.33,2.75,2.26
0.91,-0.37,0.14,3.97,3.23,2.38
0.91,-0.37,0.15,3.05,3.05,2.69
0.9,-0.39,0.16,3.05,3.6,2.87
0.89,-0.4,0.16,3.17,5.0,3.66
0.89,-0.4,0.15,3.11,5.62,4.27
0.9,-0.42,0.16,2.08,5.0,4.39
0.89,-0.43,0.17,2.14,5.37,4.64
0.87,-0.44,0.16,2.87,6.16,4.82
0.87,-0.45,0.16,4.03,6.16,4.88
0.87,-0.43,0.16,5.8,5.07,4.94
0.88,-0.41,0.15,7.93,3.91,4.76
0.9,-0.41,0.14,9.64,2.14,4.64
0.9,-0.41,0.14,10.19,0.98,4.88
0.9,-0.4,0.15,8.85,0.92,4.88
0.9,-0.39,0.15,7.51,1.71,4.7
0.91,-0.39,0.14,5.98,3.17,4.58
0.91,-0.4,0.15,5.62,4.15,4.88
0.9,-0.39,0.16,6.29,5.55,5.37
0.9,-0.39,0.15,5.92,6.41,5.13
0.9,-0.39,0.14,5.07,6.23,5.19
0.9,-0.39,0.14,4.33,5.19,5.74
0.9,-0.38,0.15,2.62,4.52,5.98
0.9,-0.36,0.16,1.46,4.27,5.68
0.9,-0.36,0.15,1.34,4.15,5.55
0.91,-0.36,0.14,0.98,3.42,5.8
0.91,-0.37,0.14,0.18,3.72,6.29
0.92,-0.39,0.14,-0.37,4.76,6.9
0.91,-0.4,0.13,0.18,5.86,7.51
0.9,-0.4,0.14,1.65,5.43,8.06
0.89,-0.4,0.14,2.62,5.49,8.73
0.89,-0.4,0.14,1.95,6.1,9.16
0.9,-0.38,0.15,0.49,5.86,9.28
0.89,-0.38,0.15,-0.55,6.1,8.85
0.89,-0.37,0.15,-1.1,6.29,8.73
0.9,-0.37,0.14,-1.53,6.41,8.79
0.9,-0.38,0.15,-1.89,5.92,8.91
0.9,-0.38,0.15,-1.65,6.1,9.46
0.9,-0.38,0.14,-2.44,6.65,9.77
0.89,-0.39,0.13,-1.46,6.47,10.5
0.88,-0.4,0.13,-0.24,6.16,11.6
0.9,-0.39,0.14,-1.34,5.62,12.63
0.91,-0.37,0.14,-2.2,5.19,13.0
0.92,-0.36,0.13,-0.12,3.85,13.0
0.91,-0.35,0.13,2.56,2.75,13.12
0.91,-0.36,0.12,3.78,3.72,13.49
0.9,-0.37,0.11,2.93,5.55,13.98
0.89,-0.38,0.11,1.59,6.16,14.71
0.88,-0.4,0.13,0.43,6.35,16.17
0.9,-0.39,0.12,-0.98,6.96,17.58
0.91,-0.41,0.11,-1.53,6.53,18.74
0.91,-0.44,0.1,-0.98,5.25,19.41
0.92,-0.45,0.13,-0.79,4.58,19.84
0.92,-0.45,0.15,-0.12,3.54,19.41
0.91,-0.44,0.12,0.31,3.54,18.13
0.9,-0.43,0.12,-0.67,3.78,16.48
0.89,-0.41,0.15,-0.24,3.17,16.11
0.89,-0.4,0.14,0.55,2.75,16.17
0.9,-0.38,0.15,-0.55,1.77,15.5
0.92,-0.36,0.13,-0.98,1.28,14.95
0.92,-0.35,0.14,-1.34,1.4,14.89
0.91,-0.34,0.15,-2.93,1.77,14.95
0.92,-0.3,0.14,-6.41,1.53,14.83
0.95,-0.27,0.14,-9.34,0.24,14.34
0.97,-0.28,0.13,-10.5,0.61,13.24
0.95,-0.3,0.14,-10.62,3.3,12.57
0.93,-0.31,0.16,-10.99,5.62,13.12
0.91,-0.3,0.15,-13.06,8.06,13.73
0.91,-0.27,0.16,-14.59,9.28,14.34
0.91,-0.25,0.16,-13.61,10.07,15.08
0.9,-0.25,0.13,-11.72,10.13,16.42
0.9,-0.24,0.12,-12.33,9.7,17.52
0.91,-0.21,0.11,-15.56,7.45,18.68
0.96,-0.19,0.09,-17.15,3.42,19.47
0.99,-0.19,0.15,-16.11,-1.4,20.26
0.99,-0.2,0.17,-11.9,-2.26,21.0
0.96,-0.22,0.18,-7.2,-0.79,21.61
0.94,-0.2,0.16,-6.96,2.38,22.4
0.91,-0.23,0.16,-6.1,5.13,23.74
0.85,-0.29,0.19,1.1,8.18,27.16
0.82,-0.31,0.22,4.82,12.02,31.86
0.8,-0.3,0.21,5.25,11.17,35.34
0.82,-0.25,0.19,3.36,5.8,36.99
0.89,-0.15,0.19,-0.92,0.12,37.05
0.94,-0.06,0.2,-3.72,-4.76,35.83
0.99,-0.02,0.21,-4.7,-6.9,34.36
1.02,-0.02,0.16,-6.53,-5.25,32.96
1.0,-0.04,0.09,-7.81,-3.72,31.25
0.99,-0.09,0.11,-8.73,-2.87,30.94
0.97,-0.13,0.13,-6.65,-1.83,32.29
0.97,-0.14,0.13,-4.76,-2.38,34.18
0.95,-0.16,0.15,-3.66,-2.38,35.58
0.95,-0.14,0.13,-5.92,2.5,37.23
0.94,-0.11,0.15,-10.07,6.77,38.39
0.96,-0.01,0.27,-13.61,2.93,40.34
0.95,0.02,0.25,-5.25,-3.05,43.03
0.9,-0.03,0.13,9.16,-1.59,45.59
0.91,-0.01,0.09,9.95,4.09,47.85
0.95,0.05,0.12,-3.36,4.09,48.58
0.94,0.05,0.16,-14.28,-0.24,48.58
0.88,-0.04,0.27,-14.4,0.49,49.32
0.84,-0.13,0.29,-8.73,9.4,52.31
0.8,-0.23,0.24,0.37,14.16,56.03
0.81,-0.23,0.21,3.66,3.91,62.01
0.9,-0.14,0.26,3.48,-10.13,65.73
1.0,-0.09,0.2,7.51,-19.35,66.77
1.05,-0.08,0.15,11.35,-19.65,64.45
1.09,-0.04,0.08,3.54,-11.6,59.08
1.07,-0.01,0.04,-6.35,-5.98,53.22
1.02,0.05,0.09,-10.8,-2.08,49.99
0.95,0.04,0.13,-12.21,-0.73,52.12
0.86,-0.02,0.2,-6.16,0.61,57.01
0.86,0.02,0.27,-10.44,5.74,60.79
0.87,0.06,0.35,-18.55,8.54,61.34
0.85,0.01,0.28,-13.43,7.39,62.26
0.86,-0.04,0.26,-4.58,3.11,64.94
0.91,-0.06,0.21,-5.43,0.31,66.1
1.0,-0.02,0.2,-14.16,-0.18,62.93
1.03,-0.03,0.18,-16.05,-2.56,58.41
1.04,-0.08,0.15,-15.69,-3.91,55.91
1.06,-0.06,0.2,-17.7,-3.11,55.36
1.07,-0.03,0.22,-17.21,-0.31,54.81
1.07,-0.01,0.15,-13.98,4.39,54.99
1.05,-0.02,0.16,-11.96,7.2,56.03
1.04,-0.01,0.2,-10.38,11.9,57.01
1.03,0.01,0.21,-11.17,15.56,57.62
0.98,-0.01,0.22,-8.18,13.67,59.02
0.97,0.01,0.27,-7.51,11.54,60.55
1.0,0.07,0.31,-10.8,10.62,60.0
1.0,0.07,0.26,-10.99,8.24,58.23
1.0,0.08,0.26,-11.66,7.14,56.4
1.01,0.12,0.26,-14.28,10.07,53.16
1.01,0.14,0.25,-14.83,15.01,49.62
1.0,0.16,0.2,-16.05,20.87,46.88
0.97,0.15,0.16,-15.87,23.01,45.78
0.97,0.17,0.14,-15.63,23.07,45.78
0.95,0.19,0.1,-13.55,22.77,46.88
0.92,0.22,0.08,-10.56,22.71,48.71
0.89,0.28,0.09,-10.07,23.93,50.78
0.86,0.31,0.07,-8.73,23.07,53.1
0.82,0.33,0.08,-6.47,20.51,56.58
0.8,0.36,0.1,-5.55,19.04,59.39
0.78,0.38,0.12,-3.48,18.31,60.18
0.77,0.37,0.13,0.79,14.47,61.65
0.79,0.4,0.15,-0.67,11.41,61.95
0.84,0.45,0.19,-5.25,7.63,60.55
0.85,0.46,0.17,-6.96,3.85,59.69
0.85,0.46,0.14,-7.51,5.62,60.24
0.84,0.47,0.11,-10.5,10.86,60.36
0.82,0.5,0.14,-12.33,15.99,59.81
0.83,0.55,0.15,-13.79,20.39,59.57
0.79,0.53,0.1,-10.86,22.09,60.24
0.74,0.5,0.1,-6.29,23.99,61.58
0.77,0.53,0.12,-7.14,27.89,62.38
0.78,0.54,0.14,-7.26,26.31,63.11
0.77,0.53,0.1,-4.7,22.34,65.0
0.79,0.53,0.08,-5.0,19.9,66.59
0.8,0.53,0.08,-6.16,17.7,66.77
0.82,0.52,0.1,-8.06,16.42,66.71
0.84,0.53,0.14,-6.1,16.3,66.41
0.93,0.53,0.04,-0.24,15.2,64.7
1.0,0.56,0.03,-6.71,15.26,60.91
1.08,0.53,0.05,-11.29,21.42,55.73
1.13,0.51,0.09,-10.13,27.95,51.33
1.1,0.46,0.14,-7.69,31.8,48.65
1.02,0.37,0.13,-0.31,34.67,46.81
0.97,0.36,0.15,7.32,37.48,45.78
0.92,0.37,0.09,11.54,38.27,44.25
0.9,0.45,0.04,8.54,37.05,41.2
0.9,0.56,0.06,2.56,33.08,35.95
0.9,0.6,0.08,1.89,27.95,33.02
0.91,0.57,0.09,6.9,23.86,33.33
0.95,0.56,0.1,9.77,20.32,33.08
1.0,0.57,0.08,9.4,16.72,33.57
1.0,0.56,0.09,9.58,15.63,32.1
0.97,0.56,0.08,10.01,17.88,29.85
0.94,0.58,0.08,5.98,20.63,28.75
0.91,0.6,0.08,-0.18,22.83,26.61
0.89,0.62,0.07,-5.31,23.07,24.11
0.88,0.61,0.03,-9.09,22.16,22.58
0.87,0.59,0.03,-10.62,21.85,21.91
0.84,0.56,0.03,-11.9,21.79,22.52
0.8,0.55,0.03,-15.2,19.29,22.64
0.77,0.54,0.03,-20.26,15.75,22.83
0.75,0.55,0.02,-24.6,12.57,23.13
0.76,0.56,0.02,-27.04,8.73,23.5
0.77,0.58,0.0,-28.5,4.03,21.79
0.77,0.61,-0.01,-29.3,1.04,19.41
0.78,0.62,-0.03,-28.32,-1.22,18.43
0.79,0.63,-0.03,-25.94,-2.81,16.3
0.78,0.63,-0.03,-22.46,-4.03,13.85
0.78,0.63,-0.04,-19.29,-5.49,11.23
0.78,0.63,-0.05,-16.97,-6.59,8.85
0.78,0.63,-0.04,-16.17,-6.1,6.71
0.78,0.64,-0.02,-16.24,-5.25,5.13
0.78,0.64,-0.02,-15.81,-3.42,4.15
0.76,0.63,-0.03,-13.55,-0.98,3.85
0.74,0.61,-0.04,-10.01,1.46,4.09
0.72,0.6,-0.04,-7.26,3.48,4.39
0.71,0.6,-0.04,-5.37,5.0,4.94
0.7,0.61,-0.06,-3.66,5.74,5.49
0.69,0.62,-0.07,-2.93,5.37,6.04
0.68,0.63,-0.08,-3.91,3.97,6.35
0.68,0.65,-0.08,-5.0,1.65,6.16
0.69,0.68,-0.07,-7.14,-1.59,5.86
0.71,0.69,-0.07,-8.42,-4.03,5.62
0.74,0.7,-0.07,-8.3,-5.25,5.68
0.76,0.7,-0.06,-7.39,-5.74,6.29
0.76,0.7,-0.06,-5.0,-5.49,7.26
0.75,0.7,-0.07,-0.61,-3.66,8.61
0.71,0.68,-0.08,5.25,-0.24,9.89
0.67,0.67,-0.06,8.85,4.15,10.19
0.68,0.68,-0.02,7.45,8.61,9.16
0.7,0.7,0.0,4.82,12.39,7.26
0.72,0.7,-0.0,4.82,13.85,5.74
0.73,0.69,-0.01,6.41,12.94,4.82
0.74,0.67,-0.03,7.45,10.74,4.58
0.74,0.66,-0.02,6.53,8.24,4.09
0.74,0.65,-0.01,4.09,6.53,3.48
0.75,0.66,-0.0,1.89,6.47,2.44
0.76,0.66,-0.01,0.85,7.51,1.04
0.76,0.67,-0.02,1.59,9.77,-0.31
0.75,0.67,-0.03,4.21,12.15,-1.4
0.74,0.67,-0.04,7.26,13.73,-2.32
0.72,0.68,-0.03,8.54,14.77,-3.17
0.71,0.68,-0.03,8.48,14.59,-3.78
0.7,0.69,-0.03,7.08,13.31,-4.39
0.7,0.69,-0.02,5.19,11.47,-4.94
0.71,0.69,-0.02,4.33,9.58,-5.49
0.73,0.68,-0.02,4.58,7.2,-6.16
0.75,0.67,-0.02,6.1,4.58,-6.04
0.75,0.65,-0.02,8.06,2.81,-5.19
0.75,0.64,-0.03,9.22,1.83,-4.27
0.75,0.63,-0.04,10.31,1.22,-3.36
0.75,0.62,-0.06,12.21,1.16,-2.14
0.74,0.62,-0.06,14.28,0.92,-1.28
0.75,0.61,-0.05,14.83,1.28,-1.28
0.76,0.6,-0.04,14.1,2.56,-2.01
0.76,0.58,-0.03,13.55,5.07,-2.87
0.75,0.57,-0.03,14.1,6.71,-3.91
0.74,0.55,-0.03,13.73,6.65,-4.7
0.74,0.54,-0.02,11.72,5.49,-5.98
0.74,0.53,-0.01,10.31,4.7,-7.02
0.75,0.53,-0.01,9.16,4.21,-7.81
0.76,0.53,-0.02,8.12,3.23,-8.3
0.78,0.54,-0.03,7.51,2.01,-9.03
0.79,0.57,-0.04,7.57,0.61,-10.01
0.82,0.6,-0.04,7.51,-0.79,-11.41
0.86,0.63,-0.04,6.65,-2.44,-13.12
0.89,0.65,-0.02,6.23,-3.72,-13.67
0.91,0.65,-0.02,6.59,-3.54,-13.06
0.9,0.62,-0.03,7.75,-1.34,-10.74
0.88,0.58,-0.05,9.28,2.44,-7.32
0.84,0.56,-0.07,9.52,6.53,-4.27
0.81,0.55,-0.07,7.69,9.77,-2.44
0.79,0.55,-0.06,5.55,12.45,-0.73
0.78,0.56,-0.05,4.21,14.4,0.73
0.77,0.56,-0.05,3.23,15.32,1.83
0.76,0.57,-0.05,2.14,14.77,2.14
0.76,0.58,-0.05,0.73,13.0,1.4
0.76,0.6,-0.04,-0.43,10.5,0.31
0.77,0.61,-0.03,-0.49,7.45,-1.04
0.79,0.61,-0.03,0.37,4.94,-2.26
0.79,0.6,-0.05,1.34,3.11,-3.3
0.79,0.59,-0.06,2.26,2.2,-4.09
0.79,0.59,-0.07,3.23,1.89,-4.27
0.78,0.59,-0.08,4.7,2.26,-4.27
0.78,0.6,-0.08,5.19,3.17,-4.27
0.78,0.6,-0.07,5.31,4.88,-4.21
0.78,0.6,-0.06,5.31,6.71,-4.03
0.78,0.6,-0.06,5.31,8.0,-3.36
0.78,0.59,-0.06,5.49,8.79,-2.38
0.78,0.59,-0.05,5.8,8.67,-1.22
0.77,0.58,-0.05,6.53,7.81,-0.31
0.76,0.57,-0.05,6.9,6.16,0.49
0.76,0.57,-0.04,7.02,4.64,0.92
0.76,0.57,-0.04,7.69,3.23,1.04
0.77,0.58,-0.04,8.36,1.71,0.73
0.78,0.58,-0.04,8.67,0.37,0.55
0.78,0.59,-0.04,8.85,-0.61,-0.18
0.78,0.59,-0.05,9.03,-0.73,-0.85
0.79,0.6,-0.05,9.03,-0.49,-1.4
0.79,0.6,-0.05,9.46,0.24,-1.77
0.8,0.61,-0.05,9.58,1.59,-2.08
0.8,0.6,-0.05,10.19,3.05,-1.95
0.79,0.6,-0.05,10.74,4.7,-1.53
0.78,0.59,-0.05,11.29,6.23,-1.16
0.78,0.59,-0.05,11.96,6.96,-0.92
0.77,0.58,-0.05,12.45,6.59,-0.61
0.77,0.59,-0.04,12.02,5.49,-0.24
0.77,0.59,-0.03,11.29,4.58,-0.31
0.78,0.59,-0.03,10.62,3.66,-0.61
0.78,0.58,-0.03,10.44,2.81,-0.55
0.78,0.58,-0.03,10.31,2.01,-0.55
0.78,0.59,-0.03,10.25,1.65,-0.43
0.78,0.59,-0.03,9.64,1.46,-0.31
0.79,0.6,-0.03,9.03,1.59,-0.12
0.79,0.6,-0.03,8.12,1.83,-0.18
0.8,0.61,-0.02,7.39,2.38,-0.24
0.8,0.61,-0.02,7.08,2.93,-0.24
0.8,0.61,-0.02,6.77,3.54,-0.67
0.8,0.6,-0.02,6.47,4.09,-0.61
0.79,0.59,-0.03,6.53,4.52,-0.61
0.78,0.58,-0.04,6.53,4.33,-0.37
0.78,0.57,-0.04,6.96,4.09,0.18
0.77,0.58,-0.04,6.9,3.72,0.43
0.77,0.58,-0.03,6.53,3.23,0.49
0.77,0.59,-0.03,6.04,2.75,0.37
0.78,0.59,-0.03,5.37,2.26,0.31
0.79,0.6,-0.02,4.94,2.08,0.06
0.79,0.6,-0.02,5.19,1.77,-0.12
0.79,0.6,-0.03,5.37,1.71,-0.24
0.79,0.59,-0.03,5.68,1.77,-0.12
0.78,0.59,-0.03,6.23,2.01,0.18
0.78,0.59,-0.03,6.23,2.5,0.06
0.78,0.59,-0.03,6.84,3.05,0.12
0.78,0.59,-0.04,7.14,3.36,-0.12
0.78,0.59,-0.04,6.96,3.54,-0.12
0.78,0.59,-0.05,7.02,3.05,-0.12
0.78,0.59,-0.05,8.06,2.2,-0.06
0.78,0.6,-0.05,7.45,2.08,-0.12
0.79,0.6,-0.04,7.81,2.62,-0.43
0.78,0.6,-0.04,8.61,2.81,-0.18
0.78,0.59,-0.03,8.97,2.62,-0.18
0.78,0.59,-0.03,9.52,2.69,-0.37
0.78,0.58,-0.03,9.58,2.56,0.0
0.78,0.58,-0.04,9.89,2.26,0.55
0.78,0.58,-0.04,9.89,2.32,0.67
0.78,0.59,-0.03,9.16,2.38,0.37
0.79,0.59,-0.03,9.58,2.5,0.06
0.79,0.59,-0.03,10.62,2.5,-0.06
0.79,0.59,-0.03,10.68,2.44,-0.24
0.8,0.59,-0.02,10.31,2.44,-0.49
0.8,0.59,-0.02,9.52,2.99,-0.49
0.79,0.59,-0.02,9.09,3.42,-0.31
0.79,0.59,-0.02,9.4,3.42,-0.24
0.79,0.59,-0.02,9.28,3.11,-0.06
0.79,0.59,-0.02,9.16,3.17,0.43
0.79,0.59,-0.01,8.79,3.48,0.55
0.79,0.58,-0.01,8.54,3.72,0.55
0.79,0.58,-0.02,8.73,3.23,1.04
0.79,0.58,-0.01,8.97,2.93,1.46
0.79,0.59,-0.02,8.06,3.11,1.46
0.79,0.59,-0.01,7.39,3.17,1.04
0.79,0.59,-0.01,7.14,2.75,1.16
0.79,0.59,-0.02,7.39,2.38,1.59
0.78,0.59,-0.02,8.0,2.5,1.4
0.78,0.59,-0.02,7.45,2.93,1.22
0.79,0.6,-0.02,6.35,2.81,0.98
0.79,0.6,-0.01,6.65,2.38,0.98
0.79,0.6,-0.02,7.45,2.62,1.1
0.79,0.6,-0.02,7.51,2.81,1.28
0.78,0.6,-0.02,7.26,3.05,1.34
0.78,0.6,-0.02,7.14,3.6,1.22
0.77,0.6,-0.02,7.39,4.03,0.98
0.77,0.6,-0.02,7.45,4.15,0.98
0.77,0.6,-0.01,7.63,4.33,0.73
0.78,0.6,-0.01,7.45,4.21,0.43
0.78,0.61,-0.01,7.02,3.72,0.37
0.78,0.6,-0.01,6.65,2.99,0.43
0.78,0.61,-0.01,6.04,2.56,0.37
0.78,0.61,-0.0,5.92,2.69,0.12
0.78,0.61,-0.01,6.65,3.17,0.24
0.78,0.6,-0.01,6.9,3.48,0.24
0.78,0.6,-0.01,6.9,3.91,-0.06
0.77,0.6,-0.01,7.02,4.27,-0.18
0.77,0.6,-0.01,6.84,4.64,-0.12
0.77,0.59,-0.01,6.65,4.21,-0.06
0.77,0.59,-0.01,6.47,3.85,-0.06
0.77,0.58,-0.02,6.16,3.85,0.0
0.77,0.59,-0.01,6.29,3.11,0.31
0.77,0.59,-0.01,6.77,2.38,0.31
0.79,0.6,-0.01,6.53,2.32,-0.12
0.79,0.6,-0.01,6.41,2.14,-0.24
0.8,0.6,-0.01,7.39,2.01,-0.31
0.8,0.6,-0.01,6.96,2.08,-0.61
0.8,0.6,-0.01,7.08,2.26,-0.73
0.79,0.59,-0.02,7.08,2.81,-0.55
0.79,0.59,-0.02,6.9,3.54,-0.43
0.79,0.59,-0.01,6.9,4.15,-0.37
0.78,0.59,-0.01,7.2,4.27,-0.06
0.78,0.59,-0.01,7.08,4.46,0.18
0.78,0.59,-0.01,6.65,4.58,0.24
0.78,0.59,-0.01,6.84,4.09,0.31
0.78,0.59,-0.01,7.02,3.42,0.24
0.78,0.59,-0.02,6.47,2.99,0.18
0.78,0.6,-0.02,6.53,2.87,0.12
0.77,0.59,-0.02,7.14,2.44,0.0
0.78,0.6,-0.02,7.57,2.2,0.12
0.78,0.6,-0.02,7.81,1.95,0.12
0.78,0.6,-0.01,8.48,1.89,0.06
0.78,0.6,-0.01,8.3,1.95,0.06
0.78,0.6,-0.01,8.36,2.38,0.06
0.79,0.6,-0.01,8.67,2.56,0.06
0.78,0.6,-0.01,8.79,2.81,0.18
0.78,0.6,-0.01,9.09,3.05,0.0
0.78,0.6,-0.01,9.52,3.48,0.0
0.78,0.59,-0.01,9.77,3.36,0.12
0.78,0.59,-0.0,8.91,3.23,0.0
0.78,0.59,-0.01,9.16,3.11,-0.12
0.78,0.59,-0.0,9.64,2.93,-0.06
0.77,0.59,0.0,9.7,2.87,-0.06
0.78,0.59,0.0,9.16,2.93,0.0
0.78,0.6,-0.0,9.09,2.93,0.0
0.78,0.6,0.0,9.09,2.81,0.18
0.78,0.6,0.0,9.03,2.62,0.18
0.78,0.6,0.0,9.09,2.75,0.18
0.78,0.6,0.0,8.85,2.81,0.12
0.78,0.6,0.0,8.48,2.75,0.12
0.78,0.6,0.0,9.03,2.69,0.12
0.78,0.6,0.0,8.91,2.56,0.18
0.78,0.6,0.0,8.48,2.62,0.24
0.78,0.6,0.0,8.36,2.87,-0.12
0.78,0.6,0.0,8.24,2.75,-0.12
0.78,0.6,0.01,8.06,2.87,-0.18
0.79,0.6,0.01,7.93,2.99,-0.37
0.79,0.6,0.01,7.87,2.93,-0.37
0.78,0.6,0.01,7.63,2.81,-0.31
0.78,0.6,0.01,7.32,3.11,-0.18
0.78,0.6,0.01,7.2,3.23,-0.06
0.78,0.6,0.0,6.9,2.99,-0.12
0.78,0.6,0.01,6.23,3.05,-0.43
0.78,0.6,0.01,6.04,3.23,-0.55
0.78,0.6,0.01,6.1,3.3,-0.79
0.78,0.6,0.01,6.47,3.17,-0.73
0.78,0.6,0.01,6.47,3.23,-0.73
0.78,0.6,0.01,6.41,3.6,-0.79
0.78,0.6,0.01,6.23,3.78,-0.92
0.77,0.6,0.01,6.47,3.91,-0.98
0.77,0.6,0.01,6.35,3.97,-0.98
0.78,0.6,0.01,6.16,4.21,-1.22
0.78,0.6,0.01,5.92,3.97,-1.4
0.78,0.6,0.01,5.55,3.36,-1.46
0.78,0.59,0.01,5.43,3.42,-1.4
0.78,0.59,0.01,5.49,3.48,-1.4
0.78,0.59,0.0,5.62,3.23,-1.1
0.78,0.59,0.01,5.68,3.11,-1.04
0.78,0.59,0.01,5.55,3.54,-0.98
0.78,0.59,0.01,5.62,3.91,-0.98
0.78,0.59,0.01,5.62,3.91,-0.98
0.78,0.59,0.01,5.8,3.85,-0.79
0.78,0.59,0.0,6.16,3.97,-0.73
0.78,0.6,0.0,6.16,3.66,-0.85
0.78,0.6,0.0,5.98,3.05,-0.85
0.78,0.6,0.0,5.8,2.99,-1.22
0.79,0.6,0.01,5.43,2.99,-1.34
0.79,0.6,0.01,5.8,2.93,-1.53
0.79,0.59,0.01,6.1,2.93,-1.53
0.79,0.59,0.01,6.23,3.23,-1.46
0.79,0.59,0.01,6.04,3.6,-1.28
0.79,0.59,0.01,5.55,4.03,-1.16
0.79,0.59,0.01,5.55,4.58,-1.04
0.78,0.59,0.01,5.68,5.25,-1.04
0.78,0.59,0.0,5.62,5.25,-0.98
0.78,0.59,0.0,5.43,5.19,-1.04
0.78,0.59,0.01,4.88,4.88,-1.16
0.78,0.59,0.01,4.7,4.39,-1.1
0.79,0.59,0.01,4.76,3.85,-1.1
0.79,0.59,0.01,4.58,3.48,-1.16
0.79,0.59,0.0,4.52,3.42,-1.1
0.79,0.59,0.0,5.0,3.6,-1.04
0.78,0.59,0.0,5.19,4.03,-1.1
0.78,0.59,-0.0,4.7,4.58,-0.85
0.78,0.59,0.0,4.88,4.76,-0.61
0.78,0.59,0.01,4.64,4.52,-0.37
0.78,0.59,0.01,4.03,4.39,-0.18
0.79,0.58,0.01,3.36,4.39,-0.18
0.79,0.58,0.0,3.6,4.09,0.12
0.78,0.58,0.0,3.85,3.85,0.24
0.77,0.58,-0.0,4.15,3.54,0.37
0.77,0.59,-0.01,4.09,3.42,0.31
0.77,0.6,-0.01,4.33,2.69,0.31
0.78,0.6,0.0,4.39,1.89,0.0
0.78,0.6,0.01,4.76,1.65,-0.31
0.78,0.6,0.0,5.07,1.83,-0.67
0.79,0.6,-0.0,5.49,2.2,-0.73
0.79,0.59,-0.0,5.68,2.56,-0.73
0.79,0.6,-0.0,6.1,3.36,-0.79
0.79,0.6,0.0,6.77,4.33,-1.04
0.79,0.59,0.0,7.2,4.7,-0.98
0.79,0.59,0.0,7.51,4.39,-0.98
0.79,0.58,0.01,7.32,3.91,-0.92
0.79,0.57,0.01,6.65,4.03,-0.73
0.79,0.57,0.01,5.68,4.15,-0.55
0.79,0.57,0.0,4.94,3.66,-0.18
0.79,0.58,0.01,4.82,3.54,0.0
0.79,0.59,0.01,4.94,3.72,0.06
0.79,0.59,0.01,4.76,3.42,0.12
0.79,0.6,0.01,4.21,3.66,0.24
0.79,0.6,0.0,4.09,3.91,0.12
0.78,0.6,0.0,4.52,4.15,0.0
0.78,0.6,0.0,4.58,4.52,-0.06
0.77,0.6,-0.0,5.25,5.55,-0.31
0.77,0.59,-0.0,6.04,5.98,-0.12
0.78,0.59,0.0,5.8,5.74,-0.12
0.78,0.6,0.01,5.19,5.49,-0.37
0.78,0.59,0.0,5.62,5.07,-0.49
0.77,0.59,-0.01,5.98,4.39,-0.18
0.76,0.59,-0.01,5.92,3.42,-0.18
0.76,0.59,-0.0,5.74,2.99,0.0
0.77,0.59,-0.0,5.55,2.38,0.0
0.77,0.59,-0.0,5.55,1.53,0.12
0.77,0.59,-0.0,6.16,0.98,0.18
0.77,0.59,0.0,7.14,0.61,0.24
0.78,0.59,0.0,7.08,0.24,0.31
0.78,0.6,0.0,6.96,0.37,0.24
0.79,0.6,0.0,7.2,0.73,0.12
0.79,0.6,0.0,8.3,0.92,0.0
0.78,0.59,0.0,9.22,1.53,-0.18
0.78,0.59,0.01,9.52,1.65,-0.37
0.79,0.59,0.01,9.28,2.26,-0.43
0.79,0.59,0.01,8.91,2.44,-0.55
0.79,0.58,0.01,8.48,2.2,-0.49
0.79,0.58,0.02,8.67,2.01,-0.49
0.79,0.58,0.02,7.93,1.83,-0.43
0.8,0.58,0.02,6.96,1.65,-0.24
0.8,0.58,0.02,6.47,1.71,0.24
0.79,0.58,0.02,6.1,2.2,0.79
0.79,0.58,0.02,5.37,2.32,1.16
0.79,0.58,0.02,4.82,2.56,1.34
0.79,0.59,0.02,3.85,2.5,1.59
0.79,0.59,0.03,2.99,2.62,1.77
0.79,0.59,0.03,2.5,3.05,1.95
0.79,0.59,0.02,2.26,3.36,2.14
0.78,0.59,0.01,1.95,3.23,2.26
0.78,0.6,0.01,1.46,3.11,2.26
0.78,0.59,0.02,1.89,3.42,2.32
0.77,0.59,0.02,1.89,4.09,2.5
0.77,0.59,0.02,1.22,4.39,2.5
0.78,0.6,0.02,0.43,4.27,2.56
0.78,0.6,0.01,0.43,3.72,2.56
0.78,0.6,0.0,0.31,3.05,2.69
0.78,0.6,0.0,-0.06,1.65,2.81
0.77,0.6,0.0,-0.37,0.61,2.99
0.78,0.6,-0.0,-0.31,-0.12,3.36
0.78,0.6,-0.01,-0.18,-0.85,3.66
0.78,0.59,-0.01,0.37,-1.16,3.85
0.78,0.59,-0.0,1.46,-0.73,3.78
0.78,0.59,0.0,2.56,-0.79,3.85
0.77,0.58,-0.0,2.14,-0.73,4.09
0.78,0.58,-0.01,2.08,-0.55,4.33
0.78,0.58,-0.0,2.62,-1.1,4.94
0.78,0.58,0.0,2.75,-2.01,5.43
0.78,0.58,0.01,2.01,-2.81,5.62
0.78,0.59,0.01,0.61,-3.66,5.62
0.79,0.6,0.01,-0.18,-4.09,5.8
0.79,0.6,0.02,0.06,-3.78,5.86
0.8,0.61,0.02,0.37,-3.66,5.8
0.8,0.62,0.02,0.24,-3.6,5.68
0.8,0.62,0.01,-0.31,-3.48,5.68
0.8,0.62,0.0,-0.61,-3.54,5.68
0.79,0.62,0.0,-0.92,-3.05,5.92
0.78,0.61,-0.0,-0.79,-2.38,6.04
0.76,0.6,-0.0,-0.98,-1.4,6.1
0.75,0.59,-0.01,-1.1,-0.55,6.35
0.74,0.59,-0.01,-0.37,-0.31,6.65
0.73,0.6,-0.0,0.06,-0.67,6.71
0.73,0.61,0.01,0.06,-0.92,6.65
0.75,0.63,0.01,0.12,-1.89,6.23
0.76,0.64,0.02,0.12,-3.17,5.62
0.78,0.65,0.02,-0.18,-4.76,5.07
0.79,0.66,0.03,0.24,-5.62,4.33
0.79,0.66,0.04,1.28,-5.0,3.54
0.78,0.66,0.04,1.59,-2.99,2.5
0.77,0.66,0.03,2.75,-0.61,1.28
0.75,0.66,0.02,3.36,1.77,0.37
0.74,0.66,0.02,3.17,3.72,-0.43
0.74,0.66,0.0,3.11,5.37,-1.28
0.73,0.67,0.01,3.42,5.8,-2.2
0.73,0.67,0.03,3.91,5.25,-2.99
0.73,0.67,0.03,4.09,4.33,-3.6
0.73,0.67,0.03,3.36,3.6,-4.27
0.74,0.67,0.03,2.87,2.26,-4.94
0.74,0.66,0.03,3.17,0.92,-5.55
0.74,0.66,0.03,3.36,0.43,-6.1
0.75,0.67,0.03,3.48,0.24,-6.59
0.76,0.67,0.03,4.33,-0.06,-7.32
0.76,0.67,0.02,5.07,0.0,-7.81
0.76,0.67,0.01,5.25,0.12,-8.06
0.76,0.66,0.0,5.98,0.24,-8.91
0.75,0.66,0.0,6.71,1.22,-9.77
0.75,0.65,0.0,6.71,3.05,-10.86
0.76,0.65,-0.0,7.81,4.58,-12.02
0.77,0.64,0.0,9.4,4.76,-13.06
0.78,0.63,0.01,11.17,4.82,-14.22
0.79,0.63,0.03,12.21,5.25,-15.75
0.8,0.62,0.04,12.27,5.25,-17.21
0.8,0.6,0.04,11.78,5.19,-18.07
0.81,0.59,0.05,11.47,6.9,-18.86
0.82,0.58,0.06,13.18,10.86,-20.32
0.81,0.57,0.04,15.08,15.32,-21.61
0.8,0.57,0.02,16.54,17.52,-22.22
0.81,0.58,0.02,19.96,18.25,-21.73
0.81,0.62,0.02,23.44,19.17,-20.69
0.81,0.65,0.0,23.8,18.8,-20.57
0.81,0.67,0.02,25.57,19.17,-21.91
0.78,0.67,0.01,29.66,21.61,-23.93
0.74,0.64,-0.07,31.43,24.54,-26.43
0.74,0.62,-0.1,31.07,25.33,-28.56
0.74,0.6,-0.02,33.57,26.55,-31.31
0.7,0.59,0.03,37.29,26.98,-33.14
0.69,0.61,0.07,36.25,24.84,-33.33
0.67,0.64,0.08,36.74,20.81,-34.0
0.64,0.65,0.06,37.23,11.9,-35.16
0.71,0.7,0.08,34.0,2.38,-36.25
0.83,0.8,0.17,28.26,-0.37,-37.96
0.88,0.8,0.11,21.97,-1.46,-39.73
0.88,0.72,0.05,17.09,-4.15,-39.06
0.83,0.63,0.05,14.77,-3.23,-36.68
0.8,0.59,0.07,11.35,4.76,-35.4
0.76,0.59,0.08,8.12,11.29,-34.91
0.72,0.58,0.03,5.74,13.12,-32.65
0.74,0.56,0.01,3.66,12.45,-29.11
0.77,0.58,0.02,0.55,11.11,-26.49
0.81,0.6,0.01,-4.03,6.16,-25.51
0.76,0.61,0.04,-10.62,-3.54,-23.68
0.73,0.58,0.08,-18.8,-7.39,-21.36
0.75,0.51,0.08,-19.59,-6.65,-19.47
0.79,0.45,0.09,-15.69,-6.71,-17.94
0.85,0.41,0.11,-11.72,-7.26,-18.07
0.9,0.39,0.1,-5.86,-7.32,-20.32
0.93,0.39,0.05,0.18,-10.5,-23.62
0.96,0.43,0.03,0.92,-14.16,-28.2
0.99,0.48,0.04,0.37,-15.32,-32.1
1.01,0.48,0.03,4.27,-18.01,-36.44
1.03,0.47,-0.0,7.57,-18.86,-41.69
1.05,0.44,-0.01,4.39,-16.97,-47.0
1.07,0.43,0.03,-2.62,-11.41,-51.51
1.0,0.37,0.03,-5.86,-5.92,-54.93
0.89,0.28,0.0,0.43,-1.89,-54.38
0.88,0.25,-0.01,6.29,3.91,-51.03
0.94,0.25,-0.01,7.63,7.08,-49.68
0.96,0.24,-0.01,11.41,6.59,-49.5
0.99,0.22,0.01,16.54,4.88,-48.71
1.01,0.22,0.01,21.24,1.65,-48.1
1.03,0.22,0.01,23.5,-2.01,-48.52
1.04,0.21,0.02,23.25,-6.65,-49.99
1.06,0.2,-0.02,21.85,-9.34,-51.82
1.08,0.2,-0.04,22.34,-10.68,-53.1
1.1,0.23,-0.04,21.73,-12.45,-54.26
1.09,0.24,-0.07,20.02,-14.71,-54.99
1.05,0.25,-0.05,19.96,-14.65,-54.75
1.01,0.24,-0.01,18.86,-11.23,-54.26
0.96,0.21,0.02,17.58,-7.39,-53.77
0.9,0.16,0.04,18.01,-4.94,-52.43
0.87,0.12,0.11,19.1,-3.91,-50.35
0.88,0.13,0.15,17.94,-4.58,-48.34
0.91,0.13,0.15,18.92,-8.91,-46.14
0.94,0.15,0.14,20.63,-16.24,-44.13
0.98,0.18,0.14,21.06,-21.61,-42.91
1.0,0.2,0.12,20.32,-25.02,-42.85
1.0,0.19,0.13,20.94,-26.98,-43.27
0.99,0.19,0.18,21.18,-26.0,-44.19
1.0,0.18,0.18,21.0,-22.83,-45.84
1.0,0.16,0.18,21.24,-20.08,-48.03
1.01,0.17,0.17,20.39,-17.27,-50.23
1.02,0.19,0.11,16.54,-13.24,-52.8
1.02,0.19,0.09,14.04,-10.07,-54.44
1.01,0.18,0.07,12.88,-7.02,-54.69
1.0,0.16,0.09,13.73,-4.15,-54.14
0.98,0.12,0.09,14.89,-1.04,-53.53
0.94,0.08,0.14,18.01,1.16,-53.16
0.91,0.04,0.18,22.22,3.05,-52.92
0.89,0.01,0.2,27.53,3.48,-52.37
0.9,0.01,0.2,28.32,1.95,-51.51
0.93,0.02,0.19,25.27,-1.77,-51.27
0.96,0.04,0.18,23.07,-6.47,-51.09
1.0,0.07,0.18,19.41,-9.03,-51.21
1.01,0.09,0.2,16.42,-9.16,-52.0
1.02,0.09,0.16,14.16,-7.14,-53.34
1.01,0.07,0.16,13.55,-5.62,-54.38
1.0,0.05,0.15,13.49,-2.14,-55.6
0.99,0.06,0.18,12.76,2.44,-56.88
0.97,0.05,0.18,13.31,6.16,-57.62
0.94,0.02,0.17,12.88,8.3,-57.31
0.94,0.02,0.16,9.7,9.89,-56.21
0.92,0.01,0.16,8.97,11.17,-55.6
0.9,0.01,0.18,10.13,10.31,-53.89
0.88,-0.02,0.2,13.12,10.19,-51.51
0.88,-0.03,0.2,14.89,10.13,-49.38
0.89,-0.04,0.18,15.14,8.61,-48.28
0.9,-0.05,0.16,15.56,5.37,-47.67
0.9,-0.06,0.14,15.87,2.87,-47.18
0.93,-0.06,0.13,13.24,1.89,-46.39
0.94,-0.09,0.1,10.68,0.73,-45.78
0.96,-0.13,0.08,10.19,-0.24,-44.92
0.98,-0.16,0.08,9.58,-0.12,-44.74
1.0,-0.18,0.1,10.13,0.31,-44.86
1.0,-0.21,0.11,12.7,0.61,-44.8
1.0,-0.23,0.14,14.89,1.95,-44.01
1.0,-0.24,0.17,17.15,2.44,-42.97
0.98,-0.24,0.18,19.41,1.65,-42.72
0.93,-0.23,0.19,21.0,4.15,-42.79
0.9,-0.19,0.15,21.91,9.83,-42.85
0.88,-0.16,0.16,25.88,10.31,-41.69
0.88,-0.16,0.17,30.64,9.4,-39.92
0.89,-0.16,0.19,32.84,10.44,-39.37
0.93,-0.18,0.17,33.02,11.05,-40.28
0.95,-0.22,0.18,34.12,8.18,-41.99
0.95,-0.26,0.14,37.17,5.25,-43.7
0.94,-0.28,0.07,40.53,0.98,-44.01
0.93,-0.26,0.03,40.53,-2.93,-42.97
0.95,-0.24,0.05,38.51,-4.46,-40.89
1.0,-0.23,0.11,36.25,-2.26,-39.06
0.98,-0.17,0.12,34.91,3.48,-38.09
0.96,-0.24,0.06,37.96,8.91,-40.28
0.92,-0.23,0.07,36.68,11.05,-44.49
0.91,-0.22,0.09,40.83,13.73,-41.08
0.9,-0.23,0.09,45.04,18.43,-38.09
0.91,-0.23,0.08,43.15,19.78,-37.72
0.91,-0.23,0.08,38.57,18.25,-37.96
0.9,-0.21,0.07,32.1,20.08,-38.45
0.92,-0.19,0.08,30.46,21.61,-38.21
0.95,-0.24,0.05,34.24,20.39,-36.99
0.97,-0.27,0.03,34.42,18.74,-36.62
0.97,-0.28,0.03,33.87,16.42,-37.72
0.95,-0.3,0.01,37.35,13.43,-38.82
0.91,-0.33,-0.02,42.18,10.74,-38.27
0.88,-0.34,-0.02,42.91,10.56,-36.01
0.89,-0.33,-0.01,40.16,11.35,-34.12
0.89,-0.32,-0.0,38.27,11.05,-32.47
0.86,-0.34,-0.02,38.57,11.78,-30.4
0.86,-0.36,-0.01,40.41,12.08,-27.16
0.88,-0.34,0.02,43.4,10.74,-24.35
0.89,-0.34,0.02,47.42,7.81,-22.77
0.9,-0.34,-0.0,47.73,5.13,-21.91
0.91,-0.34,-0.04,46.81,3.23,-20.08
0.96,-0.33,-0.06,44.37,0.31,-17.76
1.0,-0.33,-0.04,40.95,-2.81,-16.48
1.03,-0.32,-0.01,39.0,-4.94,-16.97
1.01,-0.32,-0.02,39.49,-2.87,-18.07
0.95,-0.31,-0.03,40.89,2.38,-18.92
0.9,-0.32,-0.03,42.72,7.69,-18.92
0.89,-0.34,-0.03,42.72,13.18,-17.64
0.91,-0.34,-0.03,39.18,17.15,-16.3
0.93,-0.34,-0.03,32.65,18.49,-15.99
0.93,-0.33,-0.02,26.55,17.33,-16.3
0.9,-0.32,-0.01,25.15,14.59,-15.69
0.87,-0.34,-0.02,26.18,12.15,-13.98
0.87,-0.35,-0.03,22.95,12.33,-12.45
0.89,-0.36,-0.02,18.74,12.45,-11.6
0.9,-0.38,-0.03,13.98,12.57,-11.23
0.91,-0.4,-0.03,10.38,12.76,-10.5
0.92,-0.44,-0.04,7.57,12.94,-9.83
0.89,-0.47,-0.05,7.81,13.61,-8.79
0.85,-0.5,-0.06,8.06,15.01,-8.12
0.82,-0.5,-0.08,8.91,15.87,-8.0
0.83,-0.51,-0.06,9.77,14.28,-7.69
0.84,-0.52,-0.05,10.99,12.57,-8.0
0.85,-0.51,-0.05,10.68,11.35,-8.36
0.88,-0.5,-0.03,10.5,9.77,-8.42
0.9,-0.49,-0.02,11.72,8.36,-8.79
0.9,-0.49,0.0,11.72,6.35,-9.16
0.91,-0.47,0.01,11.35,5.49,-8.3
0.91,-0.45,0.0,11.23,6.35,-8.54
0.9,-0.44,-0.02,10.93,7.39,-9.4
0.89,-0.45,-0.04,12.63,8.12,-9.89
0.87,-0.46,-0.05,12.82,9.64,-9.95
0.86,-0.46,-0.07,12.21,9.95,-10.01
0.84,-0.46,-0.06,12.08,8.79,-9.22
0.84,-0.47,-0.07,10.62,8.48,-8.0
0.86,-0.46,-0.05,6.65,7.75,-6.59
0.87,-0.46,-0.04,5.07,7.02,-5.86
0.86,-0.46,-0.06,5.68,6.9,-5.25
0.85,-0.45,-0.08,6.65,6.41,-4.64
0.85,-0.45,-0.08,6.16,5.62,-4.09
0.85,-0.46,-0.08,5.43,5.25,-3.48
0.85,-0.47,-0.08,5.62,5.19,-1.95
0.85,-0.47,-0.06,4.46,5.0,-0.12
0.85,-0.5,-0.07,2.38,4.39,1.46
0.87,-0.51,-0.06,0.0,4.58,3.72
0.9,-0.5,-0.05,-2.5,4.88,5.68
0.89,-0.49,-0.07,-4.21,4.39,6.04
0.87,-0.52,-0.07,-2.32,3.72,6.77
0.86,-0.54,-0.05,0.73,3.85,8.24
0.84,-0.54,-0.04,4.15,3.3,8.85
0.84,-0.55,-0.04,7.08,2.08,8.91
0.85,-0.55,-0.04,7.26,1.28,8.54
0.86,-0.53,-0.03,5.55,-0.43,8.61
0.86,-0.5,-0.02,3.3,-2.56,9.03
0.88,-0.47,-0.02,0.73,-4.39,8.85
0.9,-0.46,-0.04,-1.46,-6.04,8.48
0.92,-0.44,-0.06,-2.93,-7.81,7.87
0.93,-0.44,-0.06,-3.05,-8.54,7.14
0.92,-0.45,-0.06,-3.05,-6.9,6.04
0.94,-0.42,-0.06,-5.55,-3.17,4.46
0.95,-0.4,-0.06,-8.18,0.06,2.56
0.93,-0.41,-0.08,-8.97,2.5,1.53
0.91,-0.42,-0.07,-10.01,6.29,1.16
0.9,-0.42,-0.04,-12.02,9.89,0.92
0.92,-0.43,-0.01,-11.96,11.29,0.98
0.92,-0.45,0.0,-10.25,11.17,0.79
0.9,-0.47,-0.01,-7.39,10.68,0.06
0.88,-0.48,0.0,-6.16,10.38,-0.85
0.86,-0.47,0.03,-6.71,10.01,-1.22
0.86,-0.47,0.03,-6.35,9.03,-1.28
0.87,-0.47,0.0,-5.19,6.29,-1.1
0.86,-0.48,0.0,-3.17,2.93,-1.1
0.85,-0.47,0.0,-0.73,0.79,-0.24
0.87,-0.45,0.01,1.34,-1.34,0.61
0.89,-0.43,-0.02,4.27,-3.05,1.22
0.9,-0.43,-0.03,7.93,-4.09,1.89
0.91,-0.43,-0.02,9.95,-3.72,3.05
0.91,-0.41,-0.02,9.64,-1.83,3.48
0.91,-0.39,-0.03,9.46,-0.85,2.93
0.91,-0.37,-0.02,10.31,-1.04,2.87
0.91,-0.38,0.0,11.72,-0.55,3.54
0.91,-0.4,0.0,11.84,0.24,3.97
0.92,-0.43,0.01,9.58,0.79,3.78
0.91,-0.44,0.01,6.84,1.4,3.23
0.9,-0.43,0.02,3.48,2.62,2.14
0.89,-0.44,0.02,3.42,3.17,1.1
0.88,-0.46,0.01,6.9,3.05,0.92
0.88,-0.46,0.0,6.9,2.99,0.79
0.88,-0.44,0.01,4.33,1.83,0.31
0.89,-0.45,0.01,3.11,1.04,-0.06
0.9,-0.45,-0.01,2.75,1.4,0.0
0.9,-0.45,-0.02,2.08,1.22,-0.24
0.89,-0.45,-0.02,1.95,0.85,0.0
0.88,-0.45,-0.01,3.3,1.22,0.85
0.88,-0.45,-0.01,4.7,1.89,1.53
0.88,-0.46,-0.01,5.43,2.14,2.2
0.89,-0.47,0.0,6.71,2.38,2.81
0.89,-0.46,0.01,7.81,2.26,3.72
0.89,-0.45,0.01,7.51,1.34,3.36
0.89,-0.44,0.0,6.84,0.43,2.44
0.9,-0.44,0.01,6.53,0.73,1.95
0.91,-0.43,0.04,7.32,0.98,1.71
0.9,-0.44,0.02,9.22,1.1,0.73
0.89,-0.44,0.01,10.38,1.46,0.24
0.88,-0.44,0.0,9.89,2.14,-0.31
0.89,-0.43,-0.0,9.46,2.2,-0.43
0.89,-0.43,-0.01,9.22,1.71,0.12
0.88,-0.44,-0.02,9.4,1.28,0.73
0.89,-0.45,-0.02,7.39,0.98,1.22
0.9,-0.46,-0.01,5.13,0.98,1.53
0.9,-0.46,-0.01,4.88,1.71,1.59
0.9,-0.45,-0.01,4.58,2.2,0.92
0.9,-0.45,-0.01,5.49,2.26,0.67
0.89,-0.45,-0.01,6.16,2.38,0.79
0.89,-0.45,0.0,5.25,2.56,0.24
0.89,-0.44,0.01,4.21,2.93,-0.18
0.89,-0.44,0.01,4.58,2.75,-0.31
0.88,-0.45,0.01,5.8,2.38,0.18
0.88,-0.45,0.01,5.49,3.05,0.24
0.89,-0.44,0.0,4.94,2.99,0.18
0.89,-0.43,-0.01,5.07,2.5,0.12
0.89,-0.44,-0.0,5.43,2.01,0.49
0.9,-0.44,0.0,6.59,1.16,0.92
0.9,-0.44,0.0,7.69,0.43,1.1
0.9,-0.44,-0.0,7.93,0.61,1.04
0.9,-0.43,-0.01,8.06,0.85,0.43
0.89,-0.43,-0.01,8.06,1.59,0.24
0.89,-0.43,-0.01,8.0,2.5,0.06
0.9,-0.43,-0.01,8.73,2.81,0.49
0.91,-0.43,0.0,6.96,2.56,0.55
0.91,-0.42,0.0,5.13,2.87,0.0
0.9,-0.43,-0.01,4.64,3.3,-0.24
0.9,-0.43,-0.01,3.6,3.36,0.18
0.91,-0.43,0.0,2.69,3.72,0.55
0.9,-0.44,-0.01,3.3,4.33,0.61
0.9,-0.45,0.0,4.46,4.27,0.98
0.89,-0.45,0.0,5.31,4.52,0.79
0.88,-0.45,-0.01,5.8,5.07,0.73
0.88,-0.45,0.0,6.1,4.03,0.61
0.88,-0.44,0.01,6.04,3.6,0.85
0.89,-0.44,0.0,5.43,3.48,0.49
0.89,-0.44,-0.01,5.55,3.3,0.06
0.89,-0.44,-0.02,5.13,3.23,-0.43
0.89,-0.44,-0.02,4.09,2.69,-0.61
0.9,-0.44,-0.01,3.78,2.75,-0.61
0.89,-0.44,-0.02,3.66,2.87,-0.49
0.89,-0.45,-0.02,3.66,2.75,-0.18
0.89,-0.44,-0.01,3.23,2.32,0.43
0.89,-0.43,-0.01,2.69,2.5,0.73
0.89,-0.44,-0.02,3.72,2.26,1.22
0.89,-0.45,-0.02,4.7,1.95,1.95
0.89,-0.44,-0.01,3.66,2.69,1.89
0.89,-0.44,-0.01,2.44,3.17,1.46
0.89,-0.43,-0.01,2.56,3.11,1.28
0.91,-0.43,-0.02,2.14,3.11,1.46
0.91,-0.44,-0.02,2.26,2.32,1.71
0.91,-0.44,-0.01,1.65,1.46,1.89
0.89,-0.45,-0.01,1.1,1.77,1.89
0.88,-0.46,-0.01,1.77,2.87,2.38
0.87,-0.47,-0.02,1.65,3.6,2.75
0.87,-0.47,-0.03,0.61,3.17,2.93
0.87,-0.47,-0.03,-0.61,2.75,3.3
0.87,-0.46,-0.03,-1.16,2.38,3.66
0.88,-0.45,-0.01,-1.1,1.71,3.66
0.88,-0.44,-0.02,-1.04,0.98,3.72
0.9,-0.44,-0.02,-1.34,0.0,3.72
0.92,-0.43,-0.01,-1.77,-0.98,3.91
0.91,-0.44,-0.01,-1.16,-1.95,4.21
0.88,-0.46,-0.03,-0.06,-1.71,4.94
0.86,-0.46,-0.02,-1.1,-0.18,6.04
0.86,-0.46,-0.03,-2.44,0.37,6.71
0.86,-0.45,-0.02,-3.54,0.18,7.32
0.86,-0.44,-0.02,-5.49,0.67,7.75
0.88,-0.43,-0.01,-8.0,1.65,7.87
0.88,-0.42,-0.0,-8.79,2.5,8.0
0.87,-0.42,-0.01,-9.03,3.66,7.87
0.87,-0.42,-0.02,-9.16,4.27,8.0
0.9,-0.43,-0.02,-10.74,3.17,8.54
0.93,-0.43,-0.0,-13.85,1.95,9.28
0.91,-0.44,0.01,-13.73,1.1,9.7
0.88,-0.44,0.01,-13.0,0.61,10.5
0.88,-0.44,0.02,-13.49,0.43,12.15
0.91,-0.45,0.02,-15.26,0.43,13.61
0.91,-0.44,0.03,-15.26,0.24,14.28
0.89,-0.43,0.03,-11.54,0.18,14.71
0.87,-0.42,0.03,-8.06,0.31,15.32
0.88,-0.42,0.02,-7.32,0.55,15.81
0.89,-0.41,0.02,-6.96,0.0,16.54
0.89,-0.4,0.03,-6.47,-1.46,17.21
0.89,-0.39,0.05,-6.23,-2.44,17.64
0.88,-0.38,0.06,-7.26,-2.14,18.43
0.88,-0.38,0.05,-8.73,-1.28,19.47
0.88,-0.38,0.07,-10.74,-0.06,20.57
0.89,-0.38,0.06,-11.23,1.28,21.91
0.91,-0.39,0.05,-10.07,0.92,23.44
0.92,-0.41,0.04,-8.54,-0.98,24.48
0.91,-0.42,0.05,-7.08,-3.17,25.02
0.91,-0.42,0.08,-7.32,-3.6,25.7
0.94,-0.42,0.07,-9.46,-2.26,25.45
0.95,-0.41,0.07,-9.03,-3.05,24.84
0.93,-0.39,0.04,-6.53,-4.27,24.48
0.9,-0.39,0.04,-5.74,-4.82,24.05
0.88,-0.37,0.04,-7.63,-4.39,24.23
0.89,-0.35,0.05,-9.28,-4.46,25.51
0.9,-0.32,0.05,-9.03,-5.55,26.73
0.89,-0.32,0.05,-9.77,-5.31,27.59
0.89,-0.32,0.05,-10.07,-4.46,28.26
0.89,-0.35,0.05,-7.45,-4.21,29.97
0.89,-0.37,0.04,-8.24,-4.39,31.49
0.89,-0.36,0.11,-14.04,-5.49,32.23
0.92,-0.34,0.13,-15.32,-5.98,33.14
0.94,-0.31,0.1,-12.08,-7.75,33.81
0.96,-0.28,0.08,-9.77,-12.39,32.71
0.98,-0.26,0.08,-7.39,-15.56,31.37
0.99,-0.23,0.05,-6.23,-14.71,29.36
0.95,-0.27,0.05,-3.48,-14.4,28.32
0.93,-0.3,0.08,-3.66,-13.31,30.4
0.92,-0.28,0.16,-7.87,-8.18,32.53
0.93,-0.25,0.19,-8.85,-3.48,34.0
0.91,-0.24,0.17,-5.13,-1.22,34.73
0.89,-0.24,0.14,-1.77,-2.56,35.58
0.89,-0.21,0.15,-3.91,-4.88,36.44
0.9,-0.21,0.12,-6.96,-5.55,36.38
0.89,-0.23,0.12,-8.79,-7.02,35.89
0.92,-0.23,0.14,-12.63,-9.95,35.4
0.97,-0.2,0.15,-16.11,-13.24,34.48
0.99,-0.19,0.2,-15.14,-14.95,32.47
1.0,-0.2,0.19,-7.2,-11.84,30.94
1.0,-0.23,0.15,1.53,-7.93,30.58
0.98,-0.26,0.1,9.34,-8.06,31.43
0.98,-0.21,0.13,10.13,-8.85,33.08
0.98,-0.18,0.13,8.54,-8.12,33.63
0.93,-0.23,0.09,9.34,-7.87,34.18
0.94,-0.19,0.12,-1.59,-7.45,34.3
0.97,-0.12,0.16,-13.06,-8.12,33.69
0.95,-0.08,0.21,-15.08,-9.7,32.71
0.95,-0.07,0.21,-15.14,-7.14,31.86
0.96,-0.07,0.17,-17.94,0.18,30.21
0.96,-0.1,0.17,-15.87,1.46,28.87
0.96,-0.11,0.2,-7.08,-3.54,29.79
0.95,-0.09,0.2,-4.88,-4.7,30.64
0.95,-0.08,0.17,-7.14,-2.69,29.24
0.95,-0.11,0.13,-5.25,-2.75,28.56
0.96,-0.13,0.13,-4.64,-2.08,29.54
0.98,-0.13,0.1,-7.02,-3.11,31.92
0.97,-0.13,0.1,-8.24,-6.29,34.73
0.97,-0.09,0.13,-10.74,-7.39,36.07
0.96,-0.05,0.14,-8.85,-7.45,36.32
0.96,-0.02,0.17,-8.0,-7.87,36.62
0.96,0.02,0.17,-12.02,-5.62,35.71
0.96,0.06,0.22,-13.24,-6.23,34.73
0.9,-0.0,0.23,-6.9,-6.04,35.16
0.86,-0.03,0.25,-3.66,-0.12,37.05
0.9,0.01,0.26,-8.0,5.62,38.09
0.92,0.02,0.25,-9.22,4.33,37.6
0.92,-0.02,0.23,-5.31,-0.18,38.39
0.94,-0.01,0.24,-5.43,-0.85,39.43
0.97,-0.01,0.21,-10.93,1.34,38.64
0.97,-0.02,0.21,-12.33,-0.61,37.72
0.97,-0.0,0.19,-13.0,-1.71,37.17
0.97,0.0,0.14,-12.57,0.61,36.44
0.95,0.0,0.17,-11.05,2.69,35.1
0.97,0.04,0.21,-13.49,5.19,33.51
1.0,0.07,0.23,-16.97,7.02,31.74
0.98,0.04,0.23,-14.1,6.53,31.43
0.95,-0.0,0.21,-13.43,9.34,32.59
0.96,0.03,0.25,-19.71,11.35,33.63
0.95,0.01,0.25,-23.19,10.44,34.18
0.95,-0.01,0.23,-23.01,7.51,35.64
0.95,-0.04,0.15,-22.28,4.52,37.11
0.95,-0.04,0.13,-21.48,3.17,37.6
0.97,-0.02,0.12,-21.24,3.17,37.17
0.99,-0.02,0.1,-19.41,4.03,36.87
1.0,-0.03,0.12,-18.74,3.23,36.74
1.03,-0.01,0.14,-19.1,2.81,36.56
1.04,0.01,0.15,-18.8,3.85,35.77
1.03,-0.01,0.14,-15.26,5.55,35.22
1.01,0.01,0.16,-14.71,8.24,36.07
1.0,0.05,0.18,-16.72,12.02,37.29
0.98,0.07,0.23,-17.21,12.94,38.64
0.95,0.08,0.22,-17.33,13.43,40.22
0.93,0.07,0.19,-15.69,13.43,42.36
0.92,0.08,0.21,-13.37,13.0,44.07
0.93,0.11,0.22,-12.27,13.85,44.13
0.95,0.13,0.21,-11.96,14.77,42.6
0.97,0.16,0.21,-12.45,14.22,40.77
0.96,0.15,0.18,-11.41,15.26,39.37
0.94,0.14,0.17,-10.68,17.09,39.0
0.94,0.16,0.17,-13.12,17.94,39.37
0.93,0.18,0.2,-15.08,15.32,40.1
0.91,0.16,0.18,-14.95,13.98,42.11
0.89,0.15,0.17,-14.28,15.56,44.56
0.89,0.17,0.2,-14.83,15.99,46.39
0.9,0.19,0.22,-15.5,15.01,46.81
0.91,0.2,0.19,-14.65,12.02,47.36
0.92,0.2,0.19,-12.57,9.4,48.16
0.96,0.24,0.2,-13.43,10.31,48.46
0.98,0.26,0.17,-15.69,9.28,48.34
0.96,0.23,0.13,-14.59,7.02,49.07
0.94,0.21,0.11,-14.04,8.85,50.11
0.93,0.23,0.12,-15.01,12.02,50.78
0.92,0.24,0.12,-14.34,12.94,51.64
0.9,0.24,0.09,-12.08,13.92,52.61
0.88,0.25,0.1,-10.8,15.56,53.47
0.88,0.26,0.09,-10.93,16.97,54.08
0.87,0.29,0.11,-11.05,15.81,55.05
0.88,0.32,0.13,-11.47,14.95,55.6
0.89,0.34,0.11,-10.74,15.38,56.27
0.9,0.35,0.09,-9.95,18.25,57.01
0.89,0.37,0.09,-8.67,22.28,58.11
0.86,0.39,0.09,-7.14,24.48,59.69
0.82,0.38,0.07,-5.55,22.52,61.89
0.82,0.39,0.07,-4.15,21.0,63.48
0.84,0.42,0.08,-3.72,21.06,63.35
0.84,0.42,0.08,-2.08,20.14,62.38
0.87,0.44,0.09,-2.44,19.29,61.89
0.9,0.45,0.08,-3.78,19.53,61.22
0.91,0.45,0.07,-5.07,20.2,61.04
0.9,0.46,0.08,-6.96,21.18,61.65
0.87,0.45,0.09,-5.55,22.58,62.99
0.92,0.49,0.03,-3.54,24.41,64.09
1.04,0.56,-0.01,-8.91,26.31,62.62
1.12,0.59,0.05,-18.13,31.07,58.65
1.07,0.49,0.09,-15.81,36.13,55.05
1.0,0.41,0.11,-6.16,39.12,54.75
0.96,0.4,0.1,1.04,38.94,54.81
0.99,0.46,0.03,2.08,35.28,51.64
1.01,0.54,-0.01,-1.16,30.76,46.63
1.03,0.59,-0.03,-1.04,28.32,43.58
1.0,0.6,-0.03,3.72,27.1,44.19
0.93,0.58,-0.02,8.91,27.28,46.02
0.85,0.59,0.0,9.09,27.4,45.17
0.8,0.61,0.02,8.54,26.98,44.13
0.79,0.64,0.01,6.84,25.94,40.95
0.77,0.66,0.0,2.87,24.9,35.34
0.75,0.64,-0.01,0.85,22.46,30.33
0.76,0.62,-0.0,1.4,19.65,27.04
0.79,0.59,0.0,2.44,17.58,25.51
0.82,0.58,0.01,2.75,13.98,23.68
0.85,0.57,0.03,2.69,10.68,22.28
0.87,0.57,0.05,1.46,9.7,20.75
0.87,0.58,0.05,-1.28,10.13,18.68
0.86,0.59,0.05,-3.36,10.93,17.15
0.85,0.6,0.05,-4.09,12.08,16.42
0.82,0.61,0.05,-4.21,13.18,15.87
0.78,0.62,0.05,-3.85,14.22,15.14
0.76,0.63,0.04,-3.66,13.98,14.34
0.74,0.63,0.02,-3.78,12.57,13.49
0.75,0.63,0.01,-4.7,11.41,12.33
0.74,0.63,0.0,-6.9,9.58,10.86
0.72,0.61,-0.0,-7.26,7.26,10.31
0.71,0.58,-0.01,-8.12,5.25,10.19
0.71,0.58,-0.03,-7.63,3.54,10.38
0.71,0.58,-0.04,-5.55,2.14,10.99
0.7,0.59,-0.04,-4.52,1.46,10.99
0.7,0.62,-0.03,-5.31,2.44,10.13
0.71,0.66,-0.02,-6.47,2.99,8.97
0.72,0.69,-0.02,-7.08,1.83,7.57
0.74,0.72,-0.01,-8.3,-0.55,5.68
0.77,0.74,0.02,-10.38,-2.93,3.48
0.79,0.75,0.05,-12.57,-4.94,1.28
0.78,0.71,0.04,-14.65,-5.86,0.18
0.77,0.65,-0.01,-15.99,-5.74,0.79
0.78,0.6,-0.05,-16.78,-4.33,2.75
0.78,0.58,-0.09,-15.5,-2.44,5.25
0.75,0.59,-0.1,-12.39,-1.95,7.93
0.72,0.61,-0.11,-9.89,-1.46,9.58
0.7,0.63,-0.11,-9.46,0.37,10.07
0.71,0.66,-0.09,-10.56,2.08,8.67
0.74,0.7,-0.05,-11.17,2.56,6.04
0.77,0.71,-0.02,-10.44,2.01,3.42
0.78,0.67,-0.04,-8.42,0.43,2.01
0.77,0.63,-0.06,-6.1,-1.4,2.2
0.76,0.59,-0.08,-4.27,-2.32,2.44
0.76,0.58,-0.1,-2.62,-2.5,2.75
0.75,0.58,-0.11,-1.1,-2.75,3.17
0.75,0.59,-0.11,-0.24,-2.5,3.48
0.75,0.6,-0.11,-0.61,-1.16,3.42
0.75,0.62,-0.11,-1.04,1.77,2.81
0.75,0.64,-0.11,-0.73,4.82,1.59
0.76,0.65,-0.11,0.37,6.35,0.0
0.76,0.65,-0.09,1.77,6.35,-1.04
0.77,0.64,-0.07,2.62,7.02,-1.53
0.77,0.62,-0.08,4.15,8.67,-1.65
0.78,0.59,-0.09,5.19,8.79,-0.98
0.78,0.58,-0.1,6.35,8.61,0.0
0.76,0.58,-0.1,9.22,8.67,0.98
0.75,0.57,-0.1,10.74,8.97,1.59
0.74,0.57,-0.11,11.35,9.58,1.77
0.75,0.58,-0.1,11.84,9.52,1.59
0.76,0.6,-0.09,11.41,8.06,1.04
0.77,0.61,-0.08,10.68,6.47,0.55
0.78,0.61,-0.07,10.13,5.19,0.18
0.78,0.61,-0.07,9.77,4.33,-0.12
0.78,0.61,-0.07,9.34,3.23,0.24
0.79,0.61,-0.07,9.64,2.5,0.43
0.78,0.61,-0.07,10.86,2.32,0.79
0.77,0.6,-0.08,11.9,2.44,1.53
0.76,0.59,-0.08,12.39,2.44,2.01
0.75,0.59,-0.07,12.57,2.75,2.01
0.74,0.59,-0.07,13.43,2.5,2.26
0.75,0.59,-0.07,14.04,1.71,2.69
0.77,0.6,-0.06,13.18,0.98,2.5
0.79,0.62,-0.03,13.06,0.55,1.65
0.8,0.63,-0.02,14.22,0.92,0.98
0.8,0.63,-0.03,15.14,1.16,0.98
0.8,0.62,-0.04,15.2,0.79,1.16
0.8,0.62,-0.04,14.77,0.85,0.92
0.79,0.62,-0.03,14.22,1.53,0.85
0.78,0.61,-0.03,13.79,2.32,0.73
0.77,0.61,-0.02,13.37,3.17,0.92
0.76,0.61,-0.02,13.31,4.39,0.98
0.75,0.61,-0.02,13.61,5.25,0.92
0.75,0.62,-0.02,12.88,5.19,1.04
0.75,0.62,-0.03,12.27,4.39,0.79
0.76,0.62,-0.03,12.15,3.05,0.79
0.76,0.62,-0.02,11.54,1.65,0.73
0.77,0.62,-0.01,10.25,0.85,0.31
0.79,0.62,-0.0,8.73,0.43,-0.12
0.79,0.62,-0.01,8.06,0.49,-0.12
0.79,0.61,-0.02,8.3,0.49,0.12
0.78,0.62,-0.02,8.18,0.67,0.24
0.78,0.62,-0.02,7.26,1.53,0.24
0.78,0.63,-0.01,6.1,2.26,0.18
0.78,0.62,-0.01,6.16,2.87,0.37
0.77,0.62,-0.01,6.1,3.54,0.73
0.77,0.62,-0.02,5.8,4.7,0.73
0.76,0.62,-0.02,5.37,5.37,0.73
0.76,0.62,-0.03,4.82,5.43,0.37
0.76,0.61,-0.03,3.6,4.94,0.0
0.76,0.61,-0.02,2.69,4.33,-0.24
0.77,0.62,-0.01,2.32,3.54,-0.73
0.77,0.62,-0.01,2.32,2.93,-0.98
0.77,0.62,-0.03,2.62,2.69,-1.04
0.78,0.62,-0.04,2.99,2.81,-1.16
0.78,0.63,-0.04,3.72,2.62,-1.4
0.78,0.63,-0.04,4.76,2.81,-1.22
0.77,0.62,-0.04,4.82,3.6,-0.92
0.77,0.61,-0.05,3.72,4.27,-0.61
0.76,0.61,-0.05,3.23,4.82,-0.37
0.76,0.61,-0.04,3.36,5.19,-0.24
0.75,0.6,-0.05,3.66,5.31,-0.12
0.76,0.6,-0.05,3.17,5.0,-0.24
0.77,0.61,-0.05,2.99,4.15,-0.37
0.77,0.62,-0.04,4.33,3.23,-0.55
0.77,0.61,-0.04,5.55,2.69,-0.79
0.77,0.61,-0.05,5.62,2.56,-0.98
0.77,0.61,-0.06,5.74,2.26,-1.1
0.78,0.6,-0.06,5.92,2.2,-1.1
0.78,0.61,-0.06,5.68,2.56,-0.98
0.77,0.6,-0.06,6.59,2.99,-0.61
0.77,0.6,-0.06,6.65,3.05,-0.18
0.77,0.6,-0.05,6.23,3.48,0.0
0.77,0.6,-0.05,6.47,3.85,0.0
0.77,0.61,-0.05,6.65,3.97,-0.06
0.77,0.61,-0.05,6.84,3.6,0.06
0.77,0.6,-0.05,6.65,3.11,0.24
0.77,0.6,-0.04,6.53,2.69,0.31
0.76,0.6,-0.04,6.35,2.56,0.18
0.76,0.6,-0.03,6.53,2.5,0.12
0.77,0.6,-0.04,6.59,2.56,0.0
0.77,0.61,-0.04,6.1,2.44,-0.12
0.78,0.61,-0.03,5.92,1.83,-0.18
0.78,0.61,-0.03,5.86,1.77,-0.31
0.79,0.61,-0.04,5.43,1.71,-0.18
0.79,0.61,-0.03,5.43,1.34,0.0
0.78,0.61,-0.03,5.31,1.4,0.24
0.78,0.61,-0.03,5.62,2.2,0.67
0.77,0.6,-0.04,5.68,2.87,1.04
0.77,0.6,-0.04,5.8,3.05,1.1
0.77,0.6,-0.04,5.8,2.87,1.16
0.77,0.61,-0.03,5.92,2.75,0.92
0.77,0.61,-0.03,6.04,2.75,0.67
0.77,0.61,-0.03,5.74,2.44,0.43
0.77,0.61,-0.03,6.1,2.38,0.31
0.77,0.61,-0.03,7.08,2.44,0.24
0.77,0.61,-0.03,6.59,2.62,0.06
0.77,0.61,-0.03,5.74,2.93,-0.18
0.78,0.61,-0.03,5.43,2.75,-0.12
0.78,0.61,-0.03,5.37,2.56,0.12
0.77,0.61,-0.04,5.25,2.44,0.24
0.77,0.61,-0.04,5.49,2.14,0.37
0.78,0.62,-0.04,5.55,1.89,0.31
0.78,0.62,-0.03,5.68,1.83,0.24
0.78,0.62,-0.03,5.98,2.08,0.31
0.77,0.61,-0.04,6.53,2.26,0.43
0.76,0.59,-0.04,6.59,2.75,0.73
0.76,0.6,-0.04,6.71,3.85,0.98
0.76,0.61,-0.03,6.59,4.33,0.98
0.77,0.62,-0.02,5.92,3.6,0.61
0.77,0.62,-0.02,5.49,3.36,0.31
0.77,0.62,-0.03,5.55,3.54,-0.06
0.77,0.62,-0.03,5.92,3.54,-0.43
0.77,0.61,-0.03,5.74,3.3,-0.43
0.77,0.62,-0.03,5.43,3.42,-0.55
0.78,0.62,-0.03,5.07,3.85,-0.79
0.77,0.61,-0.03,5.13,4.15,-0.73
0.76,0.61,-0.03,5.43,4.21,-0.43
0.76,0.61,-0.03,5.19,4.46,0.0
0.76,0.61,-0.03,4.64,4.39,0.12
0.77,0.61,-0.03,4.33,4.58,0.37
0.77,0.61,-0.03,4.76,4.64,0.49
0.76,0.62,-0.03,5.13,4.09,0.31
0.76,0.62,-0.03,4.64,3.54,0.06
0.77,0.62,-0.03,4.52,3.42,-0.18
0.77,0.61,-0.02,4.64,3.11,-0.43
0.78,0.62,-0.02,4.39,3.05,-0.49
0.78,0.62,-0.03,4.21,3.17,-0.61
0.77,0.61,-0.03,4.15,3.11,-0.73
0.77,0.61,-0.04,4.15,3.42,-0.92
0.77,0.61,-0.03,3.97,3.85,-0.92
0.77,0.61,-0.03,3.66,4.33,-1.1
0.77,0.61,-0.03,3.11,4.64,-0.98
0.77,0.62,-0.03,2.56,4.88,-1.1
0.77,0.62,-0.03,2.93,4.58,-1.16
0.77,0.61,-0.03,3.42,3.97,-1.22
0.77,0.61,-0.03,3.17,3.3,-1.04
0.78,0.6,-0.03,2.93,3.23,-0.73
0.78,0.61,-0.04,3.3,2.81,-0.55
0.77,0.61,-0.04,3.66,2.5,-0.67
0.77,0.61,-0.04,3.42,2.38,-0.73
0.77,0.6,-0.04,3.3,3.05,-0.85
0.77,0.6,-0.05,3.11,3.6,-0.73
0.77,0.61,-0.05,3.54,4.03,-0.92
0.77,0.61,-0.04,3.97,4.46,-1.22
0.77,0.6,-0.05,4.09,4.82,-1.16
0.77,0.6,-0.05,4.27,5.13,-0.98
0.77,0.6,-0.05,4.52,5.43,-0.85
0.77,0.6,-0.05,4.7,5.37,-0.73
0.76,0.6,-0.05,4.64,5.31,-0.61
0.76,0.59,-0.05,4.94,5.07,-0.73
0.77,0.6,-0.05,4.82,4.76,-0.92
0.78,0.6,-0.04,4.94,4.39,-1.04
0.79,0.61,-0.04,5.13,3.97,-0.98
0.79,0.61,-0.05,5.25,3.6,-0.92
0.79,0.6,-0.05,5.43,3.17,-0.73
0.79,0.6,-0.05,5.49,3.05,-0.43
0.78,0.59,-0.06,6.1,3.36,0.06
0.78,0.59,-0.05,6.1,4.09,0.31
0.77,0.59,-0.06,5.92,4.7,0.61
0.77,0.59,-0.06,6.47,5.07,0.49
0.77,0.6,-0.06,6.84,5.49,0.37
0.77,0.6,-0.06,7.08,5.74,0.18
0.77,0.61,-0.06,7.26,5.43,0.12
0.77,0.61,-0.05,7.32,4.82,-0.18
0.77,0.6,-0.05,7.87,4.15,-0.24
0.77,0.6,-0.04,8.3,3.6,0.06
0.77,0.6,-0.05,8.85,3.36,0.06
0.76,0.6,-0.05,8.97,3.3,0.31
0.76,0.6,-0.05,9.09,3.42,0.43
0.77,0.61,-0.04,9.03,3.72,0.06
0.77,0.62,-0.04,8.97,3.6,0.18
0.76,0.61,-0.04,9.09,3.36,0.31
0.77,0.61,-0.04,8.85,3.05,0.43
0.77,0.61,-0.05,8.67,2.5,0.37
0.78,0.62,-0.04,8.48,1.89,0.55
0.78,0.62,-0.03,8.48,1.95,0.49
0.77,0.61,-0.03,8.24,2.5,0.06
0.77,0.61,-0.03,8.48,2.99,-0.12
0.77,0.61,-0.03,8.97,3.23,-0.31
0.77,0.61,-0.03,8.97,3.42,-0.43
0.77,0.61,-0.03,8.54,3.23,-0.67
0.77,0.61,-0.03,7.93,3.05,-0.67
0.77,0.61,-0.03,7.81,2.62,-0.79
0.78,0.61,-0.03,7.63,2.62,-0.92
0.78,0.6,-0.03,7.32,2.69,-0.73
0.78,0.6,-0.03,7.45,2.69,-0.55
0.78,0.6,-0.03,7.69,2.75,-0.43
0.78,0.6,-0.02,7.63,2.69,-0.18
0.78,0.6,-0.02,7.26,3.05,-0.24
0.78,0.61,-0.02,7.32,3.78,-0.37
0.78,0.61,-0.02,7.39,4.33,-0.43
0.77,0.61,-0.02,7.51,4.82,-0.79
0.77,0.61,-0.02,7.14,5.25,-0.85
0.77,0.61,-0.03,6.71,5.19,-0.92
0.77,0.61,-0.02,6.04,4.64,-1.1
0.77,0.61,-0.02,5.37,4.52,-1.28
0.78,0.61,-0.02,5.07,4.33,-1.65
0.78,0.61,-0.02,4.76,4.33,-1.95
0.78,0.61,-0.02,4.52,4.15,-1.77
0.78,0.61,-0.03,4.58,4.09,-1.71
0.78,0.61,-0.03,4.82,4.15,-1.71
0.78,0.61,-0.03,4.7,4.27,-1.59
0.77,0.61,-0.03,4.39,4.7,-1.4
0.77,0.61,-0.03,4.64,4.76,-1.53
0.78,0.61,-0.03,5.07,4.94,-1.65
0.77,0.61,-0.03,5.0,4.88,-1.59
0.77,0.6,-0.03,4.39,4.52,-1.71
0.77,0.6,-0.03,3.91,4.52,-1.83
0.77,0.59,-0.04,4.27,4.27,-1.83
0.77,0.59,-0.04,4.76,4.09,-1.53
0.77,0.59,-0.04,5.25,3.66,-1.22
0.77,0.59,-0.04,5.19,3.48,-1.22
0.77,0.6,-0.04,4.82,3.23,-1.34
0.78,0.6,-0.04,4.94,2.99,-1.4
0.78,0.6,-0.04,5.19,3.11,-1.53
0.79,0.6,-0.04,5.43,3.54,-1.59
0.79,0.6,-0.04,5.43,3.78,-1.83
0.79,0.6,-0.04,5.31,3.97,-1.89
