0.96,-0.01,-0.13,0.73,1.89,4.15
0.96,-0.01,-0.13,0.37,2.01,3.97
0.96,-0.01,-0.14,0.24,2.32,4.03
0.96,-0.01,-0.14,0.18,2.38,3.97
0.96,-0.02,-0.14,0.18,1.77,3.97
0.97,-0.01,-0.14,1.04,1.59,3.91
0.96,-0.01,-0.13,1.71,1.71,3.54
0.96,-0.00,-0.14,1.34,1.34,3.66
0.96,-0.01,-0.14,0.55,0.98,4.21
0.96,-0.01,-0.14,0.18,1.16,4.21
0.96,-0.01,-0.13,0.67,1.22,4.33
0.96,-0.01,-0.14,0.98,1.40,4.39
0.96,-0.01,-0.14,0.85,1.46,4.15
0.96,-0.01,-0.13,0.61,1.40,4.33
0.96,-0.01,-0.13,0.79,1.46,4.21
0.96,-0.02,-0.13,1.16,1.53,3.97
0.96,-0.02,-0.13,1.16,1.59,3.66
0.96,-0.01,-0.14,1.28,1.71,3.72
0.96,-0.01,-0.14,1.10,1.46,4.03
0.96,-0.02,-0.13,1.16,1.28,4.39
0.96,-0.01,-0.13,1.65,1.16,4.33
0.96,-0.01,-0.13,1.53,1.40,4.21
0.96,-0.01,-0.13,1.04,1.83,4.39
0.96,-0.01,-0.14,0.24,2.08,4.82
0.96,-0.01,-0.14,0.00,1.95,4.58
0.96,-0.01,-0.14,0.43,1.46,4.39
0.96,-0.01,-0.14,1.40,0.98,4.21
0.96,-0.01,-0.13,2.01,1.22,4.09
0.96,-0.01,-0.13,2.38,1.59,3.91
0.96,-0.00,-0.13,2.38,1.83,3.66
0.96,-0.01,-0.13,2.38,1.46,3.66
0.96,-0.01,-0.14,2.62,1.46,3.78
0.96,-0.01,-0.14,2.62,1.59,3.48
0.96,-0.01,-0.14,2.44,1.28,3.54
0.96,-0.01,-0.13,2.32,0.92,3.66
0.96,-0.01,-0.13,2.50,1.28,3.72
0.96,-0.01,-0.13,2.69,1.71,4.03
0.96,-0.01,-0.13,2.44,2.20,4.03
0.96,-0.02,-0.14,1.83,2.08,3.85
0.96,-0.02,-0.14,1.77,1.46,3.97
0.96,-0.02,-0.13,1.89,1.59,3.97
0.96,-0.02,-0.13,1.95,1.65,3.91
0.96,-0.02,-0.13,2.01,1.53,3.85
0.96,-0.02,-0.13,2.20,1.53,3.60
0.96,-0.02,-0.14,2.14,1.40,3.60
0.96,-0.02,-0.13,2.01,1.34,3.72
0.96,-0.02,-0.13,2.08,1.46,3.72
0.96,-0.02,-0.14,1.77,1.53,3.85
0.96,-0.02,-0.13,1.71,1.53,3.78
0.96,-0.01,-0.14,1.77,1.59,3.91
0.96,-0.02,-0.14,1.53,1.46,4.21
0.96,-0.02,-0.13,1.46,1.65,4.03
0.96,-0.02,-0.14,1.53,2.01,3.97
0.96,-0.02,-0.13,1.53,1.89,3.97
0.96,-0.01,-0.13,1.28,1.89,4.21
0.96,-0.01,-0.14,0.92,2.14,4.21
0.96,-0.02,-0.14,1.10,1.95,4.21
0.96,-0.02,-0.14,1.10,1.89,4.15
0.96,-0.02,-0.14,1.16,1.89,4.21
0.96,-0.02,-0.14,1.40,1.83,4.33
0.96,-0.01,-0.14,1.53,1.83,4.21
0.96,-0.01,-0.14,1.28,1.83,4.15
0.96,-0.01,-0.13,1.04,2.14,4.03
0.96,-0.01,-0.14,0.85,1.95,4.15
0.96,-0.02,-0.14,0.67,1.40,4.33
0.96,-0.02,-0.13,1.22,1.34,4.27
0.96,-0.02,-0.13,1.77,1.34,4.27
0.96,-0.02,-0.13,1.83,1.46,4.21
0.96,-0.01,-0.14,1.71,2.08,4.15
0.96,-0.01,-0.14,1.40,1.77,4.15
0.96,-0.02,-0.14,1.53,1.40,4.15
0.96,-0.02,-0.14,1.95,1.89,4.03
0.96,-0.02,-0.14,2.32,1.95,3.85
0.96,-0.01,-0.14,2.38,1.95,3.48
0.96,-0.01,-0.14,1.65,1.77,3.72
0.96,-0.02,-0.14,1.10,1.28,3.97
0.96,-0.02,-0.14,1.28,1.22,3.85
0.96,-0.01,-0.14,1.46,1.28,3.91
0.96,-0.01,-0.14,1.16,1.28,4.21
0.96,-0.01,-0.14,0.98,1.71,4.15
0.96,-0.01,-0.14,0.98,1.83,4.09
0.96,-0.01,-0.14,1.28,1.53,4.21
0.96,-0.02,-0.14,1.65,1.40,4.15
0.96,-0.02,-0.14,1.83,1.46,4.03
0.96,-0.01,-0.14,1.89,1.46,4.03
0.96,-0.01,-0.14,1.89,1.59,3.97
0.96,-0.01,-0.14,2.01,1.40,4.09
0.96,-0.02,-0.13,2.50,1.65,4.15
0.96,-0.01,-0.13,2.69,2.14,3.91
0.96,-0.01,-0.14,1.95,1.95,3.97
0.96,-0.01,-0.14,1.65,1.53,4.09
0.96,-0.02,-0.14,1.59,1.53,4.09
0.96,-0.02,-0.14,1.65,1.53,4.21
0.96,-0.01,-0.14,1.89,1.46,4.46
0.96,-0.01,-0.14,1.89,1.53,4.39
0.96,-0.01,-0.14,1.71,1.71,4.39
0.96,-0.01,-0.14,1.34,1.71,4.52
0.96,-0.01,-0.14,1.22,1.59,4.46
0.96,-0.01,-0.14,1.34,1.65,4.33
0.96,-0.01,-0.13,1.65,1.65,4.33
0.96,-0.01,-0.14,1.46,1.77,4.09
0.96,-0.01,-0.14,1.53,1.53,4.03
0.96,-0.01,-0.14,1.65,1.46,4.09
0.96,-0.01,-0.14,2.08,1.53,3.91
0.96,-0.01,-0.14,2.20,1.28,4.03
0.96,-0.01,-0.14,2.69,1.10,4.09
0.96,-0.01,-0.14,2.99,1.22,4.15
0.96,-0.01,-0.14,3.17,1.53,4.03
0.96,-0.01,-0.14,3.23,1.40,3.97
0.96,-0.01,-0.14,3.36,1.40,3.85
0.96,-0.02,-0.14,3.66,1.40,3.85
0.96,-0.02,-0.13,3.54,1.34,3.72
0.96,-0.02,-0.13,2.99,1.34,3.72
0.96,-0.02,-0.13,2.62,1.46,3.72
0.96,-0.02,-0.13,2.32,1.53,3.72
0.96,-0.02,-0.13,1.89,1.59,3.85
0.96,-0.01,-0.14,1.65,1.16,4.15
0.96,-0.02,-0.14,1.28,1.10,4.33
0.96,-0.02,-0.14,1.71,1.34,4.46
0.96,-0.02,-0.14,2.14,1.53,4.21
0.96,-0.02,-0.14,2.32,1.53,4.03
0.96,-0.01,-0.13,2.32,1.46,4.03
0.96,-0.01,-0.14,2.26,1.46,4.21
0.96,-0.01,-0.14,1.77,1.34,4.39
0.96,-0.01,-0.14,1.83,1.28,4.39
0.96,-0.01,-0.14,2.14,1.22,4.27
0.96,-0.01,-0.13,2.01,1.10,4.33
0.96,-0.01,-0.13,1.77,1.28,4.52
0.96,-0.01,-0.13,1.77,1.16,4.58
0.96,-0.01,-0.13,1.65,1.28,4.58
0.96,-0.01,-0.14,1.83,1.40,4.76
0.96,-0.02,-0.14,2.08,1.22,4.88
0.96,-0.02,-0.14,2.38,1.28,4.33
0.96,-0.02,-0.13,2.69,1.53,4.27
0.96,-0.02,-0.13,2.87,1.53,4.21
0.96,-0.01,-0.13,2.81,1.71,4.09
0.96,-0.01,-0.13,2.20,1.71,4.15
0.96,-0.01,-0.13,2.08,1.89,4.21
0.96,-0.02,-0.14,1.77,2.14,4.33
0.96,-0.02,-0.14,1.34,1.77,4.46
0.96,-0.02,-0.14,1.22,1.40,4.64
0.96,-0.02,-0.13,1.65,1.10,4.64
0.96,-0.02,-0.13,1.77,1.22,4.64
0.96,-0.02,-0.13,1.59,1.28,4.70
0.96,-0.02,-0.13,1.40,1.16,4.58
0.96,-0.01,-0.13,1.46,1.04,4.58
0.96,-0.01,-0.13,1.65,0.92,4.46
0.96,-0.01,-0.14,1.89,0.98,4.46
0.96,-0.01,-0.14,2.01,1.16,4.64
0.96,-0.01,-0.14,2.32,1.53,4.64
0.96,-0.01,-0.14,2.56,1.59,4.58
0.96,-0.01,-0.14,2.56,1.77,4.64
0.96,-0.00,-0.14,2.75,2.08,4.46
0.96,-0.01,-0.14,2.87,1.89,4.46
0.96,-0.01,-0.14,2.87,1.59,4.64
0.96,-0.01,-0.14,3.11,1.71,4.64
0.96,-0.01,-0.14,3.30,1.53,4.46
0.96,-0.01,-0.14,3.23,1.10,4.70
0.96,-0.01,-0.13,3.11,1.34,4.88
0.96,-0.01,-0.14,2.75,1.59,5.25
0.96,-0.02,-0.14,1.83,1.34,5.49
0.96,-0.01,-0.14,1.46,1.16,5.74
0.96,-0.02,-0.14,1.28,1.46,5.74
0.96,-0.01,-0.13,1.22,2.01,5.55
0.96,-0.01,-0.14,0.79,1.95,5.68
0.96,-0.01,-0.14,-0.12,1.83,5.86
0.96,-0.01,-0.14,-0.31,2.14,5.68
0.96,-0.00,-0.14,0.06,2.26,5.49
0.96,-0.01,-0.14,0.06,1.95,5.74
0.96,-0.01,-0.14,0.24,1.34,5.74
0.96,-0.01,-0.14,0.98,1.77,5.49
0.96,-0.01,-0.14,1.71,1.95,5.37
0.96,-0.01,-0.14,2.08,1.71,5.25
0.96,-0.01,-0.14,1.77,1.40,5.31
0.96,-0.01,-0.14,1.22,1.40,5.31
0.96,-0.01,-0.13,1.10,1.22,5.37
0.96,-0.01,-0.13,1.34,1.59,5.55
0.96,-0.01,-0.13,1.16,1.89,5.49
0.96,-0.01,-0.13,0.79,2.26,5.43
0.96,-0.01,-0.13,0.12,2.56,5.55
0.96,-0.01,-0.13,-0.37,2.69,5.55
0.96,-0.01,-0.14,-1.16,2.26,5.74
0.96,-0.01,-0.14,-1.83,1.65,5.55
0.96,-0.01,-0.14,-1.89,1.28,5.43
0.96,-0.01,-0.14,-0.79,1.83,5.43
0.96,-0.01,-0.13,0.00,2.56,5.07
0.96,-0.01,-0.13,-0.24,2.81,5.13
0.96,-0.01,-0.14,-0.43,2.32,5.43
0.97,-0.01,-0.14,-1.22,2.32,5.80
0.96,-0.02,-0.14,-1.40,2.32,5.62
0.96,-0.01,-0.14,-1.40,2.32,5.62
0.96,-0.01,-0.13,-2.01,2.08,5.74
0.96,-0.01,-0.13,-2.62,1.46,6.04
0.96,-0.01,-0.13,-3.36,1.59,6.29
0.96,-0.00,-0.13,-3.97,2.14,6.35
0.96,-0.00,-0.13,-4.52,2.32,6.23
0.96,-0.00,-0.13,-4.82,2.50,6.41
0.96,-0.01,-0.13,-4.46,2.38,6.35
0.96,-0.01,-0.14,-4.52,2.44,6.10
0.96,-0.00,-0.14,-4.39,2.44,6.23
0.96,-0.00,-0.14,-4.33,2.32,6.16
0.96,0.00,-0.14,-4.09,2.44,5.80
0.96,0.01,-0.14,-4.27,2.26,5.68
0.97,0.00,-0.14,-4.21,2.14,5.74
0.96,0.01,-0.14,-3.54,2.81,5.37
0.96,0.01,-0.14,-3.66,2.20,5.19
0.96,0.00,-0.14,-2.87,1.16,5.37
0.96,-0.00,-0.14,-1.95,1.40,5.25
0.97,-0.00,-0.14,-0.92,1.46,5.00
0.96,-0.00,-0.13,-0.18,1.46,4.88
0.96,0.01,-0.13,0.24,1.71,4.82
0.96,0.00,-0.13,0.18,2.01,4.58
0.96,0.00,-0.14,-0.55,1.89,4.58
0.96,-0.00,-0.14,-1.10,2.20,4.52
0.96,-0.00,-0.13,-0.98,2.38,4.39
0.96,-0.00,-0.14,-0.79,2.26,4.46
0.96,-0.00,-0.14,-1.16,1.95,4.82
0.96,-0.01,-0.14,-1.10,1.89,5.00
0.96,-0.01,-0.14,-0.06,2.08,4.76
0.96,-0.01,-0.14,0.37,2.01,4.21
0.96,-0.01,-0.14,-0.12,1.46,4.27
0.96,-0.01,-0.14,-0.37,1.10,4.15
0.96,-0.01,-0.14,-0.24,0.92,3.97
0.96,-0.00,-0.13,0.43,0.61,3.85
0.96,0.00,-0.13,1.46,0.31,3.85
0.96,0.01,-0.13,1.89,0.85,3.85
0.96,0.01,-0.13,2.20,1.65,3.72
0.96,0.01,-0.14,2.01,1.89,3.66
0.96,0.01,-0.14,2.20,2.01,3.60
0.96,0.01,-0.15,2.56,1.89,3.30
0.96,0.00,-0.15,2.75,1.28,2.81
0.96,0.00,-0.14,3.36,1.04,2.56
0.96,0.00,-0.14,3.97,1.34,2.44
0.96,0.00,-0.14,4.46,1.46,2.32
0.96,-0.00,-0.14,4.94,1.22,2.38
0.96,-0.00,-0.14,5.25,0.92,2.50
0.96,-0.01,-0.14,5.74,0.85,2.62
0.96,-0.00,-0.14,6.47,0.79,2.62
0.96,-0.00,-0.14,6.16,0.85,2.75
0.96,-0.00,-0.14,5.31,0.79,2.93
0.96,0.00,-0.14,4.64,1.34,2.81
0.96,-0.00,-0.14,4.21,0.98,2.87
0.96,-0.01,-0.14,4.27,0.31,2.93
0.96,-0.02,-0.13,4.76,0.61,2.81
0.96,-0.01,-0.14,5.49,0.73,2.62
0.96,-0.02,-0.13,5.13,0.73,2.69
0.96,-0.01,-0.13,4.94,0.92,2.81
0.96,-0.01,-0.13,4.94,1.28,2.56
0.96,-0.01,-0.13,4.76,1.34,2.69
0.96,-0.01,-0.14,4.52,1.34,2.93
0.96,-0.01,-0.14,4.94,1.28,3.11
0.96,-0.01,-0.14,5.43,1.34,2.75
0.96,-0.01,-0.13,5.55,1.10,2.50
0.96,-0.01,-0.14,5.13,0.85,2.44
0.96,-0.01,-0.14,4.52,0.85,2.75
0.96,-0.01,-0.14,4.33,1.04,2.44
0.96,-0.02,-0.14,4.03,1.04,2.69
0.96,-0.02,-0.14,3.72,1.10,2.81
0.96,-0.01,-0.14,3.17,0.79,2.75
0.96,-0.01,-0.14,2.56,0.49,2.99
0.96,-0.02,-0.14,2.26,0.85,3.36
0.96,-0.01,-0.14,2.62,1.04,3.42
0.96,-0.01,-0.13,2.50,1.16,3.60
0.96,-0.01,-0.13,1.95,1.34,3.91
0.96,-0.01,-0.14,1.34,1.59,4.03
0.96,-0.01,-0.13,0.73,1.71,3.97
0.96,-0.01,-0.13,0.85,1.83,3.91
0.96,-0.01,-0.14,0.67,1.65,3.97
0.96,-0.01,-0.14,-0.06,1.10,3.85
0.96,-0.02,-0.14,-0.06,0.79,3.72
0.96,-0.02,-0.14,0.24,1.16,3.78
0.96,-0.02,-0.13,0.49,1.34,3.72
0.96,-0.02,-0.13,0.73,1.22,3.85
0.96,-0.01,-0.13,1.22,1.46,3.60
0.96,-0.02,-0.14,1.34,1.53,3.85
0.96,-0.02,-0.14,1.71,1.34,3.91
0.96,-0.02,-0.13,2.14,1.46,3.36
0.96,-0.01,-0.13,2.56,1.59,3.23
0.96,-0.01,-0.13,2.38,1.59,3.48
0.96,-0.01,-0.14,1.65,1.40,3.42
0.96,-0.02,-0.14,1.16,1.59,3.42
0.96,-0.02,-0.14,1.04,1.71,3.48
0.96,-0.01,-0.14,0.85,1.53,3.36
0.96,-0.02,-0.14,0.31,0.98,3.36
0.96,-0.02,-0.14,0.67,0.92,3.72
0.96,-0.01,-0.14,1.10,1.10,3.72
0.96,-0.01,-0.14,0.98,1.16,3.72
0.96,-0.01,-0.14,0.67,1.40,3.85
0.96,-0.01,-0.14,1.04,1.40,3.91
0.96,-0.01,-0.13,1.22,1.10,4.03
0.96,-0.00,-0.14,1.40,0.98,4.33
0.96,-0.01,-0.13,1.53,1.10,4.33
0.96,-0.01,-0.13,1.77,1.46,4.39
0.96,-0.01,-0.14,1.71,1.16,4.52
0.96,-0.01,-0.14,1.46,1.10,4.58
0.96,-0.01,-0.13,1.77,1.22,4.39
0.96,-0.01,-0.13,2.01,1.16,4.52
0.96,-0.01,-0.13,1.83,1.59,4.76
0.96,-0.01,-0.13,1.16,1.89,4.76
0.96,-0.01,-0.13,1.22,1.83,4.70
0.96,-0.02,-0.14,0.73,1.40,5.00
0.96,-0.02,-0.14,0.31,1.40,5.07
0.96,-0.02,-0.14,0.49,1.53,5.07
0.96,-0.02,-0.14,0.55,1.16,5.00
0.96,-0.02,-0.14,0.24,0.98,5.00
0.96,-0.01,-0.13,0.12,1.10,5.00
0.96,-0.01,-0.13,0.49,1.40,5.13
0.96,-0.01,-0.13,0.49,1.65,5.13
0.96,-0.01,-0.13,0.31,1.71,5.00
0.96,-0.01,-0.13,0.18,1.40,5.31
0.96,-0.02,-0.14,-0.18,1.77,5.25
0.97,-0.02,-0.14,-0.06,1.77,5.00
0.96,-0.02,-0.13,0.06,1.65,4.82
0.96,-0.01,-0.13,-0.12,1.65,4.88
0.96,-0.01,-0.13,-0.67,1.83,5.07
0.96,-0.01,-0.13,-0.85,1.59,5.07
0.96,-0.01,-0.13,-0.67,1.46,4.94
0.96,-0.01,-0.13,-0.49,1.46,5.00
0.96,-0.02,-0.13,-0.31,1.83,5.07
0.96,-0.01,-0.14,-0.06,1.89,5.31
0.96,-0.01,-0.13,-0.49,1.59,5.25
0.96,-0.01,-0.13,-0.55,1.71,5.37
0.96,-0.01,-0.13,-0.55,2.20,5.25
0.96,-0.01,-0.14,-0.98,1.59,5.31
0.96,-0.01,-0.14,-0.85,1.10,5.07
0.96,-0.01,-0.13,0.24,1.46,4.82
0.96,-0.01,-0.13,0.37,1.77,4.88
0.96,-0.01,-0.13,-0.37,1.28,4.94
0.96,-0.01,-0.13,-0.61,1.04,4.88
0.96,-0.01,-0.13,-0.37,1.22,4.70
0.96,-0.01,-0.13,-0.31,1.16,4.82
0.96,-0.00,-0.13,-0.12,1.71,4.94
0.96,0.00,-0.14,0.12,2.14,4.82
0.96,0.00,-0.14,-0.24,1.71,4.70
0.96,0.00,-0.14,-0.55,0.98,4.88
0.96,0.00,-0.14,0.43,1.16,4.76
0.96,0.00,-0.14,0.67,1.34,4.70
0.96,0.00,-0.14,0.98,1.22,4.70
0.96,0.00,-0.14,1.59,1.59,4.70
0.96,0.00,-0.14,2.08,1.71,4.46
0.96,-0.00,-0.14,2.20,1.28,4.33
0.96,-0.01,-0.14,2.08,0.73,4.46
0.96,-0.01,-0.14,2.75,0.67,4.58
0.96,-0.01,-0.13,3.17,0.98,4.39
0.96,-0.00,-0.13,3.60,1.16,4.39
0.96,-0.00,-0.13,3.60,1.10,4.33
0.96,-0.00,-0.13,3.42,1.10,4.39
0.96,-0.00,-0.13,3.30,1.28,4.09
0.96,-0.00,-0.14,3.30,1.16,3.85
0.96,-0.01,-0.14,3.42,0.85,3.85
0.96,-0.00,-0.13,4.09,0.79,3.66
0.96,-0.00,-0.13,4.33,0.98,3.54
0.96,-0.01,-0.14,4.15,0.85,3.54
0.96,-0.01,-0.13,4.33,0.79,3.54
0.97,-0.01,-0.13,5.25,0.85,3.54
0.97,-0.01,-0.13,5.80,0.92,3.42
0.96,-0.01,-0.13,5.49,0.73,3.17
0.96,-0.01,-0.13,5.49,0.73,3.30
0.96,-0.01,-0.13,5.31,0.55,3.36
0.96,-0.01,-0.13,4.70,0.43,3.54
0.96,-0.01,-0.12,5.37,0.92,3.42
0.96,-0.00,-0.13,5.68,1.71,3.17
0.96,0.00,-0.14,4.39,1.22,3.36
0.96,-0.01,-0.14,3.42,0.79,3.66
0.96,-0.01,-0.13,3.97,0.73,3.48
0.96,-0.01,-0.13,4.64,0.92,3.54
0.96,-0.01,-0.13,4.46,1.40,3.60
0.96,-0.00,-0.13,4.27,1.65,3.60
0.96,-0.01,-0.14,3.48,1.59,3.60
0.96,-0.01,-0.13,3.17,0.73,3.78
0.96,-0.01,-0.12,3.85,0.49,3.60
0.96,-0.01,-0.13,4.15,0.61,3.48
0.96,-0.01,-0.13,3.85,0.49,3.66
0.97,-0.01,-0.13,3.30,1.10,3.85
0.96,-0.00,-0.12,3.30,1.65,3.66
0.96,0.00,-0.12,3.17,1.59,3.60
0.96,0.00,-0.13,2.26,1.28,3.66
0.96,-0.01,-0.14,1.89,1.10,3.72
0.96,-0.01,-0.13,2.14,1.04,3.42
0.96,-0.01,-0.13,2.93,1.40,3.36
0.96,-0.00,-0.13,3.42,1.53,3.60
0.96,-0.00,-0.14,3.05,0.98,3.97
0.96,-0.01,-0.13,2.93,0.98,4.21
0.96,-0.00,-0.13,3.60,1.28,4.03
0.96,-0.00,-0.13,4.09,1.46,3.91
0.96,-0.00,-0.13,4.27,1.53,3.85
0.96,0.00,-0.13,3.54,1.65,3.91
0.96,-0.01,-0.13,2.99,1.59,3.78
0.97,-0.01,-0.13,3.54,1.89,3.54
0.96,-0.00,-0.13,4.09,1.95,3.05
0.96,-0.00,-0.13,3.66,1.65,3.05
0.96,-0.00,-0.13,3.30,1.40,3.42
0.96,-0.01,-0.13,3.36,1.95,3.36
0.96,-0.00,-0.13,3.23,1.95,3.42
0.96,-0.00,-0.13,3.05,1.46,3.48
0.96,0.00,-0.13,3.11,1.40,3.42
0.96,-0.00,-0.13,3.48,1.77,3.42
0.97,-0.00,-0.13,3.48,2.38,3.42
0.96,-0.00,-0.13,3.72,2.44,3.17
0.96,-0.00,-0.13,3.54,2.14,3.48
0.96,-0.00,-0.13,3.11,1.89,3.30
0.96,-0.01,-0.13,2.93,1.65,3.36
0.96,-0.01,-0.13,2.81,1.71,3.54
0.96,-0.01,-0.13,3.05,2.20,3.36
0.96,-0.01,-0.13,2.87,2.08,3.42
0.96,-0.01,-0.13,2.75,1.65,3.54
0.96,-0.02,-0.13,3.23,1.89,3.60
0.96,-0.01,-0.13,3.78,2.20,3.72
0.96,-0.01,-0.12,3.30,2.20,3.72
0.96,-0.01,-0.12,2.93,2.01,3.78
0.96,-0.01,-0.13,2.81,2.14,3.78
0.96,-0.01,-0.14,2.32,2.14,3.91
0.97,-0.01,-0.13,2.26,1.83,3.30
0.96,-0.01,-0.13,2.81,1.65,3.17
0.96,-0.01,-0.13,3.23,1.40,3.36
0.96,-0.01,-0.13,2.87,1.59,3.60
0.96,-0.01,-0.12,2.87,2.01,3.66
0.96,-0.01,-0.13,3.05,2.32,3.48
0.96,-0.01,-0.13,2.56,2.32,3.72
0.96,-0.01,-0.13,2.20,2.08,3.85
0.97,-0.02,-0.13,2.32,2.26,3.48
0.97,-0.02,-0.13,2.50,2.38,3.42
0.96,-0.02,-0.13,2.93,2.14,3.60
0.96,-0.02,-0.13,2.87,1.89,3.60
0.96,-0.02,-0.12,2.99,1.77,3.66
0.96,-0.01,-0.12,3.48,2.14,3.66
0.96,-0.01,-0.13,2.75,2.50,3.66
0.96,-0.02,-0.14,1.89,1.89,3.78
0.96,-0.02,-0.13,2.01,1.46,3.72
0.96,-0.02,-0.13,2.81,1.77,3.48
0.96,-0.02,-0.13,2.99,1.77,3.54
0.96,-0.02,-0.13,2.44,1.83,3.78
0.96,-0.02,-0.13,1.89,2.01,3.85
0.96,-0.02,-0.13,1.83,1.83,3.85
0.96,-0.02,-0.13,1.77,1.46,3.97
0.97,-0.02,-0.13,1.77,1.40,3.97
0.96,-0.01,-0.13,1.59,1.46,3.85
0.96,-0.01,-0.13,1.53,1.71,3.85
0.96,-0.01,-0.13,1.10,1.59,3.97
0.96,-0.01,-0.13,0.92,1.59,4.21
0.96,-0.02,-0.14,1.22,1.65,3.91
0.96,-0.02,-0.13,1.59,1.71,3.91
0.96,-0.01,-0.13,1.95,1.89,3.91
0.96,-0.01,-0.13,1.95,1.65,3.78
0.96,-0.01,-0.13,1.77,1.46,3.78
0.96,-0.02,-0.13,1.89,1.46,3.72
0.96,-0.02,-0.13,1.95,1.28,3.97
0.96,-0.02,-0.13,2.01,1.22,4.09
0.96,-0.02,-0.13,1.95,1.22,3.97
0.96,-0.02,-0.13,2.20,1.34,4.33
0.96,-0.02,-0.13,2.14,1.34,4.15
0.96,-0.01,-0.13,1.77,1.46,4.09
0.96,-0.02,-0.13,1.40,1.28,4.09
0.96,-0.02,-0.13,1.34,1.16,3.91
0.96,-0.01,-0.13,1.59,1.40,4.03
0.96,-0.01,-0.14,1.40,1.53,4.03
0.96,-0.02,-0.14,0.98,0.98,4.21
0.96,-0.02,-0.13,1.34,0.92,4.15
0.96,-0.01,-0.13,1.83,1.10,4.21
0.97,-0.01,-0.13,1.59,1.16,4.27
0.96,-0.01,-0.13,1.89,1.46,4.09
0.96,-0.01,-0.14,1.71,1.53,3.97
0.96,-0.01,-0.14,1.89,0.98,3.97
0.96,-0.01,-0.13,2.50,0.79,3.85
0.96,-0.01,-0.13,2.81,0.92,3.72
0.96,-0.00,-0.13,2.50,1.40,3.85
0.96,-0.00,-0.14,1.59,1.28,3.78
0.96,-0.01,-0.14,0.49,1.04,4.33
0.96,-0.01,-0.14,0.85,1.22,4.09
0.96,-0.02,-0.14,1.65,0.85,3.72
0.96,-0.02,-0.13,2.14,0.73,3.60
0.96,-0.01,-0.13,2.08,0.98,3.66
0.96,-0.01,-0.13,1.53,0.43,3.91
0.96,-0.01,-0.13,1.65,0.37,4.03
0.96,-0.01,-0.13,2.32,1.04,3.97
0.96,-0.01,-0.13,2.69,1.46,3.78
0.96,-0.01,-0.14,3.17,1.16,3.54
0.96,-0.01,-0.13,3.11,0.92,3.48
0.96,-0.00,-0.13,3.72,1.22,3.48
0.96,-0.01,-0.13,3.78,1.59,3.30
0.96,-0.01,-0.13,3.85,1.95,2.93
0.96,-0.00,-0.14,4.03,2.20,2.81
0.96,-0.01,-0.14,3.54,2.08,2.75
0.96,-0.01,-0.13,3.66,1.59,3.17
0.96,-0.02,-0.13,4.21,1.46,2.99
0.96,-0.01,-0.14,4.46,1.53,2.62
0.96,-0.02,-0.13,3.91,1.40,2.62
0.96,-0.02,-0.13,4.03,1.71,2.69
0.96,-0.02,-0.13,4.46,1.34,2.93
0.96,-0.02,-0.13,4.21,0.73,2.99
0.97,-0.02,-0.13,4.58,1.46,3.11
0.97,-0.02,-0.13,4.64,1.65,3.05
0.96,-0.01,-0.13,4.27,1.22,3.05
0.96,-0.01,-0.13,3.36,1.46,2.93
0.96,-0.01,-0.13,2.44,1.46,3.11
0.96,-0.02,-0.13,2.08,1.16,3.54
0.96,-0.02,-0.13,2.50,1.46,3.36
0.96,-0.02,-0.13,2.75,1.34,3.23
0.96,-0.02,-0.13,2.75,1.34,3.54
0.96,-0.01,-0.13,2.75,1.59,3.36
0.96,-0.01,-0.13,2.38,2.01,3.36
0.96,-0.02,-0.13,2.32,1.83,3.48
0.96,-0.01,-0.13,2.32,2.01,3.54
0.97,-0.01,-0.13,2.08,2.44,3.48
0.96,-0.01,-0.14,2.08,2.20,3.48
0.96,-0.02,-0.13,2.14,1.71,3.11
0.96,-0.02,-0.13,2.62,1.34,2.87
0.96,-0.02,-0.13,2.69,0.92,3.11
0.96,-0.02,-0.13,2.44,1.22,3.30
0.96,-0.02,-0.13,2.56,1.59,3.23
0.96,-0.01,-0.13,2.93,1.65,3.17
0.96,-0.01,-0.13,2.99,1.53,3.48
0.96,-0.01,-0.13,3.30,2.14,3.60
0.96,-0.00,-0.13,2.69,2.93,3.48
0.96,-0.01,-0.14,1.77,2.32,3.85
0.97,-0.02,-0.14,1.53,1.95,3.97
0.97,-0.02,-0.14,2.69,2.14,3.60
0.96,-0.02,-0.13,3.11,1.59,3.54
0.96,-0.02,-0.13,3.11,1.46,3.54
0.96,-0.02,-0.13,2.87,2.01,3.48
0.96,-0.01,-0.13,2.75,2.26,3.48
0.96,-0.01,-0.13,2.44,1.95,3.66
0.96,-0.02,-0.13,2.08,1.65,3.85
0.96,-0.02,-0.13,1.83,1.89,3.91
0.96,-0.02,-0.14,1.83,2.38,3.97
0.96,-0.03,-0.13,1.77,1.83,4.09
0.96,-0.03,-0.13,1.83,1.95,4.09
0.96,-0.03,-0.13,2.08,2.14,4.03
0.96,-0.03,-0.13,2.26,1.89,3.97
0.96,-0.02,-0.13,2.44,1.65,3.97
0.96,-0.03,-0.13,2.44,1.89,3.66
0.96,-0.03,-0.13,2.81,1.95,3.72
0.96,-0.03,-0.13,3.30,2.26,3.48
0.96,-0.03,-0.13,2.87,1.89,3.42
0.96,-0.03,-0.13,2.32,1.16,3.72
0.96,-0.03,-0.13,2.01,1.22,3.85
0.96,-0.03,-0.13,1.89,1.22,4.03
0.96,-0.03,-0.13,0.98,0.92,3.97
0.96,-0.02,-0.13,0.61,1.16,4.15
0.96,-0.02,-0.13,0.85,1.77,4.15
0.96,-0.02,-0.13,0.92,1.95,4.03
0.96,-0.02,-0.14,0.61,1.65,4.27
0.96,-0.02,-0.13,0.98,1.59,4.21
0.96,-0.02,-0.13,1.83,1.83,3.91
0.96,-0.01,-0.13,2.62,1.83,3.91
0.96,-0.01,-0.13,2.62,1.95,3.85
0.96,-0.01,-0.14,2.26,1.83,3.66
0.96,-0.01,-0.14,1.77,1.71,3.66
0.96,-0.02,-0.14,1.89,1.40,3.60
0.96,-0.02,-0.13,2.14,1.16,3.60
0.96,-0.02,-0.13,2.01,0.85,3.97
0.96,-0.02,-0.13,1.89,1.10,4.03
0.96,-0.02,-0.13,1.95,1.59,4.09
0.96,-0.02,-0.13,1.83,1.40,4.33
0.96,-0.02,-0.13,1.83,1.53,4.27
0.96,-0.02,-0.13,2.32,2.01,4.21
0.96,-0.02,-0.13,2.62,1.83,4.15
0.96,-0.02,-0.13,2.32,1.77,4.15
0.96,-0.02,-0.14,1.77,1.65,3.85
0.96,-0.03,-0.13,1.71,1.16,4.09
0.96,-0.03,-0.13,2.08,1.16,4.03
0.96,-0.03,-0.13,1.77,1.34,4.09
0.96,-0.03,-0.13,1.40,1.65,4.39
0.96,-0.02,-0.13,1.40,1.83,4.27
0.96,-0.02,-0.14,0.92,1.59,4.27
0.96,-0.03,-0.14,0.18,1.46,4.52
0.97,-0.03,-0.14,0.67,1.65,4.46
0.96,-0.03,-0.14,1.22,1.65,4.39
0.96,-0.02,-0.13,1.28,1.16,4.52
0.96,-0.02,-0.13,1.16,1.53,4.64
0.96,-0.02,-0.13,1.10,1.40,4.64
0.96,-0.02,-0.13,1.22,1.10,4.64
0.96,-0.02,-0.13,1.46,1.28,4.64
0.96,-0.02,-0.13,1.65,1.59,4.46
0.96,-0.02,-0.14,1.59,1.34,4.46
0.96,-0.02,-0.14,1.59,0.98,4.52
0.96,-0.02,-0.13,1.89,1.16,4.64
0.96,-0.02,-0.13,1.95,1.16,4.58
0.96,-0.02,-0.13,1.89,1.59,4.58
0.96,-0.02,-0.13,1.53,1.89,4.52
0.96,-0.02,-0.14,1.28,1.71,4.58
0.96,-0.03,-0.14,0.85,1.28,4.58
0.96,-0.03,-0.13,0.92,0.98,4.52
0.96,-0.03,-0.13,1.28,0.98,4.39
0.96,-0.02,-0.13,1.34,0.85,4.46
0.96,-0.02,-0.13,1.34,1.04,4.70
0.96,-0.02,-0.13,1.28,1.34,4.46
0.96,-0.02,-0.14,0.79,1.46,4.33
0.96,-0.02,-0.14,0.55,0.92,4.33
0.96,-0.02,-0.13,0.55,0.92,4.39
0.96,-0.02,-0.13,1.04,1.16,4.33
0.96,-0.01,-0.13,1.46,1.46,4.21
0.96,-0.01,-0.13,1.59,1.77,4.09
0.96,-0.01,-0.14,1.04,1.59,4.15
0.96,-0.01,-0.14,0.79,1.10,4.15
0.96,-0.01,-0.13,1.10,1.10,4.33
0.96,-0.01,-0.13,1.71,1.46,4.33
0.96,-0.01,-0.14,1.71,1.34,4.39
0.96,-0.01,-0.13,1.46,0.92,4.52
0.96,-0.01,-0.13,1.77,1.40,4.58
0.96,-0.01,-0.13,1.83,1.40,4.58
0.96,-0.01,-0.13,1.71,1.10,4.76
0.96,-0.01,-0.13,2.20,1.46,4.46
0.96,-0.01,-0.13,2.56,2.20,4.27
0.96,-0.01,-0.14,2.08,2.38,4.09
0.96,-0.02,-0.14,1.46,1.83,4.21
0.96,-0.02,-0.13,1.46,1.83,4.03
0.96,-0.02,-0.13,1.65,1.46,4.15
0.96,-0.03,-0.13,1.59,0.98,4.46
0.96,-0.03,-0.13,2.01,1.34,4.33
0.96,-0.02,-0.13,2.08,2.01,4.27
0.96,-0.02,-0.13,1.89,1.95,4.33
0.96,-0.02,-0.13,1.34,1.77,4.39
0.96,-0.01,-0.13,0.79,1.46,4.21
0.96,-0.02,-0.13,0.37,1.28,4.39
0.96,-0.02,-0.13,0.43,1.71,4.46
0.96,-0.02,-0.13,0.67,1.89,4.39
0.96,-0.01,-0.13,0.73,1.46,4.39
0.96,-0.01,-0.13,0.73,1.34,4.58
0.96,-0.01,-0.13,1.22,1.59,4.64
0.96,-0.01,-0.13,1.40,1.71,4.88
0.96,-0.01,-0.13,1.83,2.01,4.64
0.96,-0.01,-0.13,2.08,2.01,4.76
0.96,-0.01,-0.13,2.26,1.77,4.82
0.96,-0.01,-0.14,2.01,1.95,4.46
0.96,-0.02,-0.14,1.46,1.59,4.33
0.96,-0.02,-0.13,1.59,1.28,4.52
0.96,-0.02,-0.13,2.38,1.83,4.21
0.96,-0.02,-0.13,2.44,1.77,4.09
0.96,-0.02,-0.13,2.01,1.40,4.15
0.96,-0.02,-0.13,2.20,1.59,4.09
0.96,-0.02,-0.13,1.95,1.59,4.15
0.96,-0.02,-0.13,1.77,1.40,4.21
0.96,-0.01,-0.13,1.71,1.59,3.97
0.96,-0.01,-0.13,1.46,1.53,4.21
0.96,-0.01,-0.13,1.65,1.34,4.33
0.96,-0.02,-0.13,1.71,1.40,4.27
0.96,-0.02,-0.13,2.32,1.59,4.27
0.96,-0.02,-0.13,2.56,1.46,4.15
0.96,-0.02,-0.13,2.50,1.65,4.03
0.96,-0.02,-0.13,2.69,1.95,3.78
0.96,-0.02,-0.13,2.69,2.01,3.72
0.96,-0.02,-0.14,2.26,1.77,3.85
0.96,-0.02,-0.13,2.08,1.46,3.78
0.96,-0.02,-0.13,2.26,1.59,4.09
0.96,-0.02,-0.13,2.20,1.89,4.21
0.96,-0.02,-0.13,1.77,1.59,4.33
0.96,-0.02,-0.13,1.34,1.40,4.39
0.96,-0.02,-0.13,1.46,1.59,4.33
0.96,-0.02,-0.13,1.53,1.46,4.39
0.96,-0.03,-0.13,1.59,0.98,4.58
0.96,-0.03,-0.12,2.01,1.65,4.46
0.96,-0.02,-0.13,2.08,2.32,4.15
0.96,-0.02,-0.13,1.59,1.77,4.39
0.96,-0.02,-0.13,1.04,1.40,4.46
0.96,-0.02,-0.13,1.46,1.71,4.27
0.96,-0.02,-0.13,1.28,1.77,4.39
0.96,-0.02,-0.13,0.79,1.46,4.52
0.96,-0.02,-0.13,1.16,1.65,4.58
0.96,-0.02,-0.13,1.28,1.59,4.46
0.96,-0.02,-0.13,1.22,1.40,4.64
0.96,-0.02,-0.13,1.10,1.34,4.88
0.96,-0.02,-0.13,1.59,1.65,4.88
0.96,-0.01,-0.13,1.53,1.83,4.58
0.96,-0.02,-0.14,0.92,1.59,4.64
0.96,-0.02,-0.14,0.55,1.34,4.76
0.96,-0.02,-0.13,0.92,1.10,4.76
0.96,-0.02,-0.13,1.46,1.16,4.76
0.96,-0.02,-0.12,1.40,1.34,4.70
0.96,-0.01,-0.13,1.28,1.34,4.76
0.96,-0.02,-0.13,0.61,1.40,4.88
0.96,-0.02,-0.13,0.31,1.34,4.76
0.96,-0.02,-0.13,0.37,1.53,4.70
0.96,-0.02,-0.13,0.67,1.28,4.64
0.96,-0.01,-0.14,0.85,1.16,4.70
0.96,-0.01,-0.13,0.67,1.10,4.64
0.96,-0.01,-0.13,1.22,1.22,4.64
0.96,-0.01,-0.13,1.34,1.28,4.76
0.96,-0.01,-0.13,1.46,1.34,4.70
0.96,-0.01,-0.13,1.53,1.34,4.64
0.96,-0.01,-0.13,1.65,1.28,4.70
0.96,-0.01,-0.13,1.89,1.16,4.64
0.96,-0.02,-0.13,1.95,1.16,4.58
0.96,-0.01,-0.13,2.08,1.28,4.70
0.96,-0.01,-0.13,1.89,1.22,4.64
0.96,-0.02,-0.13,1.71,0.73,4.58
0.96,-0.01,-0.13,1.89,0.85,4.52
0.96,-0.01,-0.13,1.95,1.16,4.46
0.96,-0.02,-0.13,1.83,0.85,4.39
0.96,-0.02,-0.13,2.08,0.92,4.46
0.96,-0.02,-0.13,2.32,1.22,4.09
0.96,-0.02,-0.13,2.26,1.10,3.97
0.96,-0.02,-0.13,2.01,0.85,4.15
0.96,-0.02,-0.13,1.77,0.92,4.27
0.96,-0.02,-0.13,2.08,1.10,4.15
0.96,-0.02,-0.13,2.26,0.92,4.15
0.96,-0.01,-0.13,2.56,0.61,4.09
0.96,-0.01,-0.13,2.93,0.79,4.03
0.96,-0.01,-0.13,3.05,1.28,3.97
0.96,-0.01,-0.13,3.11,1.65,3.91
0.96,-0.01,-0.13,3.11,1.65,3.85
0.96,-0.01,-0.13,3.11,1.40,3.97
0.96,-0.01,-0.13,2.75,1.40,3.78
0.96,-0.01,-0.13,2.56,1.34,3.48
0.96,-0.01,-0.13,2.62,0.79,3.60
0.96,-0.02,-0.13,2.69,0.79,3.66
0.97,-0.01,-0.13,2.56,1.04,3.66
0.96,-0.01,-0.13,2.26,0.79,3.60
0.96,-0.01,-0.13,1.71,0.67,3.72
0.96,-0.01,-0.13,1.22,0.31,4.03
0.96,-0.01,-0.13,1.28,0.31,4.33
0.96,-0.01,-0.13,1.71,0.85,4.21
0.96,-0.01,-0.13,1.83,0.92,4.09
0.96,-0.01,-0.13,1.95,0.61,4.03
0.96,-0.01,-0.13,2.38,0.98,4.03
0.96,-0.01,-0.13,2.81,1.40,4.03
0.96,-0.01,-0.13,3.30,1.34,3.85
0.96,-0.01,-0.13,3.54,1.46,3.85
0.97,-0.01,-0.13,3.05,1.53,3.78
0.96,-0.01,-0.13,2.81,1.65,3.48
0.96,-0.01,-0.13,2.99,1.53,3.54
0.96,-0.02,-0.13,2.26,1.28,3.72
0.96,-0.02,-0.13,2.01,1.46,3.85
0.96,-0.02,-0.13,2.14,1.46,3.91
0.96,-0.02,-0.13,1.89,1.22,4.27
0.96,-0.02,-0.13,1.71,1.46,4.58
0.96,-0.02,-0.13,1.77,1.34,4.39
0.96,-0.01,-0.12,1.95,1.34,4.46
0.96,-0.01,-0.12,1.83,1.65,4.33
0.96,-0.01,-0.13,1.65,2.20,4.21
0.96,-0.01,-0.13,1.28,1.83,4.21
0.96,-0.01,-0.13,1.40,1.95,4.39
0.96,-0.01,-0.13,1.46,2.38,4.21
0.96,-0.01,-0.13,1.40,1.89,4.33
0.96,-0.01,-0.13,1.28,1.04,4.64
0.96,-0.02,-0.13,1.22,1.22,4.64
0.96,-0.02,-0.13,1.34,1.46,4.64
0.96,-0.02,-0.13,1.46,1.16,4.46
0.96,-0.02,-0.13,1.16,1.34,4.76
0.96,-0.01,-0.12,1.46,1.83,4.94
0.96,-0.01,-0.13,1.40,2.08,4.76
0.96,-0.01,-0.13,1.22,1.95,4.70
0.96,-0.01,-0.13,1.40,2.14,4.33
0.96,-0.01,-0.13,0.98,2.01,4.58
0.96,-0.01,-0.13,1.04,1.95,4.76
0.96,-0.01,-0.13,1.65,2.01,4.52
0.96,-0.01,-0.13,2.01,1.77,4.58
0.96,-0.01,-0.13,2.01,1.34,4.70
0.97,-0.02,-0.13,2.14,1.16,4.46
0.97,-0.02,-0.13,2.50,1.28,4.15
0.97,-0.02,-0.13,2.75,0.98,3.78
0.96,-0.02,-0.12,2.69,1.10,3.60
0.96,-0.02,-0.12,2.20,1.16,3.60
0.96,-0.01,-0.12,1.22,0.92,3.91
0.96,-0.01,-0.12,0.55,1.34,3.91
0.96,-0.01,-0.13,0.31,1.77,3.97
0.96,-0.01,-0.13,0.49,1.53,4.15
0.96,-0.01,-0.13,1.16,1.59,4.03
0.96,-0.01,-0.13,1.46,1.65,3.91
0.96,-0.01,-0.13,1.46,1.34,3.97
0.96,-0.01,-0.13,1.65,1.28,4.03
0.96,-0.01,-0.13,1.83,1.10,3.78
0.96,-0.01,-0.13,2.26,1.16,3.72
0.96,-0.01,-0.13,2.75,1.65,3.78
0.96,-0.01,-0.13,2.62,2.20,3.54
0.96,-0.01,-0.13,2.32,2.20,3.48
0.96,-0.01,-0.13,2.01,1.71,3.54
0.96,-0.01,-0.13,1.95,1.46,3.78
0.96,-0.01,-0.13,2.81,1.71,3.78
0.97,-0.01,-0.13,3.05,1.89,3.66
0.96,-0.01,-0.13,2.75,1.65,3.54
0.96,-0.01,-0.12,2.50,1.83,3.66
0.96,-0.01,-0.13,2.32,2.20,3.72
0.96,-0.02,-0.13,1.95,2.26,3.85
0.96,-0.02,-0.13,1.95,2.87,3.85
0.96,-0.02,-0.13,2.14,2.87,3.72
0.96,-0.02,-0.13,1.89,2.01,3.66
0.96,-0.02,-0.13,2.14,1.59,3.85
0.96,-0.02,-0.12,2.75,1.53,3.78
0.96,-0.02,-0.12,3.30,1.65,3.85
0.96,-0.02,-0.13,2.75,1.10,3.66
0.96,-0.02,-0.12,2.01,1.71,3.72
0.96,-0.01,-0.12,2.01,2.38,3.36
0.96,-0.02,-0.13,1.71,2.26,3.60
0.96,-0.02,-0.13,1.34,2.20,3.72
0.96,-0.02,-0.13,1.71,2.75,3.36
0.96,-0.02,-0.13,1.65,2.50,3.42
0.96,-0.02,-0.13,1.34,1.95,3.42
0.96,-0.02,-0.13,1.53,1.95,3.23
0.97,-0.02,-0.13,2.20,1.59,2.93
0.96,-0.02,-0.13,2.38,0.85,2.62
0.96,-0.02,-0.13,2.01,0.85,2.87
0.96,-0.02,-0.12,2.62,1.59,2.93
0.96,-0.00,-0.12,3.23,2.32,2.50
0.96,-0.00,-0.12,2.56,2.75,2.56
0.96,-0.00,-0.13,1.65,2.62,2.99
0.96,-0.01,-0.14,1.40,1.77,3.17
0.96,-0.02,-0.14,1.95,1.65,3.42
0.96,-0.02,-0.14,2.56,1.77,3.48
0.97,-0.02,-0.14,2.93,1.71,3.78
0.97,-0.02,-0.12,3.54,1.95,3.85
0.97,-0.01,-0.12,3.78,2.20,3.85
0.97,-0.02,-0.12,3.05,2.38,3.48
0.96,-0.02,-0.13,2.50,2.69,3.05
0.96,-0.02,-0.14,1.77,2.38,3.11
0.96,-0.02,-0.14,1.53,1.83,3.30
0.96,-0.03,-0.14,1.46,1.83,3.36
0.96,-0.03,-0.14,1.65,1.83,3.42
0.96,-0.03,-0.13,1.95,1.83,3.54
0.96,-0.02,-0.13,2.38,1.65,3.85
0.96,-0.02,-0.13,2.44,1.46,3.97
0.96,-0.02,-0.13,2.56,1.46,3.91
0.96,-0.03,-0.13,2.62,1.22,3.85
0.97,-0.03,-0.13,2.87,1.34,3.91
0.97,-0.02,-0.13,3.23,1.77,3.72
0.96,-0.02,-0.13,3.23,1.95,3.72
0.97,-0.02,-0.13,2.69,1.71,3.78
0.96,-0.01,-0.13,2.81,1.71,3.66
0.97,-0.01,-0.13,3.36,2.01,3.78
0.96,-0.01,-0.13,3.42,1.89,3.91
0.96,-0.02,-0.13,3.66,1.71,3.66
0.96,-0.02,-0.13,4.03,1.77,3.48
0.96,-0.02,-0.13,4.76,2.01,3.17
0.96,-0.02,-0.13,4.58,1.95,3.05
0.96,-0.02,-0.14,4.15,1.34,3.36
0.96,-0.02,-0.13,4.09,1.34,3.54
0.96,-0.02,-0.13,3.97,1.40,3.72
0.96,-0.02,-0.13,3.97,1.71,3.66
0.96,-0.02,-0.14,3.66,1.83,3.66
0.96,-0.02,-0.14,2.50,1.28,3.66
0.96,-0.02,-0.14,1.95,0.73,3.78
0.96,-0.02,-0.13,2.01,0.37,3.91
0.96,-0.02,-0.13,2.14,0.49,4.09
0.96,-0.02,-0.13,2.38,0.85,4.21
0.96,-0.02,-0.13,2.62,1.46,4.33
0.96,-0.02,-0.12,2.81,1.71,4.33
0.96,-0.02,-0.13,2.50,1.77,4.33
0.97,-0.02,-0.13,2.38,1.77,4.15
0.96,-0.03,-0.13,2.26,1.89,3.91
0.96,-0.02,-0.13,2.14,2.38,3.72
0.96,-0.02,-0.13,2.01,2.69,3.42
0.95,-0.01,-0.14,1.53,2.44,3.36
0.96,-0.02,-0.14,0.55,1.71,3.85
0.96,-0.02,-0.14,0.49,1.65,3.91
0.96,-0.03,-0.14,0.73,1.46,4.09
0.96,-0.03,-0.13,0.92,1.16,4.21
0.96,-0.02,-0.13,1.40,1.89,4.09
0.96,-0.02,-0.12,1.34,2.32,4.27
0.96,-0.01,-0.13,0.24,2.08,4.46
0.96,-0.02,-0.13,-0.43,1.95,4.52
0.97,-0.02,-0.13,-0.06,1.89,4.46
0.96,-0.02,-0.13,0.43,2.38,4.33
0.96,-0.02,-0.14,-0.31,2.08,4.39
0.96,-0.02,-0.14,-1.28,1.71,4.76
0.96,-0.01,-0.13,-1.16,2.44,4.58
0.96,-0.01,-0.13,-0.92,2.87,4.58
0.96,-0.01,-0.14,-1.28,1.95,5.00
0.96,-0.02,-0.14,-1.40,1.89,5.07
0.96,-0.03,-0.13,-0.55,2.08,4.82
0.96,-0.02,-0.13,0.49,1.95,4.82
0.96,-0.02,-0.12,1.04,2.20,4.88
0.96,-0.01,-0.13,1.04,2.50,4.70
0.96,-0.02,-0.14,0.43,2.01,4.70
0.97,-0.02,-0.14,-0.06,1.65,4.64
0.97,-0.03,-0.13,0.37,1.59,4.33
0.96,-0.02,-0.12,1.59,2.44,4.03
0.95,-0.01,-0.13,1.40,2.81,3.72
0.96,-0.02,-0.14,-0.31,1.89,4.21
0.96,-0.03,-0.13,-1.10,1.59,4.52
0.96,-0.03,-0.13,-0.18,2.50,4.27
0.96,-0.02,-0.13,0.12,2.20,4.27
0.96,-0.02,-0.13,-0.18,1.65,4.21
0.96,-0.02,-0.13,-0.67,1.89,4.39
0.96,-0.02,-0.13,-0.12,1.89,4.15
0.96,-0.03,-0.13,0.12,1.53,4.09
0.96,-0.03,-0.14,-0.12,1.28,4.03
0.97,-0.03,-0.13,0.24,1.46,4.03
0.96,-0.02,-0.12,0.49,1.89,3.85
0.96,-0.01,-0.14,-0.24,1.71,3.72
0.96,-0.02,-0.14,-1.53,0.98,4.09
0.96,-0.03,-0.14,-0.92,1.34,3.91
0.96,-0.02,-0.13,0.49,1.89,3.60
0.96,-0.02,-0.13,0.79,1.59,3.54
0.96,-0.02,-0.13,0.49,1.65,3.54
0.96,-0.02,-0.14,0.24,1.89,3.23
0.96,-0.02,-0.14,-0.18,1.53,3.48
0.96,-0.03,-0.14,0.31,1.04,3.48
0.96,-0.03,-0.14,0.85,1.16,3.17
0.96,-0.02,-0.14,1.28,1.16,3.36
0.96,-0.02,-0.13,1.40,1.53,3.48
0.96,-0.02,-0.13,1.53,1.77,3.60
0.96,-0.02,-0.13,1.34,1.77,3.72
0.96,-0.02,-0.13,1.04,1.71,3.60
0.96,-0.02,-0.14,1.40,2.08,3.36
0.96,-0.03,-0.14,1.46,1.77,3.48
0.96,-0.03,-0.14,1.53,1.40,3.42
0.96,-0.03,-0.13,1.83,1.53,3.17
0.96,-0.03,-0.13,1.89,1.34,3.23
0.96,-0.03,-0.13,1.40,0.98,3.42
0.96,-0.03,-0.13,1.04,1.22,3.78
0.96,-0.02,-0.13,1.04,1.16,3.78
0.96,-0.02,-0.13,1.40,1.46,3.78
0.96,-0.02,-0.14,1.28,1.28,3.91
0.96,-0.03,-0.13,0.98,1.22,3.97
0.96,-0.02,-0.13,1.65,1.65,3.66
0.96,-0.02,-0.13,1.95,1.83,3.60
0.96,-0.02,-0.14,1.40,1.46,3.91
0.96,-0.03,-0.13,1.46,1.22,4.09
0.96,-0.03,-0.13,2.26,1.22,4.03
0.97,-0.03,-0.13,3.11,1.46,4.03
0.97,-0.03,-0.13,2.93,2.08,4.03
0.97,-0.02,-0.13,2.32,2.38,3.72
0.96,-0.02,-0.13,1.46,2.14,3.78
0.96,-0.03,-0.14,0.67,1.40,4.21
0.96,-0.03,-0.14,0.85,1.16,4.39
0.96,-0.03,-0.14,1.46,1.28,4.21
0.96,-0.03,-0.13,2.08,1.34,4.09
0.96,-0.03,-0.14,1.89,1.04,4.46
0.96,-0.03,-0.13,1.28,0.85,4.70
0.96,-0.03,-0.13,1.65,0.73,4.70
0.96,-0.03,-0.13,2.32,1.10,4.70
0.96,-0.03,-0.13,2.44,1.40,4.52
0.96,-0.03,-0.14,1.95,1.16,4.33
0.96,-0.03,-0.14,1.34,0.55,4.27
0.96,-0.03,-0.13,1.34,0.31,4.21
0.96,-0.03,-0.13,1.71,0.49,4.27
0.96,-0.03,-0.13,2.20,0.85,4.33
0.96,-0.02,-0.13,2.14,1.16,4.58
0.96,-0.02,-0.13,1.53,1.53,4.70
0.96,-0.03,-0.13,1.40,1.59,4.52
0.96,-0.03,-0.13,1.65,1.59,4.46
0.96,-0.03,-0.13,1.65,1.53,4.39
0.96,-0.03,-0.13,1.71,1.53,4.46
0.97,-0.03,-0.14,1.59,1.95,4.27
0.96,-0.03,-0.13,1.10,1.89,3.91
0.96,-0.02,-0.14,0.61,1.22,3.91
0.96,-0.02,-0.13,0.24,1.10,3.97
0.96,-0.02,-0.13,0.67,1.04,4.03
0.96,-0.02,-0.13,0.98,0.92,3.91
0.96,-0.01,-0.13,1.10,1.10,3.78
0.96,-0.00,-0.13,1.16,1.34,3.78
0.96,0.00,-0.13,0.49,1.53,3.78
0.96,-0.00,-0.14,-0.18,1.65,4.27
0.96,-0.01,-0.14,0.31,1.40,4.64
0.96,-0.01,-0.14,1.10,1.34,4.58
0.96,-0.01,-0.14,1.83,1.22,4.52
0.96,-0.01,-0.13,2.26,0.98,4.64
0.96,-0.01,-0.13,2.32,1.16,4.64
0.96,-0.01,-0.13,3.11,1.65,4.52
0.96,-0.02,-0.13,3.85,1.83,4.39
0.96,-0.02,-0.13,3.85,1.89,4.21
0.96,-0.02,-0.13,3.60,1.71,4.03
0.96,-0.03,-0.13,3.54,1.34,3.97
0.96,-0.03,-0.13,3.54,1.65,4.09
0.96,-0.03,-0.13,3.54,1.95,4.27
0.96,-0.03,-0.13,3.60,2.26,4.21
0.96,-0.03,-0.13,3.17,2.32,4.09
0.96,-0.03,-0.13,2.44,2.08,4.21
0.96,-0.03,-0.14,2.08,1.77,4.46
0.96,-0.03,-0.13,2.01,1.77,4.46
0.96,-0.03,-0.13,2.20,1.89,4.27
0.96,-0.03,-0.14,1.77,1.53,4.39
0.96,-0.03,-0.14,0.98,1.28,4.33
0.96,-0.03,-0.13,0.92,1.10,4.21
0.96,-0.03,-0.13,1.22,1.10,4.27
0.96,-0.02,-0.12,1.53,1.65,4.27
0.96,-0.02,-0.12,1.83,2.26,4.21
0.96,-0.01,-0.13,1.59,2.56,4.52
0.96,-0.02,-0.14,1.28,2.26,4.76
0.96,-0.02,-0.14,0.73,1.89,4.82
0.96,-0.03,-0.14,0.85,2.32,4.82
0.96,-0.03,-0.13,1.22,2.69,4.76
0.96,-0.02,-0.14,0.79,2.32,5.00
0.96,-0.03,-0.14,0.00,2.26,5.07
0.96,-0.03,-0.13,-0.24,2.32,5.13
0.96,-0.03,-0.13,0.18,2.01,5.07
0.96,-0.03,-0.14,0.43,1.65,5.00
0.96,-0.03,-0.13,0.18,1.28,5.25
0.96,-0.03,-0.13,0.79,1.40,5.31
0.96,-0.02,-0.12,0.79,2.14,5.13
0.96,-0.02,-0.13,0.55,3.05,5.07
0.96,-0.02,-0.13,-0.37,2.87,4.94
0.96,-0.02,-0.14,-0.79,2.08,4.94
0.96,-0.03,-0.14,-0.67,1.95,4.64
0.96,-0.03,-0.13,-0.18,1.95,4.58
0.96,-0.02,-0.14,0.06,1.46,4.76
0.96,-0.02,-0.14,-0.06,0.61,5.00
0.96,-0.02,-0.13,0.49,0.73,5.31
0.97,-0.02,-0.12,1.16,1.53,5.25
0.97,-0.02,-0.12,1.53,2.01,5.00
0.96,-0.02,-0.13,0.92,2.08,4.88
0.96,-0.02,-0.14,0.73,2.26,4.58
0.96,-0.02,-0.14,0.73,2.08,4.46
0.96,-0.02,-0.14,0.73,1.53,4.58
0.96,-0.02,-0.14,1.04,1.22,4.64
0.96,-0.02,-0.13,1.40,1.40,4.88
0.96,-0.02,-0.14,1.83,1.71,4.82
0.96,-0.01,-0.14,2.08,1.53,4.82
0.96,-0.02,-0.13,1.71,1.22,4.94
0.96,-0.02,-0.13,1.22,1.16,4.94
0.96,-0.02,-0.13,0.98,1.71,4.82
0.96,-0.02,-0.14,1.22,1.89,4.58
0.96,-0.02,-0.14,0.73,0.98,4.70
0.96,-0.02,-0.14,0.49,0.37,4.76
0.96,-0.02,-0.13,1.46,0.85,4.76
0.96,-0.01,-0.13,2.20,1.34,4.64
0.96,-0.01,-0.14,2.14,1.34,4.76
0.96,-0.01,-0.14,1.83,1.04,4.76
0.96,-0.01,-0.13,2.01,1.22,4.46
0.96,-0.02,-0.13,2.32,0.98,4.52
0.96,-0.02,-0.13,2.56,0.61,4.64
0.96,-0.02,-0.13,2.87,1.04,4.21
0.96,-0.01,-0.13,2.99,1.59,4.09
0.96,-0.02,-0.13,2.26,1.65,4.33
0.96,-0.02,-0.13,2.08,1.71,4.46
0.96,-0.02,-0.13,2.32,1.89,4.03
0.96,-0.02,-0.14,2.38,1.40,3.91
0.96,-0.03,-0.14,2.56,0.92,4.15
0.96,-0.02,-0.13,2.62,0.73,4.33
0.96,-0.02,-0.13,2.81,0.79,4.64
0.96,-0.02,-0.13,2.69,1.04,4.64
0.96,-0.02,-0.13,2.26,1.22,4.82
0.96,-0.02,-0.13,2.14,0.92,4.82
0.96,-0.02,-0.13,2.20,0.92,4.64
0.96,-0.02,-0.13,2.38,0.98,4.64
0.96,-0.02,-0.13,2.14,0.85,4.70
0.96,-0.02,-0.13,2.14,0.85,4.76
0.96,-0.02,-0.13,2.26,0.92,4.76
0.96,-0.02,-0.13,2.26,0.92,4.88
0.96,-0.02,-0.13,1.95,1.28,4.94
0.96,-0.02,-0.14,1.77,1.22,5.00
0.96,-0.02,-0.14,1.71,1.04,5.00
0.96,-0.02,-0.14,1.65,0.61,4.76
0.96,-0.02,-0.14,1.53,0.24,4.82
0.96,-0.01,-0.14,1.16,0.37,4.88
0.96,-0.01,-0.13,0.79,0.61,5.07
0.96,-0.01,-0.13,0.67,0.37,5.13
0.96,-0.01,-0.13,1.34,0.12,4.88
0.96,-0.01,-0.13,2.20,0.79,4.39
0.96,-0.01,-0.13,2.44,1.22,4.33
0.96,-0.01,-0.14,1.95,1.40,4.33
0.96,-0.01,-0.14,1.77,1.77,4.21
0.96,-0.01,-0.13,2.75,2.01,3.85
0.96,-0.01,-0.14,3.11,1.46,3.66
0.96,-0.01,-0.14,2.81,0.61,3.30
0.96,-0.01,-0.13,2.93,0.31,3.30
0.96,-0.01,-0.12,3.36,0.79,3.30
0.96,-0.01,-0.12,3.36,1.40,3.30
0.96,-0.00,-0.13,3.17,2.20,3.42
0.96,-0.00,-0.13,2.87,2.50,3.66
0.96,-0.01,-0.14,2.32,2.08,3.85
0.96,-0.01,-0.14,2.56,1.95,3.78
0.96,-0.02,-0.14,2.81,2.01,3.54
0.96,-0.02,-0.14,2.75,1.59,3.66
0.96,-0.02,-0.13,2.56,1.65,3.72
0.96,-0.02,-0.13,2.99,1.46,3.42
0.96,-0.02,-0.13,3.05,1.34,3.54
0.96,-0.02,-0.12,2.93,1.95,3.60
0.96,-0.01,-0.13,2.99,2.44,3.42
0.96,-0.02,-0.13,2.62,1.83,3.72
0.96,-0.02,-0.13,2.69,1.77,3.78
0.97,-0.02,-0.12,3.17,2.08,3.72
0.96,-0.01,-0.12,2.93,2.32,3.78
0.96,-0.01,-0.13,2.38,2.32,3.78
0.96,-0.02,-0.13,1.28,1.83,4.03
0.96,-0.02,-0.13,1.04,2.26,3.97
0.96,-0.02,-0.13,1.46,2.50,3.78
0.96,-0.02,-0.13,1.71,1.83,3.85
0.96,-0.03,-0.13,1.59,1.46,3.78
0.96,-0.02,-0.13,1.89,1.59,3.97
0.96,-0.02,-0.13,2.26,1.77,3.85
0.96,-0.02,-0.13,2.20,1.89,4.03
0.96,-0.01,-0.13,1.77,1.89,4.27
0.96,-0.01,-0.13,0.98,2.08,4.33
0.96,-0.01,-0.13,1.22,2.50,4.21
0.96,-0.01,-0.14,1.34,2.38,4.21
0.96,-0.02,-0.14,1.34,1.71,4.15
0.96,-0.02,-0.13,1.77,1.89,4.27
0.96,-0.02,-0.13,2.32,2.14,4.21
0.96,-0.02,-0.13,2.32,2.08,4.03
0.96,-0.01,-0.13,1.95,2.08,4.03
0.96,-0.02,-0.13,1.71,1.46,4.21
0.97,-0.02,-0.13,1.59,1.40,4.39
0.96,-0.02,-0.13,1.89,1.95,3.97
0.96,-0.02,-0.13,1.95,2.14,3.72
0.96,-0.02,-0.13,1.83,1.89,3.72
0.96,-0.02,-0.13,2.14,1.95,3.78
0.96,-0.02,-0.13,2.08,1.77,3.78
0.96,-0.02,-0.13,1.89,1.71,3.78
0.96,-0.02,-0.13,2.26,1.77,3.72
0.96,-0.02,-0.13,2.69,2.01,3.66
0.96,-0.02,-0.13,2.08,1.83,3.78
0.96,-0.02,-0.13,1.71,1.59,3.91
0.96,-0.02,-0.14,1.53,1.53,3.78
0.96,-0.02,-0.14,1.53,1.16,3.97
0.96,-0.02,-0.14,1.95,0.98,3.97
0.97,-0.02,-0.13,2.38,0.98,3.78
0.96,-0.01,-0.13,2.69,1.40,3.72
0.96,-0.01,-0.13,2.62,2.01,3.30
0.96,-0.01,-0.14,1.71,1.95,3.60
0.96,-0.02,-0.14,1.46,1.28,3.54
0.96,-0.02,-0.14,2.01,1.22,3.42
0.96,-0.02,-0.13,2.38,0.98,3.42
0.96,-0.02,-0.13,2.93,0.92,3.54
0.96,-0.01,-0.13,2.87,1.28,3.60
0.96,-0.02,-0.13,2.20,1.28,3.91
0.96,-0.02,-0.13,2.08,0.85,3.91
0.96,-0.03,-0.13,2.69,0.98,3.85
0.96,-0.03,-0.13,3.05,1.34,3.60
0.96,-0.02,-0.13,2.99,1.28,3.66
0.96,-0.02,-0.13,2.50,1.04,3.78
0.96,-0.03,-0.13,2.14,1.04,3.85
0.96,-0.03,-0.13,2.44,1.10,3.66
0.96,-0.03,-0.13,2.93,1.40,3.48
0.96,-0.02,-0.13,2.93,1.65,3.42
0.96,-0.02,-0.13,2.99,1.77,3.66
0.96,-0.02,-0.13,2.87,1.71,3.72
0.96,-0.02,-0.13,2.62,1.77,3.85
0.96,-0.02,-0.13,2.62,1.59,3.91
0.97,-0.02,-0.13,2.87,2.08,3.66
0.96,-0.01,-0.13,3.11,2.62,3.54
0.96,-0.01,-0.14,2.20,2.14,3.48
0.96,-0.02,-0.15,1.16,0.73,3.54
0.96,-0.03,-0.14,1.71,0.37,3.48
0.96,-0.03,-0.13,2.93,0.61,3.23
0.96,-0.02,-0.13,3.17,0.73,3.42
0.96,-0.02,-0.13,2.75,0.79,3.66
0.96,-0.02,-0.13,2.32,0.79,3.78
0.97,-0.03,-0.12,2.32,1.46,3.72
0.96,-0.02,-0.13,2.44,1.95,3.54
0.96,-0.02,-0.13,2.32,2.38,3.42
0.96,-0.02,-0.13,1.89,2.75,3.42
0.96,-0.02,-0.14,1.71,2.69,3.36
0.96,-0.02,-0.14,1.16,1.89,3.30
0.96,-0.03,-0.13,1.53,1.71,3.54
0.96,-0.03,-0.13,2.01,1.95,3.05
0.96,-0.02,-0.14,1.77,1.34,3.05
0.96,-0.02,-0.13,1.40,0.85,3.48
0.96,-0.02,-0.13,1.83,1.22,3.66
0.96,-0.02,-0.13,2.32,1.77,3.54
0.97,-0.02,-0.13,2.14,1.83,3.66
0.96,-0.02,-0.13,1.95,2.20,3.60
0.96,-0.01,-0.13,2.01,2.38,3.23
0.96,-0.01,-0.13,1.65,1.89,3.30
0.96,-0.02,-0.13,1.16,1.53,3.36
0.96,-0.02,-0.14,1.53,1.40,3.42
0.96,-0.02,-0.14,1.89,1.71,3.66
0.97,-0.02,-0.13,1.53,1.89,3.54
0.96,-0.02,-0.13,1.40,1.71,3.42
0.96,-0.02,-0.13,1.59,1.95,3.48
0.96,-0.02,-0.13,1.77,2.50,3.54
0.96,-0.02,-0.13,1.95,3.11,3.17
0.96,-0.02,-0.14,1.46,2.75,3.23
0.96,-0.03,-0.15,0.67,1.34,3.85
0.96,-0.04,-0.13,1.34,1.53,3.78
0.96,-0.03,-0.13,2.08,2.32,3.60
0.96,-0.03,-0.13,1.65,1.83,3.72
0.96,-0.02,-0.13,0.85,1.77,3.72
0.96,-0.02,-0.13,0.18,2.01,3.42
0.96,-0.03,-0.13,0.18,1.53,3.54
0.96,-0.03,-0.13,0.73,1.95,3.66
0.96,-0.02,-0.13,1.04,2.32,3.48
0.96,-0.02,-0.14,0.37,1.77,3.78
0.96,-0.03,-0.13,0.73,1.95,3.78
0.96,-0.02,-0.13,1.59,2.56,3.48
0.96,-0.02,-0.13,1.40,2.44,3.48
0.96,-0.02,-0.13,0.92,1.95,3.48
0.96,-0.02,-0.14,1.10,2.38,3.30
0.96,-0.02,-0.14,0.92,2.20,3.30
0.96,-0.03,-0.13,1.16,1.89,3.42
0.96,-0.02,-0.13,1.65,2.32,3.48
0.96,-0.03,-0.13,1.34,2.14,3.66
0.96,-0.03,-0.13,1.10,2.08,3.78
0.96,-0.03,-0.14,1.10,1.95,3.85
0.96,-0.03,-0.14,1.28,1.28,3.78
0.96,-0.03,-0.13,1.28,0.92,4.03
0.96,-0.03,-0.13,1.59,1.22,3.97
0.96,-0.02,-0.13,1.95,1.89,3.66
0.96,-0.02,-0.13,1.65,1.89,3.48
0.96,-0.02,-0.14,0.73,1.59,3.78
0.96,-0.03,-0.14,0.43,1.22,3.72
0.96,-0.03,-0.14,1.04,1.04,3.72
0.96,-0.03,-0.13,1.40,1.77,3.85
0.96,-0.03,-0.14,1.71,1.95,3.72
0.96,-0.03,-0.14,1.71,1.89,3.85
0.96,-0.03,-0.13,1.77,1.89,3.85
0.96,-0.03,-0.13,2.38,2.08,3.72
0.96,-0.03,-0.14,2.75,1.83,3.66
0.96,-0.03,-0.13,2.75,1.40,3.72
0.96,-0.03,-0.13,2.87,1.59,3.36
0.96,-0.03,-0.13,2.50,1.77,3.36
0.96,-0.03,-0.13,1.83,1.65,3.48
0.96,-0.02,-0.14,1.22,1.59,3.72
0.96,-0.03,-0.14,0.73,1.16,3.72
0.96,-0.04,-0.14,1.04,1.22,3.54
0.96,-0.03,-0.14,1.65,1.71,3.36
0.96,-0.03,-0.14,1.65,1.40,3.54
0.96,-0.03,-0.14,1.40,1.34,3.91
0.96,-0.03,-0.13,2.01,1.40,4.09
0.96,-0.03,-0.13,2.69,1.65,3.91
0.97,-0.03,-0.13,3.11,1.77,3.91
0.96,-0.03,-0.14,2.99,1.71,3.78
0.96,-0.03,-0.14,2.01,1.16,3.72
0.96,-0.03,-0.14,1.95,1.16,3.91
0.96,-0.03,-0.13,2.26,1.16,3.85
0.96,-0.04,-0.13,2.20,0.98,4.09
0.96,-0.04,-0.13,1.95,1.04,4.09
0.96,-0.04,-0.12,1.89,1.46,4.27
0.96,-0.03,-0.12,2.01,1.89,4.21
0.96,-0.03,-0.13,1.34,1.83,4.46
0.96,-0.04,-0.14,0.37,1.77,4.64
0.96,-0.04,-0.14,0.79,1.83,4.46
0.96,-0.04,-0.14,1.22,1.34,4.39
0.96,-0.04,-0.13,1.28,1.04,4.46
0.96,-0.03,-0.13,1.28,0.85,4.52
0.96,-0.03,-0.13,1.22,0.79,4.58
0.96,-0.03,-0.13,1.22,1.04,4.52
0.96,-0.03,-0.13,1.59,1.16,4.52
0.96,-0.03,-0.13,1.59,1.28,4.52
0.96,-0.03,-0.14,1.40,1.28,4.64
0.96,-0.03,-0.13,1.46,1.04,4.64
0.96,-0.03,-0.13,1.71,1.28,4.46
0.96,-0.03,-0.13,1.83,1.34,4.46
0.96,-0.03,-0.13,1.95,1.40,4.70
0.96,-0.03,-0.13,1.83,1.28,4.39
0.97,-0.03,-0.13,1.65,1.34,4.46
0.96,-0.03,-0.13,1.71,1.83,4.33
0.96,-0.02,-0.14,1.46,1.89,4.27
0.96,-0.03,-0.14,1.04,1.34,4.46
0.96,-0.03,-0.14,1.04,1.10,4.58
0.96,-0.03,-0.13,1.59,1.28,4.27
0.96,-0.03,-0.13,2.38,1.53,4.33
0.96,-0.02,-0.13,2.38,1.83,4.52
0.96,-0.03,-0.13,1.83,2.01,4.46
0.96,-0.03,-0.13,1.59,1.65,4.58
0.96,-0.03,-0.13,1.65,1.40,4.39
0.96,-0.03,-0.13,1.83,1.59,4.46
0.96,-0.03,-0.13,1.53,1.89,4.52
0.96,-0.03,-0.13,1.04,1.71,4.52
0.96,-0.03,-0.13,1.10,1.59,4.52
0.96,-0.03,-0.13,1.40,1.53,4.52
0.96,-0.03,-0.13,1.65,1.71,4.46
0.96,-0.03,-0.13,1.34,2.14,4.27
0.96,-0.02,-0.14,1.16,1.89,4.33
0.96,-0.03,-0.14,0.85,1.28,4.52
0.96,-0.03,-0.13,1.22,1.34,4.82
0.96,-0.02,-0.14,1.28,1.89,4.88
0.96,-0.02,-0.13,0.98,1.83,4.88
0.96,-0.02,-0.13,1.22,1.89,4.76
0.96,-0.02,-0.13,1.59,1.77,4.70
0.96,-0.02,-0.13,1.77,1.59,4.70
0.96,-0.02,-0.13,1.77,1.71,4.52
0.96,-0.02,-0.13,1.71,1.71,4.46
0.96,-0.02,-0.13,1.71,1.89,4.46
0.96,-0.02,-0.13,1.53,1.83,4.33
0.96,-0.03,-0.13,1.46,1.59,4.58
0.96,-0.03,-0.14,1.71,1.59,4.70
0.96,-0.03,-0.14,1.53,1.65,4.70
0.96,-0.03,-0.13,1.89,1.77,4.82
0.96,-0.02,-0.13,2.14,2.08,4.64
0.96,-0.03,-0.13,1.95,2.01,4.64
0.96,-0.03,-0.14,1.83,1.89,4.52
0.96,-0.03,-0.13,2.01,1.83,4.33
0.96,-0.02,-0.13,2.26,1.65,4.27
0.96,-0.02,-0.13,2.44,1.46,4.52
0.96,-0.03,-0.13,2.38,1.40,4.52
0.96,-0.03,-0.13,2.75,1.59,4.27
0.96,-0.03,-0.13,2.87,2.01,3.91
0.96,-0.03,-0.14,2.44,1.77,4.15
0.96,-0.03,-0.13,2.20,1.53,4.09
0.96,-0.03,-0.13,2.56,1.59,4.03
0.96,-0.03,-0.13,2.81,1.77,4.15
0.96,-0.02,-0.13,2.69,1.95,4.09
0.96,-0.02,-0.13,2.01,1.89,4.15
0.96,-0.02,-0.13,1.65,2.01,4.27
0.96,-0.02,-0.13,1.65,1.59,4.27
0.96,-0.02,-0.14,1.65,1.28,4.46
0.96,-0.03,-0.13,1.53,1.71,4.39
0.96,-0.02,-0.13,1.65,2.01,4.39
0.96,-0.02,-0.14,1.89,2.01,4.15
0.96,-0.03,-0.14,1.77,1.71,4.27
0.96,-0.03,-0.14,1.83,1.59,4.39
0.96,-0.03,-0.13,2.32,1.16,4.21
0.96,-0.03,-0.13,2.75,1.16,4.52
0.96,-0.02,-0.12,2.81,1.71,4.46
0.96,-0.02,-0.13,2.26,1.95,4.46
0.96,-0.02,-0.13,1.46,1.71,4.82
0.96,-0.02,-0.14,1.34,2.01,4.64
0.96,-0.02,-0.13,1.59,2.32,4.46
0.96,-0.02,-0.14,1.83,2.62,4.33
0.96,-0.03,-0.14,1.53,2.08,4.15
0.96,-0.03,-0.14,1.95,1.34,4.33
0.96,-0.03,-0.13,2.75,1.59,4.33
0.96,-0.03,-0.13,2.75,1.34,4.21
0.96,-0.03,-0.13,2.62,1.04,4.39
0.96,-0.03,-0.13,2.44,1.04,4.52
0.96,-0.03,-0.13,2.50,1.40,4.39
0.96,-0.02,-0.13,2.20,1.83,4.46
0.96,-0.02,-0.14,1.65,1.65,4.39
0.96,-0.02,-0.13,1.28,1.83,4.58
0.96,-0.02,-0.13,1.40,2.26,4.39
0.96,-0.02,-0.14,1.53,2.32,4.27
0.96,-0.03,-0.14,1.59,1.89,4.33
0.96,-0.03,-0.13,1.77,1.71,4.15
0.96,-0.03,-0.14,2.08,1.53,4.27
0.96,-0.03,-0.13,2.50,1.53,4.27
0.96,-0.02,-0.14,2.62,1.34,4.27
0.96,-0.02,-0.14,1.95,1.34,4.27
0.96,-0.02,-0.13,2.08,1.16,4.46
0.96,-0.02,-0.14,2.50,1.34,4.39
0.96,-0.02,-0.13,2.69,1.22,4.52
0.96,-0.02,-0.14,2.56,0.98,4.33
0.96,-0.02,-0.14,2.81,1.34,4.27
0.96,-0.03,-0.13,3.17,1.59,4.27
0.96,-0.03,-0.13,2.69,1.46,4.09
0.96,-0.03,-0.13,2.20,0.98,4.21
0.96,-0.02,-0.14,2.26,1.04,4.09
0.96,-0.03,-0.14,1.89,1.04,4.33
0.96,-0.03,-0.13,1.95,0.79,4.52
0.96,-0.02,-0.13,2.50,1.16,4.39
0.96,-0.02,-0.14,2.93,1.40,4.15
0.96,-0.02,-0.14,2.87,1.46,4.27
0.96,-0.03,-0.13,3.11,1.40,4.39
0.96,-0.03,-0.13,3.66,1.28,3.97
0.96,-0.03,-0.13,3.85,1.34,4.15
0.96,-0.03,-0.13,3.97,1.59,4.33
0.96,-0.03,-0.13,4.03,1.59,3.97
0.96,-0.03,-0.13,3.85,1.46,4.03
0.96,-0.03,-0.13,3.54,1.34,4.21
0.96,-0.03,-0.13,3.36,1.59,4.33
0.96,-0.03,-0.13,3.54,1.34,4.46
0.96,-0.03,-0.13,3.54,1.34,4.52
0.96,-0.03,-0.13,3.54,1.40,4.70
0.96,-0.03,-0.13,3.60,1.40,4.76
0.96,-0.03,-0.13,3.60,1.46,4.64
0.97,-0.03,-0.13,3.78,1.46,4.33
0.96,-0.03,-0.13,3.60,1.28,4.15
0.96,-0.03,-0.13,3.54,1.04,4.27
0.96,-0.02,-0.13,3.54,0.73,4.27
0.96,-0.02,-0.13,3.30,0.67,4.39
0.96,-0.02,-0.13,3.30,0.98,4.52
0.96,-0.02,-0.14,3.23,1.04,4.52
0.96,-0.02,-0.13,3.17,0.92,4.64
0.96,-0.02,-0.13,3.11,0.92,4.70
0.96,-0.03,-0.13,2.93,0.98,4.88
0.96,-0.02,-0.14,2.62,1.16,4.88
0.96,-0.02,-0.14,2.32,1.22,4.82
0.96,-0.02,-0.14,1.95,1.28,4.82
0.96,-0.02,-0.13,1.77,1.22,4.88
0.96,-0.02,-0.13,1.83,1.28,4.76
0.96,-0.02,-0.13,1.95,0.98,4.88
0.96,-0.02,-0.13,1.83,0.79,5.07
0.96,-0.02,-0.13,1.83,1.10,5.07
0.96,-0.02,-0.13,1.83,1.10,5.13
0.96,-0.02,-0.13,2.08,1.34,5.13
0.96,-0.02,-0.13,2.14,1.34,5.00
0.96,-0.02,-0.13,2.01,1.40,5.00
0.96,-0.02,-0.14,1.83,1.59,5.07
0.96,-0.02,-0.14,1.71,1.71,5.31
0.96,-0.02,-0.13,1.65,1.53,5.31
0.96,-0.02,-0.13,1.71,1.83,5.31
0.96,-0.02,-0.13,1.65,2.08,5.19
0.96,-0.02,-0.13,1.34,2.14,5.19
0.96,-0.02,-0.13,1.10,1.95,5.37
0.96,-0.02,-0.13,0.98,2.20,5.31
0.96,-0.02,-0.13,0.92,2.44,5.19
0.96,-0.02,-0.13,0.67,2.38,5.31
0.96,-0.02,-0.13,0.00,2.20,5.55
0.96,-0.02,-0.13,-0.55,2.26,5.68
0.96,-0.02,-0.13,-0.61,2.01,5.55
0.96,-0.02,-0.13,-0.79,1.77,5.43
0.96,-0.02,-0.13,-0.67,1.53,5.55
0.96,-0.02,-0.13,-0.12,1.65,5.49
0.96,-0.02,-0.13,-0.06,1.77,5.49
0.96,-0.02,-0.13,0.00,1.59,5.37
0.96,-0.02,-0.13,0.00,1.53,5.43
0.96,-0.02,-0.13,0.12,1.89,5.43
0.96,-0.02,-0.13,0.55,2.01,5.43
0.96,-0.01,-0.13,0.92,1.89,5.37
0.96,-0.01,-0.14,0.79,1.77,5.31
0.96,-0.01,-0.13,0.24,1.53,5.37
0.96,-0.02,-0.13,0.79,1.46,5.55
0.96,-0.02,-0.13,1.34,1.34,5.49
0.96,-0.02,-0.13,1.71,1.34,5.37
0.96,-0.01,-0.13,1.71,1.59,5.25
0.96,-0.02,-0.13,1.59,2.26,5.37
0.96,-0.01,-0.14,1.40,2.38,5.25
0.96,-0.01,-0.14,0.61,1.65,5.07
0.96,-0.02,-0.14,0.06,1.10,5.13
0.96,-0.02,-0.13,0.24,0.85,4.94
0.96,-0.02,-0.13,0.55,0.85,5.13
0.96,-0.01,-0.13,0.92,0.73,5.19
0.96,-0.01,-0.13,0.92,0.79,5.00
0.96,-0.01,-0.13,1.16,1.04,5.13
0.96,-0.01,-0.13,1.77,1.34,5.00
0.96,-0.01,-0.13,1.95,1.53,4.64
0.96,-0.01,-0.13,1.59,1.34,4.58
0.96,-0.01,-0.13,1.77,1.16,4.64
0.96,-0.01,-0.13,2.08,1.40,4.52
0.96,-0.02,-0.13,2.20,1.40,4.27
0.96,-0.01,-0.13,2.38,1.34,4.15
0.96,-0.01,-0.13,2.32,1.40,4.09
0.96,-0.01,-0.13,2.38,1.59,3.91
0.96,-0.01,-0.13,2.26,1.77,3.91
0.96,-0.01,-0.14,2.32,1.65,3.91
0.96,-0.02,-0.14,2.32,1.40,3.78
0.96,-0.01,-0.14,2.26,1.16,3.91
0.96,-0.01,-0.13,2.14,1.22,3.97
0.96,-0.01,-0.13,1.77,1.46,3.97
0.96,-0.01,-0.13,1.46,1.40,4.09
0.96,-0.01,-0.14,1.22,1.04,4.27
0.96,-0.01,-0.14,0.73,1.10,4.33
0.96,-0.01,-0.13,0.92,1.46,4.27
0.96,-0.01,-0.14,0.98,1.46,4.52
0.96,-0.01,-0.14,0.67,0.92,4.70
0.96,-0.01,-0.13,0.85,0.92,4.82
0.96,-0.01,-0.13,1.28,1.46,4.82
0.96,-0.01,-0.13,1.59,1.59,4.76
0.96,-0.01,-0.13,2.01,1.53,4.70
0.96,-0.02,-0.13,2.26,1.71,4.39
0.96,-0.02,-0.13,2.56,2.14,4.21
0.96,-0.01,-0.13,2.75,2.50,3.97
0.96,-0.01,-0.13,2.26,2.20,3.85
0.96,-0.02,-0.13,1.83,2.01,3.97
0.96,-0.02,-0.13,2.08,1.89,3.85
0.96,-0.02,-0.13,2.08,1.59,3.66
0.96,-0.02,-0.13,1.89,1.28,3.66
0.96,-0.02,-0.13,1.59,1.04,3.72
0.96,-0.02,-0.13,1.65,1.22,3.91
0.96,-0.02,-0.12,1.77,1.95,3.72
0.96,-0.01,-0.13,1.77,2.38,3.85
0.96,-0.01,-0.13,1.28,1.95,3.91
0.96,-0.01,-0.14,1.10,1.77,3.85
0.96,-0.01,-0.13,1.53,2.14,3.78
0.96,-0.01,-0.13,1.77,2.26,3.66
0.96,-0.01,-0.13,1.77,2.38,3.54
0.96,-0.00,-0.14,1.40,2.26,3.42
0.96,-0.01,-0.14,0.79,1.95,3.78
0.96,-0.01,-0.13,1.16,1.71,4.15
0.96,-0.01,-0.13,1.95,1.65,4.09
0.96,-0.01,-0.12,2.20,2.32,4.03
0.96,-0.00,-0.13,2.20,3.42,3.72
0.96,-0.01,-0.13,1.22,3.36,3.72
0.96,-0.01,-0.14,0.61,2.87,3.85
0.96,-0.02,-0.14,0.43,3.17,3.72
0.96,-0.02,-0.14,0.92,2.87,3.48
0.96,-0.02,-0.14,1.53,2.50,3.36
0.96,-0.02,-0.13,1.95,2.44,3.30
0.96,-0.02,-0.13,1.83,1.83,3.36
0.96,-0.02,-0.13,1.34,1.22,3.60
0.96,-0.02,-0.13,1.34,1.89,3.60
0.96,-0.02,-0.14,0.85,1.89,3.72
0.96,-0.02,-0.13,0.85,1.83,4.09
0.96,-0.02,-0.13,1.71,2.75,3.91
0.96,-0.01,-0.13,1.77,2.56,3.54
0.96,-0.02,-0.14,0.92,1.95,3.54
0.96,-0.02,-0.14,0.85,1.89,3.30
0.96,-0.03,-0.14,1.16,1.65,3.42
0.96,-0.03,-0.13,2.14,1.59,3.48
0.96,-0.02,-0.13,2.81,2.08,3.23
0.96,-0.02,-0.14,2.81,1.83,3.30
0.96,-0.02,-0.14,2.01,1.04,3.72
0.96,-0.02,-0.13,1.16,1.16,3.85
0.96,-0.02,-0.13,1.34,1.89,3.72
0.96,-0.02,-0.13,1.71,1.71,3.72
0.96,-0.02,-0.14,1.53,1.40,3.66
0.96,-0.02,-0.13,1.59,1.53,3.72
0.96,-0.02,-0.13,1.95,1.71,3.60
0.96,-0.02,-0.13,1.65,2.38,3.60
0.96,-0.02,-0.14,1.40,2.14,3.60
0.96,-0.02,-0.14,1.46,2.01,3.72
0.96,-0.03,-0.14,1.77,1.71,3.54
0.96,-0.03,-0.14,1.83,1.28,3.66
0.96,-0.03,-0.14,2.14,0.98,3.91
0.96,-0.03,-0.14,1.95,1.10,4.09
0.96,-0.03,-0.13,1.65,1.16,4.39
0.96,-0.03,-0.13,1.59,1.28,4.46
0.96,-0.02,-0.13,1.77,1.59,4.33
0.96,-0.02,-0.13,1.34,1.89,4.15
0.96,-0.02,-0.14,0.61,1.77,4.09
0.96,-0.02,-0.14,0.55,1.53,4.03
0.96,-0.03,-0.14,1.28,1.65,3.97
0.96,-0.02,-0.14,1.89,1.34,3.91
0.96,-0.02,-0.14,1.95,0.98,4.09
0.96,-0.02,-0.14,1.77,0.85,4.21
0.96,-0.03,-0.14,1.95,0.98,4.39
0.96,-0.02,-0.13,2.26,1.34,4.27
0.96,-0.02,-0.14,2.38,1.22,4.03
0.96,-0.02,-0.14,2.32,0.73,4.21
0.96,-0.02,-0.14,2.20,0.61,3.91
0.96,-0.02,-0.13,2.32,0.67,3.91
0.96,-0.02,-0.13,2.62,0.43,3.85
0.96,-0.02,-0.13,2.56,0.43,3.85
0.96,-0.02,-0.13,2.38,0.55,4.09
0.96,-0.02,-0.13,2.14,0.73,4.21
0.96,-0.02,-0.13,1.95,0.49,4.33
0.96,-0.02,-0.13,2.20,0.55,4.46
0.96,-0.02,-0.13,2.62,0.85,4.27
0.96,-0.02,-0.13,2.81,0.92,4.33
0.96,-0.02,-0.13,3.11,1.10,4.39
0.96,-0.02,-0.13,3.05,1.34,4.58
0.96,-0.02,-0.13,3.30,1.53,4.64
0.96,-0.02,-0.13,3.30,1.16,4.64
0.96,-0.02,-0.13,3.42,1.22,4.46
0.96,-0.02,-0.13,3.42,1.22,4.52
0.96,-0.02,-0.13,3.36,1.34,4.33
0.96,-0.03,-0.13,3.17,1.22,4.03
0.96,-0.03,-0.13,2.99,1.16,3.97
0.96,-0.03,-0.13,2.75,1.16,4.09
0.96,-0.03,-0.13,2.38,0.98,4.03
0.96,-0.03,-0.13,2.14,0.92,4.15
0.96,-0.03,-0.13,1.89,1.10,4.03
0.96,-0.02,-0.13,1.59,1.34,4.09
0.96,-0.02,-0.13,1.34,1.53,4.27
0.96,-0.02,-0.13,1.16,1.65,4.09
0.96,-0.02,-0.13,0.92,1.40,4.27
0.96,-0.02,-0.13,0.98,1.40,4.21
0.96,-0.01,-0.13,1.53,1.53,4.33
0.96,-0.01,-0.13,1.83,1.53,4.27
0.96,-0.01,-0.13,2.08,1.71,4.15
0.96,-0.01,-0.13,2.14,1.83,4.15
0.96,-0.01,-0.14,2.20,1.65,4.21
0.96,-0.01,-0.13,2.20,1.77,4.27
0.96,-0.01,-0.14,2.20,1.89,3.97
0.96,-0.01,-0.13,2.38,1.65,4.15
0.96,-0.02,-0.14,2.14,1.40,4.21
0.96,-0.02,-0.14,1.89,1.34,4.15
0.96,-0.02,-0.13,1.89,1.53,4.33
0.96,-0.02,-0.13,1.83,1.34,4.52
0.96,-0.02,-0.13,1.46,1.34,4.46
0.96,-0.02,-0.13,1.40,1.28,4.46
0.96,-0.02,-0.13,1.22,1.65,4.64
0.96,-0.02,-0.13,0.98,2.08,4.52
0.96,-0.02,-0.13,0.85,1.89,4.70
0.96,-0.02,-0.13,0.67,1.59,4.88
0.96,-0.02,-0.13,0.85,1.59,4.88
0.96,-0.02,-0.13,1.22,1.59,4.64
0.96,-0.01,-0.13,1.16,1.59,4.64
0.96,-0.01,-0.13,1.16,1.46,4.82
0.96,-0.01,-0.13,1.28,1.40,4.64
0.96,-0.02,-0.13,1.53,1.65,4.76
0.96,-0.02,-0.13,1.65,1.71,4.70
0.96,-0.02,-0.13,1.77,1.40,4.52
0.96,-0.02,-0.13,1.65,1.34,4.64
0.96,-0.02,-0.13,1.46,1.34,4.70
0.96,-0.03,-0.13,1.46,1.59,4.76
0.96,-0.02,-0.13,1.40,1.77,5.07
0.96,-0.02,-0.13,1.22,1.65,5.13
0.96,-0.02,-0.14,1.04,1.40,5.19
0.96,-0.02,-0.14,1.10,1.28,5.13
0.96,-0.03,-0.14,0.85,1.59,5.13
0.96,-0.03,-0.13,0.73,1.65,5.19
0.96,-0.02,-0.13,0.49,1.83,5.00
0.96,-0.02,-0.14,0.18,1.71,4.94
0.96,-0.03,-0.14,-0.43,1.40,5.25
0.97,-0.03,-0.14,-0.85,1.53,5.43
0.96,-0.02,-0.13,-1.10,1.59,5.37
0.96,-0.02,-0.13,-1.40,0.98,5.62
0.96,-0.02,-0.13,-1.59,0.79,5.74
0.96,-0.02,-0.13,-1.59,1.10,5.92
0.96,-0.02,-0.13,-1.77,1.28,5.80
0.96,-0.01,-0.13,-1.71,1.22,5.68
0.96,-0.01,-0.13,-1.77,1.28,5.86
0.96,-0.01,-0.13,-1.40,1.53,5.98
0.96,-0.01,-0.13,-0.98,1.40,5.86
0.96,-0.01,-0.14,-0.85,1.28,5.68
0.96,-0.01,-0.14,-0.67,1.46,5.74
0.96,-0.01,-0.14,-0.49,1.65,5.86
0.96,-0.01,-0.14,-0.55,1.83,5.74
0.96,-0.01,-0.13,-0.43,1.83,5.74
0.96,-0.01,-0.13,-0.31,1.77,5.92
0.96,-0.01,-0.13,-0.31,1.71,5.86
0.96,-0.01,-0.13,-0.24,1.65,5.80
0.96,-0.01,-0.13,0.06,1.65,5.68
0.96,-0.01,-0.13,0.55,1.53,5.55
0.96,-0.02,-0.13,1.16,1.59,5.25
0.96,-0.02,-0.13,1.28,1.77,5.13
0.96,-0.02,-0.13,1.59,1.59,5.07
0.96,-0.02,-0.13,1.40,1.53,4.88
0.96,-0.02,-0.13,0.98,1.53,4.82
0.96,-0.02,-0.13,0.73,1.83,4.88
0.96,-0.02,-0.13,0.67,1.95,5.00
0.96,-0.02,-0.13,0.67,1.65,5.13
0.96,-0.02,-0.13,0.24,1.83,5.00
0.96,-0.02,-0.13,0.12,1.95,5.13
0.96,-0.02,-0.13,-0.24,1.89,5.19
0.96,-0.02,-0.13,-0.79,1.34,5.37
0.96,-0.02,-0.13,-1.40,1.40,5.68
0.96,-0.02,-0.12,-1.46,1.34,5.68
0.96,-0.01,-0.13,-1.28,1.10,5.80
0.96,-0.01,-0.13,-1.40,1.10,5.98
0.97,-0.01,-0.13,-1.34,1.46,5.92
0.96,-0.02,-0.13,-1.34,1.53,5.92
0.96,-0.03,-0.14,-1.53,1.65,6.04
0.96,-0.03,-0.14,-1.95,2.32,6.47
0.96,-0.03,-0.15,-3.85,2.44,7.14
0.96,-0.03,-0.15,-6.41,1.95,7.75
0.96,-0.02,-0.15,-9.40,1.46,8.61
0.96,-0.00,-0.15,-11.96,1.16,9.46
0.96,0.01,-0.14,-13.43,1.46,10.44
0.96,0.02,-0.14,-13.73,1.77,11.29
0.96,0.02,-0.13,-13.67,1.16,11.90
0.97,0.03,-0.13,-13.24,0.49,12.02
0.96,0.03,-0.13,-12.08,-0.06,11.54
0.96,0.03,-0.13,-10.25,-0.06,10.80
0.96,0.02,-0.13,-7.93,0.18,10.13
0.96,0.02,-0.13,-6.23,0.31,9.83
0.97,0.01,-0.13,-5.19,0.67,9.70
0.98,0.01,-0.13,-4.82,0.98,9.83
0.98,0.01,-0.15,-5.07,1.22,9.83
0.97,0.01,-0.16,-5.92,0.55,10.01
0.96,0.01,-0.16,-6.96,-0.98,10.44
0.95,0.02,-0.15,-6.71,-1.59,10.68
0.95,0.02,-0.14,-5.19,-1.40,11.23
0.96,0.02,-0.13,-3.36,-0.98,11.47
0.97,0.03,-0.12,-2.81,-0.67,11.54
0.97,0.03,-0.11,-3.30,-0.98,11.78
0.98,0.04,-0.11,-3.66,-1.46,11.96
0.98,0.04,-0.13,-4.09,-1.95,11.96
0.98,0.03,-0.13,-3.60,-2.38,11.54
0.97,0.03,-0.14,-2.62,-3.17,11.29
0.96,0.02,-0.14,-1.04,-3.91,10.80
0.96,0.02,-0.14,0.00,-4.15,10.38
0.97,0.02,-0.12,0.61,-3.60,9.77
0.97,0.02,-0.12,1.59,-2.08,9.58
0.96,0.03,-0.13,1.89,-2.20,9.28
0.97,0.03,-0.13,1.71,-3.17,9.40
0.96,0.03,-0.13,1.71,-3.72,9.46
0.96,0.02,-0.13,1.10,-3.72,9.22
0.96,0.01,-0.13,0.73,-3.60,8.91
0.96,0.02,-0.12,1.16,-4.39,8.79
0.95,0.02,-0.10,0.18,-5.07,8.91
0.95,0.03,-0.10,0.00,-3.60,9.16
0.95,0.03,-0.10,0.79,-2.20,9.16
0.95,0.03,-0.10,1.40,-1.65,8.97
0.95,0.02,-0.10,0.79,-0.67,8.91
0.96,0.01,-0.12,0.73,0.12,8.85
0.96,0.00,-0.12,-1.28,-1.04,9.34
0.95,-0.00,-0.12,-2.14,-2.56,9.52
0.95,0.00,-0.12,-1.40,-1.40,9.46
0.96,0.01,-0.11,-1.71,0.43,9.52
0.96,0.01,-0.11,-3.23,0.55,9.64
0.96,0.02,-0.11,-5.13,-0.49,9.83
0.96,0.03,-0.11,-6.04,-0.37,9.77
0.96,0.03,-0.12,-5.62,-0.24,9.77
0.96,0.03,-0.13,-5.19,-1.28,9.77
0.96,0.03,-0.11,-5.13,-1.22,9.34
0.96,0.03,-0.11,-4.58,-0.49,9.03
0.95,0.03,-0.12,-4.58,-0.55,8.91
0.95,0.03,-0.13,-4.76,-0.37,8.42
0.95,0.04,-0.13,-4.58,0.00,7.75
0.95,0.04,-0.14,-4.27,0.49,7.32
0.94,0.04,-0.14,-4.09,0.92,7.32
0.94,0.05,-0.14,-4.52,1.10,7.57
0.94,0.05,-0.13,-5.55,0.85,8.06
0.94,0.05,-0.13,-6.59,0.98,8.54
0.94,0.05,-0.12,-7.32,1.95,9.16
0.94,0.05,-0.11,-8.54,2.87,9.58
0.94,0.04,-0.11,-10.56,3.72,9.95
0.94,0.04,-0.11,-12.02,4.33,10.25
0.95,0.04,-0.12,-12.82,5.62,10.13
0.95,0.04,-0.13,-13.55,6.23,10.38
0.95,0.04,-0.14,-14.28,5.43,10.01
0.95,0.04,-0.15,-15.26,5.25,9.89
0.96,0.04,-0.15,-15.69,6.29,9.83
0.96,0.06,-0.16,-16.24,7.32,9.64
0.96,0.07,-0.16,-17.46,7.32,9.83
0.96,0.08,-0.16,-19.23,6.53,10.68
0.95,0.09,-0.16,-20.20,5.80,11.54
0.95,0.10,-0.17,-20.81,5.55,12.94
0.96,0.10,-0.17,-21.06,5.62,14.59
0.96,0.12,-0.17,-20.57,6.47,16.05
0.95,0.13,-0.15,-19.59,6.10,17.09
0.96,0.11,-0.15,-19.23,5.68,18.55
0.94,0.12,-0.17,-15.56,4.52,19.65
0.93,0.13,-0.16,-9.64,4.46,20.08
0.93,0.14,-0.14,-4.82,7.14,20.57
0.94,0.15,-0.12,-0.37,9.89,21.61
0.96,0.16,-0.14,1.95,11.11,22.34
0.97,0.15,-0.16,1.46,10.31,21.79
0.96,0.15,-0.15,1.22,8.36,20.94
0.95,0.13,-0.14,2.81,7.08,20.94
0.95,0.11,-0.13,5.07,6.77,21.48
0.94,0.09,-0.12,7.51,7.32,22.34
0.95,0.08,-0.12,10.68,8.73,23.25
0.96,0.07,-0.12,12.76,10.01,24.17
0.96,0.07,-0.12,13.24,10.50,24.96
0.97,0.07,-0.12,12.33,10.31,25.63
0.97,0.07,-0.12,11.35,9.83,26.49
0.97,0.08,-0.12,10.68,9.89,27.04
0.97,0.08,-0.13,9.58,9.64,27.59
0.98,0.08,-0.13,8.36,9.52,28.08
0.98,0.09,-0.13,7.14,9.58,28.44
0.99,0.09,-0.12,6.41,9.46,28.56
0.99,0.10,-0.11,5.19,9.64,28.56
1.00,0.10,-0.11,3.05,9.46,28.50
1.00,0.09,-0.12,0.61,8.24,28.75
0.99,0.10,-0.14,-0.73,6.53,28.63
0.99,0.11,-0.14,-3.30,5.92,28.63
0.99,0.10,-0.13,-6.90,5.49,29.05
0.99,0.10,-0.13,-7.51,5.37,29.05
0.99,0.11,-0.13,-6.53,5.80,28.38
0.99,0.11,-0.12,-5.13,7.26,27.47
1.00,0.12,-0.10,-3.05,8.42,26.55
1.00,0.14,-0.09,-2.32,6.23,25.57
1.00,0.14,-0.08,-3.60,2.26,24.66
0.99,0.14,-0.08,-2.87,-1.22,23.50
0.98,0.15,-0.09,-0.61,-2.50,22.16
0.97,0.15,-0.10,-1.83,-1.28,20.87
0.97,0.15,-0.09,-4.64,0.37,19.90
0.96,0.15,-0.11,-4.58,1.46,18.68
0.95,0.15,-0.13,-1.77,1.46,17.52
0.94,0.16,-0.13,0.55,0.92,16.48
0.95,0.16,-0.13,0.98,0.79,15.01
0.93,0.16,-0.15,1.10,0.24,13.31
0.91,0.16,-0.18,1.16,-0.31,12.70
0.91,0.13,-0.20,-0.55,0.31,12.94
0.92,0.10,-0.19,-3.78,2.20,12.82
0.92,0.09,-0.16,-5.74,4.33,12.08
0.92,0.11,-0.15,-6.10,3.97,12.27
0.92,0.14,-0.13,-6.90,2.26,13.00
0.92,0.15,-0.10,-7.57,1.59,13.00
0.93,0.16,-0.10,-9.09,1.34,12.21
0.93,0.16,-0.12,-11.72,0.43,10.86
0.91,0.17,-0.14,-13.67,0.67,8.97
0.91,0.15,-0.17,-15.01,1.65,7.39
0.93,0.11,-0.17,-13.06,1.46,6.71
0.93,0.11,-0.16,-7.26,-0.67,5.86
0.92,0.11,-0.13,-4.15,-3.54,3.78
0.93,0.12,-0.10,-3.23,-4.70,2.26
0.92,0.14,-0.08,-0.24,-5.13,0.43
0.92,0.15,-0.06,1.77,-4.70,-1.53
0.92,0.14,-0.07,2.20,-2.81,-3.36
0.93,0.13,-0.07,3.36,-1.10,-4.82
0.93,0.11,-0.08,5.55,0.55,-6.41
0.93,0.09,-0.09,6.77,1.16,-7.93
0.92,0.08,-0.09,6.47,2.69,-9.28
0.93,0.08,-0.13,6.04,6.10,-10.38
0.94,0.07,-0.15,6.53,7.87,-11.17
0.93,0.09,-0.14,9.58,6.59,-12.39
0.92,0.10,-0.15,8.18,5.49,-13.73
0.92,0.10,-0.17,3.23,3.60,-14.28
0.93,0.09,-0.15,1.40,1.16,-14.89
0.93,0.10,-0.16,0.79,0.43,-16.11
0.94,0.09,-0.16,0.24,2.20,-16.66
0.94,0.10,-0.14,3.11,2.44,-17.33
0.95,0.10,-0.13,5.13,1.59,-17.27
0.98,0.12,-0.13,9.03,3.11,-17.15
1.01,0.17,-0.14,15.38,6.65,-18.13
1.06,0.21,-0.13,18.19,8.73,-17.94
1.08,0.29,-0.15,20.02,6.84,-16.85
1.06,0.40,-0.19,16.78,6.35,-15.75
1.03,0.46,-0.21,8.79,6.35,-13.24
0.98,0.48,-0.22,4.88,5.07,-8.91
0.95,0.43,-0.20,2.26,4.82,-4.52
0.92,0.36,-0.19,4.03,3.17,-0.24
0.90,0.30,-0.21,10.31,3.23,2.99
0.88,0.25,-0.21,15.63,4.33,5.86
0.88,0.21,-0.20,19.35,5.00,8.42
0.87,0.19,-0.20,20.26,6.41,11.29
0.86,0.22,-0.22,23.38,9.83,13.85
0.85,0.29,-0.20,27.28,13.61,15.08
0.86,0.35,-0.19,27.53,17.27,15.56
0.87,0.38,-0.20,28.08,18.19,15.63
0.89,0.41,-0.19,32.53,16.36,15.99
0.92,0.43,-0.14,38.33,17.21,16.48
0.95,0.39,-0.10,41.56,20.39,17.27
0.98,0.31,-0.07,44.74,22.22,18.86
1.01,0.22,-0.09,48.71,21.24,19.41
1.01,0.15,-0.13,51.33,18.31,17.58
1.00,0.08,-0.14,51.70,15.14,13.67
0.97,0.02,-0.17,49.50,14.04,9.83
0.93,-0.01,-0.19,46.20,13.79,5.92
0.91,0.01,-0.20,44.31,13.79,1.34
0.89,0.06,-0.19,41.08,14.77,-2.56
0.90,0.11,-0.19,36.62,14.95,-4.03
0.93,0.16,-0.19,32.35,13.43,-4.21
0.94,0.18,-0.18,28.81,12.21,-4.15
0.95,0.16,-0.16,28.20,11.84,-3.54
0.93,0.16,-0.17,28.99,11.35,-1.46
0.93,0.15,-0.18,27.40,10.93,1.16
0.92,0.14,-0.21,24.84,9.28,2.87
0.90,0.12,-0.20,21.18,6.10,4.03
0.88,0.14,-0.16,17.33,4.70,4.82
0.88,0.16,-0.10,12.08,4.64,5.86
0.91,0.11,-0.06,3.30,4.15,8.36
0.93,0.07,-0.04,-3.36,2.01,11.60
0.94,0.07,-0.03,-12.45,-0.61,13.73
0.94,0.10,-0.05,-22.95,-2.32,13.85
0.91,0.14,-0.09,-33.81,-4.76,14.34
0.90,0.13,-0.15,-45.72,-7.63,16.97
0.93,0.12,-0.25,-52.55,-8.67,20.32
0.97,0.17,-0.37,-57.62,-6.77,20.39
0.97,0.20,-0.42,-64.82,-4.94,19.41
0.98,0.22,-0.33,-67.20,-2.93,21.00
0.98,0.25,-0.24,-60.42,-1.77,22.83
0.96,0.31,-0.21,-44.13,-2.87,21.48
0.96,0.30,-0.21,-32.29,-3.91,16.78
0.98,0.22,-0.23,-25.09,-4.03,11.96
0.99,0.20,-0.21,-11.90,-4.76,5.80
0.98,0.20,-0.18,-3.48,-4.70,-0.49
0.97,0.18,-0.17,-3.60,-2.26,-4.76
0.97,0.17,-0.19,-1.28,-1.10,-7.87
0.97,0.17,-0.19,4.94,-1.04,-10.68
0.98,0.16,-0.18,10.19,-0.24,-12.15
0.98,0.16,-0.17,13.92,-0.24,-13.06
0.96,0.16,-0.16,17.21,-0.55,-14.71
0.95,0.16,-0.15,19.71,0.31,-15.87
0.94,0.16,-0.16,21.48,0.61,-16.54
0.94,0.15,-0.18,22.71,0.92,-17.15
0.94,0.14,-0.20,23.44,0.55,-17.58
0.92,0.13,-0.21,22.16,0.67,-17.76
0.90,0.15,-0.23,20.08,0.49,-17.15
0.89,0.17,-0.24,16.85,0.24,-15.63
0.87,0.19,-0.24,12.57,-0.18,-13.31
0.85,0.22,-0.25,9.64,-0.06,-10.44
0.83,0.26,-0.27,7.02,0.31,-7.20
0.82,0.32,-0.29,5.43,0.24,-4.27
0.80,0.38,-0.29,3.48,0.43,-1.95
0.77,0.42,-0.27,2.93,0.67,0.61
0.73,0.47,-0.25,5.31,0.85,3.30
0.68,0.53,-0.25,7.81,2.99,6.84
0.65,0.60,-0.23,9.22,7.51,12.45
0.61,0.69,-0.27,12.15,11.72,19.65
0.56,0.77,-0.21,13.85,13.18,27.40
0.53,0.86,-0.03,20.63,17.27,35.95
0.53,0.91,0.10,29.72,23.68,45.90
0.55,0.81,0.10,34.36,28.26,56.64
0.54,0.72,0.08,49.68,29.91,66.22
0.55,0.62,0.02,63.54,34.67,74.46
0.54,0.63,-0.05,75.13,45.35,82.15
0.59,0.51,-0.19,80.69,48.52,89.60
0.69,0.23,-0.27,68.73,47.36,98.94
0.72,-0.07,-0.32,41.44,52.98,107.06
0.69,-0.35,-0.43,5.62,59.94,116.21
0.57,-0.29,-0.15,-1.40,40.41,127.81
0.49,-0.12,0.03,-9.22,41.87,136.41
0.52,-0.24,-0.12,-60.85,65.25,142.40
0.48,-0.28,-0.52,-85.39,65.00,145.26
0.39,0.03,-0.50,-60.73,47.00,133.24
0.42,0.41,-0.45,-57.31,30.64,117.07
0.62,0.71,-0.48,-68.66,21.97,109.19
0.70,0.84,-0.27,-42.72,15.20,113.89
0.90,0.58,-0.07,-23.99,17.03,127.20
0.97,0.45,-0.26,-20.94,29.24,133.48
1.03,0.36,-0.36,-15.75,36.50,131.59
1.12,0.28,-0.34,-25.45,37.11,125.98
1.28,0.31,-0.45,-30.09,32.84,118.77
1.36,0.42,-0.48,-22.52,30.03,102.97
1.36,0.56,-0.58,-18.37,26.92,84.96
1.35,0.70,-0.54,-4.39,22.28,64.03
1.32,0.76,-0.48,10.07,21.06,43.15
1.37,0.84,-0.52,35.28,21.48,23.99
1.38,0.77,-0.63,50.66,18.62,8.36
1.38,0.59,-0.68,55.60,12.70,-0.98
1.40,0.47,-0.69,47.06,7.69,-4.39
1.46,0.37,-0.75,25.88,1.59,-4.52
1.61,0.36,-0.82,1.89,-5.86,-3.72
1.73,0.34,-0.77,-21.48,-13.49,-11.72
1.81,0.49,-0.71,-35.95,-19.90,-31.01
2.01,0.72,-0.61,-37.96,-26.73,-53.34
2.34,0.81,-0.49,-29.66,-38.21,-71.47
2.68,0.73,-0.48,-17.09,-53.41,-84.84
2.83,0.51,-0.58,-5.43,-68.97,-97.29
2.88,0.28,-0.72,6.71,-83.44,-110.35
2.96,0.11,-0.89,17.88,-93.93,-123.29
2.99,-0.03,-1.00,23.01,-99.91,-137.39
2.94,-0.18,-1.10,18.98,-102.91,-154.05
2.85,-0.18,-1.11,16.17,-103.39,-171.69
2.85,-0.04,-1.01,16.36,-102.72,-191.47
2.84,0.31,-0.77,28.99,-104.37,-209.11
2.66,0.73,-0.44,52.86,-100.34,-229.31
2.33,0.97,-0.02,66.35,-89.66,-243.41
1.89,1.11,0.34,80.63,-76.84,-257.51
1.24,0.97,0.27,87.95,-63.29,-259.46
0.58,0.14,0.10,72.02,-38.09,-258.91
0.27,-0.25,0.08,37.78,-11.11,-267.58
-0.02,0.85,-1.26,-21.12,19.47,-270.08
0.22,3.36,-0.51,-187.38,26.79,-233.52
-0.84,4.00,-0.02,-262.94,-30.94,-126.89
-1.25,3.93,-1.61,-134.70,-35.28,-14.04
0.19,1.26,-1.27,-35.83,26.67,87.59
0.52,1.21,0.42,26.31,31.56,133.42
0.14,1.23,1.01,48.58,-22.89,145.57
0.04,0.25,0.70,72.20,-23.32,139.89
0.06,-0.79,0.49,109.50,30.33,126.16
0.34,-1.40,0.05,140.69,47.67,115.60
0.40,-1.71,-0.11,131.16,21.85,82.58
0.22,-1.69,0.11,86.79,3.11,26.55
0.06,-1.27,0.26,35.83,12.57,-13.31
0.06,-0.94,0.19,-15.50,15.26,-13.49
0.20,-0.52,0.03,-42.30,9.34,2.87
0.35,-0.05,-0.04,-49.56,4.58,11.78
0.17,0.18,-0.11,-43.40,-0.31,7.20
-0.14,0.26,-0.17,-28.69,0.43,-3.05
-0.25,0.24,-0.13,-15.01,2.14,-2.99
-0.23,0.21,-0.11,-7.63,-3.11,9.77
-0.11,0.19,-0.10,0.73,4.39,25.09
0.02,0.14,-0.01,11.05,12.27,35.40
0.04,0.11,0.02,28.81,7.57,40.28
0.03,0.08,0.02,50.54,6.90,38.09
0.03,0.04,0.04,68.05,11.72,33.02
0.08,-0.08,-0.01,73.36,15.99,28.20
0.09,-0.18,-0.09,74.46,19.59,24.48
0.11,-0.28,-0.11,68.66,21.91,21.24
0.08,-0.38,-0.12,54.75,17.64,20.69
0.01,-0.40,-0.09,40.65,9.16,19.90
-0.09,-0.34,-0.03,27.95,3.42,19.53
-0.17,-0.24,0.02,17.82,0.85,20.57
-0.19,-0.19,0.07,10.62,-0.79,23.68
-0.15,-0.16,0.09,5.13,-1.59,29.05
-0.09,-0.18,0.07,-0.24,-2.44,34.42
-0.02,-0.19,0.02,-5.62,-3.72,38.88
0.02,-0.23,-0.04,-17.15,-5.19,42.11
0.07,-0.24,0.01,-32.04,-5.49,43.40
0.06,-0.15,-0.01,-34.00,-4.15,40.59
0.00,-0.09,-0.05,-38.57,-2.99,36.74
-0.08,-0.06,-0.02,-47.42,0.12,32.65
-0.15,-0.02,-0.02,-53.41,6.41,28.02
-0.15,-0.03,-0.12,-61.10,13.79,27.10
-0.13,-0.04,-0.14,-67.38,18.68,27.28
-0.13,0.06,-0.13,-62.32,19.10,24.11
-0.17,0.26,-0.15,-53.71,18.01,19.35
-0.25,0.43,-0.15,-51.94,16.30,16.48
-0.32,0.61,-0.22,-49.26,14.95,15.75
-0.37,0.86,-0.32,-36.68,19.78,16.05
-0.24,1.48,-0.16,-4.09,49.26,19.78
0.12,3.22,-1.56,92.59,85.02,13.49
0.91,2.99,0.07,133.91,49.62,-9.89
2.68,-1.44,0.13,-39.86,31.56,81.79
4.00,-0.99,-0.90,67.14,35.22,240.30
3.53,2.37,-1.78,126.95,49.26,149.48
3.41,4.00,-2.60,-8.24,81.24,9.52
4.00,4.00,-1.88,171.75,147.09,-14.89
3.67,-4.00,2.72,-159.79,23.07,316.35
3.73,-4.00,1.46,46.51,121.77,415.34
4.00,-4.00,-0.17,-73.73,95.95,388.18
1.53,-3.77,-1.02,-150.57,-24.48,244.38
1.59,-0.84,-0.31,-273.38,-48.71,207.89
1.42,0.59,-0.78,-272.34,-120.54,158.75
1.09,3.90,-1.18,-31.49,-88.32,15.50
1.69,3.94,-1.23,228.70,-14.04,-226.99
1.88,2.07,-0.83,127.14,18.55,-246.83
2.11,0.78,-0.17,134.34,46.75,-136.41
2.60,-0.28,-0.49,142.82,60.85,-34.55
1.81,-1.04,-0.48,105.16,47.73,8.61
1.16,-1.02,-0.52,70.25,11.11,-8.42
1.14,-0.59,-0.53,40.83,-8.67,-15.75
1.12,-0.27,-0.44,6.77,-25.45,-23.01
0.96,-0.07,-0.31,-20.20,-38.88,-28.63
0.86,0.02,-0.20,-46.69,-51.51,-27.40
0.89,0.13,-0.07,-51.88,-49.32,-29.48
0.90,0.34,0.01,-30.03,-42.91,-43.58
0.90,0.57,0.07,-6.96,-38.27,-64.15
0.89,0.66,0.04,2.38,-34.55,-78.74
0.82,0.50,-0.02,-7.75,-33.75,-82.82
0.76,0.26,-0.06,-20.94,-31.07,-80.99
0.73,0.15,-0.16,-28.08,-29.24,-77.58
0.71,0.14,-0.25,-38.02,-33.33,-72.57
0.65,0.19,-0.28,-51.64,-40.22,-64.82
0.53,0.34,-0.31,-63.48,-47.00,-57.68
0.42,0.54,-0.34,-73.06,-48.40,-51.57
0.35,0.72,-0.36,-79.53,-44.43,-45.90
0.33,0.82,-0.37,-76.90,-36.32,-41.81
0.36,0.89,-0.37,-58.65,-26.25,-41.32
0.39,0.89,-0.34,-35.77,-16.85,-43.03
0.42,0.85,-0.35,-19.04,-9.89,-43.95
0.49,0.75,-0.37,-10.13,-7.20,-42.72
0.57,0.69,-0.34,7.08,-5.00,-39.43
0.66,0.69,-0.30,31.19,-4.27,-36.01
0.72,0.70,-0.22,53.28,-3.30,-31.49
0.78,0.72,-0.15,64.45,-2.56,-26.98
0.81,0.71,-0.07,62.26,-3.23,-20.51
0.86,0.65,0.01,59.27,-5.68,-12.88
0.87,0.51,0.05,54.32,-9.95,-5.13
0.95,0.33,0.04,42.91,-8.67,1.34
0.99,0.19,0.01,24.90,-4.39,7.39
0.95,0.01,-0.09,1.16,-4.58,16.36
1.00,0.02,-0.12,-14.22,-2.20,18.13
0.88,-0.01,-0.24,-28.08,-7.39,21.06
0.92,0.03,-0.15,-30.46,8.54,25.45
0.94,0.07,-0.19,-35.83,8.42,28.26
0.90,0.02,-0.20,-36.56,4.52,28.87
1.00,0.07,-0.21,-26.00,10.93,22.16
0.97,0.19,-0.24,-21.67,5.68,18.01
0.87,0.27,-0.26,-14.28,3.54,9.58
0.88,0.47,-0.17,1.53,18.25,-5.07
0.85,0.55,-0.14,9.64,13.98,-8.67
0.87,0.53,-0.10,19.10,16.85,-6.65
0.93,0.51,-0.07,30.40,21.73,-9.40
0.96,0.44,-0.07,38.82,19.29,-10.62
0.97,0.39,-0.10,49.68,17.46,-11.23
0.94,0.36,-0.10,59.51,17.09,-12.94
0.90,0.32,-0.08,64.39,14.53,-14.89
0.89,0.26,-0.11,64.39,14.22,-14.34
0.91,0.21,-0.16,62.44,14.16,-11.72
0.91,0.16,-0.16,55.73,12.39,-9.16
0.91,0.15,-0.18,46.94,10.01,-7.45
0.90,0.17,-0.19,37.60,8.91,-6.41
0.89,0.17,-0.22,28.87,9.64,-4.27
0.89,0.15,-0.27,23.80,10.13,-1.46
0.89,0.13,-0.25,19.90,10.38,1.46
0.89,0.14,-0.23,14.16,10.99,3.85
0.88,0.17,-0.24,10.07,10.01,5.43
0.89,0.19,-0.19,8.85,10.19,5.74
0.90,0.20,-0.21,10.19,13.00,4.94
0.94,0.22,-0.21,6.90,13.79,4.21
0.93,0.28,-0.22,2.93,12.21,2.50
0.93,0.31,-0.17,-0.92,11.23,1.10
0.96,0.31,-0.15,-2.01,10.38,0.92
0.97,0.28,-0.16,-2.32,7.69,0.85
0.95,0.23,-0.16,-2.32,6.04,-0.92
0.92,0.21,-0.17,-1.10,5.80,-2.93
0.91,0.23,-0.16,0.61,5.86,-3.42
0.92,0.21,-0.17,2.20,6.10,-1.77
0.94,0.18,-0.20,4.21,5.80,-0.92
0.95,0.16,-0.21,5.98,3.05,-1.89
0.93,0.20,-0.19,6.59,-0.12,-3.97
0.91,0.25,-0.17,5.43,-0.73,-7.51
0.89,0.27,-0.17,4.76,0.12,-10.80
0.91,0.25,-0.22,4.46,1.40,-12.33
0.93,0.21,-0.29,4.46,1.95,-11.78
0.92,0.16,-0.33,2.20,1.53,-10.19
0.89,0.14,-0.34,-1.40,1.53,-8.30
0.88,0.14,-0.36,-4.70,3.78,-5.68
0.88,0.14,-0.37,-8.30,6.29,-2.93
0.88,0.16,-0.36,-12.27,7.14,-0.37
0.88,0.20,-0.33,-14.04,8.61,1.77
0.90,0.21,-0.32,-11.84,9.83,3.72
0.92,0.20,-0.33,-9.40,10.13,4.70
0.93,0.19,-0.32,-7.14,10.44,3.97
0.94,0.20,-0.28,-3.72,10.99,1.40
0.91,0.22,-0.26,0.37,11.41,-1.40
0.88,0.25,-0.25,3.36,11.60,-3.17
0.87,0.28,-0.23,4.33,11.54,-3.23
0.89,0.28,-0.22,3.91,11.41,-1.46
0.92,0.26,-0.25,4.27,10.68,1.65
0.92,0.23,-0.24,2.75,9.46,4.03
0.94,0.19,-0.21,1.16,7.87,6.53
0.96,0.17,-0.18,-0.67,5.68,9.34
0.96,0.14,-0.16,-4.21,2.32,11.60
0.96,0.13,-0.18,-9.64,1.71,12.33
0.96,0.10,-0.22,-16.72,1.65,13.24
0.95,0.08,-0.29,-24.54,0.79,13.73
0.94,0.13,-0.28,-29.54,-0.98,12.39
0.92,0.21,-0.25,-29.72,-1.04,9.70
0.91,0.26,-0.27,-27.59,-0.49,8.36
0.90,0.28,-0.29,-25.76,-1.16,8.73
0.91,0.26,-0.26,-23.86,-1.95,8.85
0.92,0.26,-0.24,-17.76,-1.59,7.93
0.93,0.22,-0.20,-10.31,-0.98,6.65
0.94,0.18,-0.19,-7.69,-0.79,5.98
0.95,0.16,-0.21,-8.30,-1.22,5.25
0.96,0.13,-0.22,-12.82,-1.65,5.25
0.96,0.12,-0.21,-18.07,-2.81,5.98
0.96,0.13,-0.23,-23.44,-3.66,6.16
0.94,0.15,-0.26,-28.38,-3.91,5.43
0.92,0.18,-0.26,-28.99,-3.42,3.85
0.91,0.22,-0.24,-27.10,-2.26,2.62
0.91,0.25,-0.22,-22.22,-1.04,1.53
0.90,0.29,-0.22,-14.65,0.79,0.37
0.90,0.28,-0.22,-9.09,1.22,-1.10
0.92,0.27,-0.22,-3.72,2.32,-3.05
0.92,0.27,-0.22,1.10,0.12,-4.27
0.92,0.25,-0.20,4.09,-1.59,-5.00
0.92,0.23,-0.19,6.04,-0.67,-5.37
0.92,0.21,-0.20,5.86,-0.67,-4.21
0.93,0.18,-0.20,3.78,-1.71,-2.01
0.94,0.17,-0.19,0.18,-2.08,-0.43
0.93,0.17,-0.19,-5.07,-2.50,0.24
0.92,0.18,-0.21,-10.80,-3.66,1.53
0.93,0.19,-0.21,-14.22,-4.58,2.93
0.93,0.22,-0.21,-17.64,-5.43,3.78
0.93,0.24,-0.20,-21.85,-7.39,4.03
0.93,0.25,-0.18,-25.27,-8.24,4.82
0.93,0.26,-0.18,-25.39,-8.91,5.62
0.91,0.27,-0.20,-24.84,-9.46,6.41
0.91,0.27,-0.24,-25.88,-9.22,7.75
0.91,0.24,-0.26,-27.47,-8.85,9.16
0.90,0.22,-0.28,-25.39,-9.34,10.25
0.89,0.20,-0.28,-22.71,-9.77,10.74
0.89,0.20,-0.29,-22.03,-8.91,11.11
0.90,0.22,-0.28,-22.64,-7.63,11.23
0.89,0.22,-0.26,-21.61,-5.13,12.08
0.89,0.23,-0.25,-11.84,-2.32,13.55
0.89,0.24,-0.24,1.10,-0.49,14.40
0.91,0.20,-0.22,10.93,1.16,14.77
0.93,0.18,-0.22,20.14,3.91,15.93
0.96,0.17,-0.23,24.29,8.06,17.76
0.99,0.17,-0.23,24.60,9.64,20.20
0.99,0.19,-0.21,25.21,9.16,23.01
0.97,0.20,-0.18,26.73,8.30,24.78
0.98,0.22,-0.15,29.54,7.14,25.88
1.00,0.23,-0.13,33.08,4.33,26.25
1.05,0.19,-0.10,33.69,3.30,26.49
1.10,0.14,-0.11,29.48,3.78,28.02
1.12,0.11,-0.14,18.86,3.23,31.31
1.11,0.13,-0.19,8.54,-0.37,34.30
1.07,0.18,-0.23,3.60,-4.33,34.06
1.04,0.23,-0.23,2.20,-5.31,32.10
1.01,0.27,-0.21,2.93,-5.49,29.91
0.98,0.30,-0.18,4.03,-6.90,28.38
0.93,0.33,-0.17,4.94,-9.34,27.22
0.86,0.36,-0.17,5.19,-11.78,26.12
0.79,0.37,-0.20,3.42,-12.94,25.70
0.73,0.37,-0.25,1.89,-10.31,26.18
0.71,0.38,-0.23,3.48,-2.56,27.10
0.74,0.32,-0.16,10.13,6.35,30.46
0.78,0.27,-0.16,21.06,12.21,32.47
0.80,0.24,-0.22,26.86,10.74,31.19
0.80,0.16,-0.28,19.04,4.15,28.81
0.81,0.08,-0.34,6.23,-0.43,24.96
0.82,0.06,-0.35,-2.38,0.61,20.26
0.85,0.07,-0.28,-4.33,5.49,16.17
0.87,0.14,-0.19,1.34,8.67,13.18
0.86,0.23,-0.15,9.89,5.43,9.77
0.85,0.30,-0.12,15.81,1.22,5.49
0.85,0.30,-0.10,17.88,0.67,0.98
0.85,0.26,-0.07,17.58,1.34,-3.60
0.86,0.23,-0.07,18.49,3.54,-5.92
0.86,0.21,-0.07,23.68,3.54,-5.80
0.87,0.21,-0.08,36.01,4.52,-5.37
0.90,0.21,-0.12,44.37,6.84,-5.13
0.93,0.18,-0.15,36.19,3.97,-5.00
0.92,0.13,-0.17,17.76,-1.34,-4.64
0.92,0.13,-0.21,2.01,-2.56,-4.39
0.91,0.17,-0.22,-7.51,-0.49,-4.21
0.89,0.24,-0.20,-17.33,0.37,-3.85
0.88,0.32,-0.16,-26.86,0.12,-4.15
0.86,0.39,-0.14,-31.37,0.73,-5.68
0.85,0.42,-0.16,-30.40,1.89,-7.75
0.84,0.41,-0.18,-25.39,3.36,-9.83
0.82,0.38,-0.20,-18.68,5.19,-11.54
0.82,0.33,-0.24,-12.94,10.44,-13.12
0.87,0.21,-0.19,-5.07,20.94,-12.33
0.96,0.10,-0.19,15.63,28.93,-7.81
1.02,0.07,-0.21,30.27,20.94,-5.13
0.99,0.05,-0.19,19.84,8.48,-6.71
0.97,0.05,-0.13,3.78,2.56,-11.41
0.98,0.12,-0.11,-0.55,1.53,-16.78
0.97,0.16,-0.07,-7.51,0.37,-19.84
0.92,0.23,-0.11,-13.85,-1.04,-21.55
0.90,0.36,-0.19,-16.85,-1.53,-25.88
0.88,0.52,-0.29,-23.99,-1.71,-28.69
0.86,0.61,-0.40,-41.75,1.34,-28.08
0.92,0.68,-0.46,-53.59,6.35,-23.56
1.01,0.75,-0.41,-52.98,9.89,-17.64
1.05,0.74,-0.30,-43.46,5.92,-12.33
1.02,0.65,-0.15,-22.71,-1.16,-9.09
0.97,0.52,-0.03,3.48,-3.60,-9.03
0.89,0.43,-0.01,28.87,-4.88,-9.83
0.80,0.38,-0.13,43.52,-6.35,-10.74
0.78,0.31,-0.22,42.24,-4.15,-11.35
0.82,0.22,-0.25,32.96,1.89,-12.39
0.87,0.16,-0.25,23.68,7.02,-13.24
0.89,0.15,-0.28,19.65,9.34,-12.76
0.90,0.15,-0.30,13.06,9.83,-8.97
0.90,0.16,-0.29,7.69,10.07,-5.68
0.92,0.18,-0.24,4.94,10.50,-3.60
0.96,0.19,-0.24,0.00,9.58,-2.14
0.97,0.22,-0.21,-2.75,6.65,-2.56
0.94,0.22,-0.18,-0.12,4.94,-4.58
0.93,0.22,-0.21,7.51,5.86,-5.86
0.94,0.21,-0.25,13.79,7.14,-5.92
0.93,0.20,-0.27,18.98,8.18,-6.35
0.91,0.23,-0.29,23.32,9.52,-6.90
0.91,0.23,-0.32,25.70,9.52,-7.02
0.91,0.21,-0.30,29.05,8.85,-7.32
0.92,0.18,-0.29,32.35,8.97,-7.63
0.92,0.15,-0.28,31.92,8.30,-8.12
0.93,0.12,-0.26,30.15,7.45,-8.79
0.93,0.12,-0.24,30.27,7.08,-9.58
0.93,0.12,-0.21,30.27,8.06,-9.16
0.92,0.13,-0.23,28.56,8.54,-8.00
0.93,0.12,-0.26,23.38,7.57,-7.02
0.94,0.12,-0.25,17.88,6.23,-5.98
0.93,0.13,-0.25,15.20,5.86,-4.46
0.93,0.14,-0.27,10.38,4.70,-1.83
0.92,0.16,-0.27,4.52,2.44,0.55
0.91,0.17,-0.27,0.61,2.01,1.65
0.91,0.16,-0.28,-0.98,2.56,3.05
0.91,0.16,-0.28,-1.95,2.01,3.97
0.92,0.17,-0.28,-1.65,2.62,4.15
0.91,0.19,-0.29,0.31,3.60,3.66
0.91,0.21,-0.28,2.08,3.48,2.81
0.90,0.24,-0.26,2.99,3.23,1.89
0.90,0.24,-0.24,4.64,3.97,2.08
0.91,0.25,-0.24,6.84,4.21,2.62
0.91,0.25,-0.24,6.96,2.75,2.93
0.90,0.26,-0.24,10.19,2.93,2.93
0.90,0.26,-0.28,13.12,4.33,3.91
0.89,0.24,-0.32,12.70,3.30,5.80
0.88,0.23,-0.33,12.82,2.93,6.23
0.88,0.22,-0.32,15.56,4.27,6.41
0.90,0.20,-0.32,17.52,5.43,7.81
0.91,0.20,-0.34,18.86,4.64,9.83
0.91,0.20,-0.32,19.71,5.00,10.93
0.91,0.17,-0.30,21.12,6.35,11.41
0.92,0.13,-0.28,21.12,5.74,12.33
0.94,0.09,-0.27,19.53,5.49,12.57
0.95,0.07,-0.25,17.58,5.43,12.63
0.96,0.07,-0.23,13.00,4.21,12.51
0.95,0.08,-0.22,6.35,1.95,11.84
0.95,0.10,-0.20,1.34,1.28,11.84
0.95,0.12,-0.19,-1.10,1.34,12.33
0.95,0.13,-0.21,-4.94,1.59,12.82
0.95,0.13,-0.21,-8.42,1.10,13.18
0.94,0.15,-0.20,-10.50,0.73,13.61
0.92,0.17,-0.19,-10.56,1.22,13.79
0.91,0.20,-0.19,-9.83,2.26,14.71
0.92,0.23,-0.20,-8.30,2.87,15.75
0.94,0.26,-0.22,-7.02,1.71,17.15
0.95,0.27,-0.23,-5.49,-0.18,17.21
0.94,0.23,-0.22,-4.46,-1.59,15.69
0.93,0.18,-0.23,-3.17,-2.26,13.98
0.94,0.16,-0.23,-2.87,-2.26,13.00
0.93,0.18,-0.23,-3.60,-2.56,11.35
0.92,0.20,-0.23,-3.60,-3.54,9.83
0.92,0.19,-0.23,-4.39,-4.03,9.22
0.92,0.20,-0.25,-4.94,-3.85,8.61
0.90,0.24,-0.25,-5.80,-3.42,7.20
0.88,0.29,-0.26,-6.16,-2.38,5.62
0.88,0.32,-0.25,-3.85,-0.85,5.19
0.87,0.32,-0.26,0.49,1.04,5.62
0.87,0.30,-0.24,4.70,2.87,6.23
0.87,0.30,-0.24,9.09,5.00,6.71
0.88,0.31,-0.23,13.06,5.55,6.96
0.88,0.31,-0.22,14.89,5.80,7.08
0.88,0.31,-0.23,15.50,7.02,7.69
0.91,0.32,-0.21,16.36,7.02,8.42
0.95,0.28,-0.18,16.11,4.64,8.61
0.95,0.22,-0.15,14.89,1.89,8.12
0.95,0.17,-0.20,10.68,-0.24,7.51
0.93,0.15,-0.23,4.82,-1.89,7.45
0.91,0.19,-0.23,1.59,-1.77,7.20
0.88,0.22,-0.22,-1.22,-1.59,6.90
0.88,0.24,-0.23,-4.52,-1.71,7.32
0.88,0.26,-0.24,-5.86,-1.04,8.24
0.88,0.25,-0.24,-5.74,-0.31,9.64
0.87,0.21,-0.23,-6.47,-0.12,11.47
0.88,0.18,-0.24,-8.79,-0.24,13.12
0.90,0.17,-0.24,-10.13,-0.98,13.98
0.89,0.19,-0.24,-12.33,-1.34,14.10
0.91,0.19,-0.21,-16.78,-0.43,14.77
0.94,0.19,-0.22,-20.45,0.49,16.72
0.96,0.19,-0.22,-19.71,-0.79,18.92
0.98,0.14,-0.23,-18.74,-0.12,20.20
0.99,0.11,-0.25,-17.33,0.24,20.14
0.98,0.11,-0.25,-15.50,0.18,18.01
0.96,0.15,-0.24,-14.89,0.18,14.71
0.94,0.22,-0.23,-12.70,0.67,11.60
0.93,0.28,-0.20,-9.34,0.18,10.19
0.90,0.31,-0.17,-4.52,-0.73,10.31
0.88,0.31,-0.18,-0.43,0.37,11.29
0.85,0.32,-0.18,2.01,2.75,12.15
0.84,0.33,-0.20,5.43,7.51,12.70
0.85,0.33,-0.21,10.25,10.74,14.65
0.87,0.33,-0.21,12.21,10.56,16.72
0.87,0.31,-0.22,12.15,9.83,18.01
0.87,0.30,-0.24,15.20,9.58,19.53
0.89,0.29,-0.25,16.36,10.07,21.12
0.90,0.30,-0.23,14.47,9.52,21.30
0.90,0.31,-0.23,12.70,8.79,21.30
0.88,0.32,-0.22,11.78,7.69,21.91
0.87,0.32,-0.20,12.15,9.09,22.16
0.88,0.33,-0.24,16.11,12.76,21.48
0.89,0.34,-0.22,19.96,15.20,20.26
0.89,0.33,-0.19,21.24,15.01,19.84
0.89,0.30,-0.17,17.94,15.44,19.23
0.90,0.30,-0.19,15.14,15.50,18.98
0.91,0.32,-0.21,11.47,12.63,19.29
0.93,0.32,-0.23,4.27,9.22,19.53
0.94,0.32,-0.21,-2.14,4.88,19.29
0.91,0.33,-0.16,-5.31,1.22,19.59
0.88,0.36,-0.19,-6.10,0.73,20.20
0.87,0.38,-0.22,-4.88,1.65,21.36
0.87,0.34,-0.25,-0.61,2.14,22.22
0.86,0.31,-0.24,5.43,2.32,21.97
0.84,0.32,-0.25,9.77,3.30,20.69
0.83,0.33,-0.28,5.37,6.04,19.53
0.83,0.34,-0.29,1.77,7.81,19.41
0.82,0.36,-0.26,2.44,7.81,19.71
0.83,0.36,-0.22,5.37,9.46,20.69
0.84,0.37,-0.23,7.26,11.60,22.71
0.87,0.38,-0.23,10.56,11.29,25.70
0.89,0.37,-0.21,15.14,7.57,27.95
0.89,0.37,-0.22,16.78,2.62,28.63
0.88,0.35,-0.19,11.23,2.01,27.34
0.89,0.34,-0.17,5.07,2.99,26.18
0.89,0.30,-0.20,2.38,7.20,25.45
0.88,0.28,-0.24,3.72,11.54,25.94
0.88,0.28,-0.28,4.52,13.06,26.49
0.85,0.27,-0.22,2.38,12.63,26.86
0.86,0.26,-0.27,3.42,15.99,28.50
0.86,0.27,-0.33,8.79,16.60,31.07
0.84,0.31,-0.28,12.02,15.20,31.37
0.84,0.31,-0.25,6.65,16.97,30.70
0.83,0.35,-0.22,5.00,15.99,31.31
0.81,0.39,-0.24,6.65,13.85,31.37
0.81,0.44,-0.25,5.92,15.93,31.07
0.81,0.48,-0.23,4.15,17.21,31.56
0.81,0.51,-0.25,2.87,18.43,32.59
0.82,0.48,-0.26,1.95,17.33,34.48
0.83,0.45,-0.28,5.37,15.99,38.82
0.82,0.42,-0.29,8.85,15.93,41.81
0.79,0.39,-0.27,7.32,15.32,43.88
0.77,0.37,-0.29,3.85,15.50,46.75
0.78,0.38,-0.26,0.49,17.09,48.77
0.78,0.41,-0.24,-2.62,18.19,50.66
0.77,0.46,-0.22,-4.76,18.80,51.57
0.77,0.49,-0.20,-2.69,17.40,52.31
0.75,0.53,-0.25,-0.37,16.78,53.47
0.74,0.55,-0.33,-3.72,16.78,53.22
0.75,0.51,-0.29,-9.89,14.40,54.57
0.74,0.47,-0.31,-12.57,15.01,57.56
0.74,0.44,-0.34,-11.05,17.40,60.12
0.73,0.41,-0.38,-6.59,15.14,62.13
0.74,0.40,-0.39,-4.88,16.36,64.51
0.73,0.38,-0.34,-5.80,18.25,66.22
0.74,0.40,-0.42,-1.95,22.40,67.32
0.75,0.46,-0.42,6.71,21.61,66.83
0.76,0.54,-0.38,14.77,19.59,64.45
0.79,0.59,-0.34,11.96,17.58,61.65
0.82,0.59,-0.30,9.52,16.30,58.96
0.83,0.57,-0.30,14.65,14.47,55.85
0.81,0.58,-0.29,20.69,14.65,52.43
0.79,0.58,-0.29,20.20,14.95,50.29
0.77,0.55,-0.30,18.25,14.16,49.93
0.74,0.53,-0.31,20.87,12.94,50.29
0.73,0.51,-0.34,23.62,11.23,51.03
0.71,0.51,-0.36,22.22,11.23,53.22
0.68,0.53,-0.38,22.77,9.16,53.77
0.65,0.58,-0.36,23.19,9.09,53.71
0.65,0.57,-0.35,15.63,14.16,54.87
0.66,0.62,-0.35,19.41,15.14,55.73
0.69,0.66,-0.30,24.48,13.37,53.77
0.71,0.66,-0.25,20.57,12.21,52.80
0.71,0.69,-0.22,24.35,8.48,51.33
0.72,0.67,-0.20,26.06,7.57,49.87
0.72,0.61,-0.24,21.55,8.30,50.23
0.70,0.63,-0.29,22.16,6.41,51.03
0.67,0.63,-0.28,20.51,3.91,52.19
0.65,0.63,-0.30,17.15,3.48,53.89
0.63,0.64,-0.29,16.30,2.44,55.24
0.60,0.66,-0.30,18.01,2.38,55.42
0.60,0.70,-0.36,18.86,3.85,54.50
0.58,0.73,-0.37,19.35,5.13,53.34
0.56,0.74,-0.31,17.64,8.67,52.86
0.57,0.74,-0.33,17.94,11.54,52.86
0.57,0.76,-0.32,22.09,12.02,51.45
0.56,0.77,-0.31,21.42,12.02,49.44
0.55,0.77,-0.24,20.20,11.17,48.10
0.54,0.76,-0.20,18.37,11.17,48.10
0.52,0.75,-0.19,16.66,11.90,48.83
0.48,0.76,-0.20,15.08,11.90,49.50
0.46,0.78,-0.23,16.78,11.54,49.68
0.44,0.80,-0.26,16.91,9.64,49.99
0.43,0.81,-0.27,11.78,10.07,51.45
0.42,0.77,-0.28,6.35,12.02,53.10
0.40,0.77,-0.28,8.97,12.27,54.32
0.39,0.76,-0.33,12.02,13.98,54.69
0.38,0.81,-0.40,15.93,15.69,54.99
0.39,0.81,-0.37,14.59,17.46,54.81
0.41,0.81,-0.34,13.61,18.43,55.36
0.42,0.82,-0.32,14.77,18.92,55.91
0.43,0.81,-0.30,13.98,19.59,55.91
0.44,0.82,-0.25,16.48,19.47,55.18
0.43,0.82,-0.23,18.43,19.35,54.57
0.43,0.84,-0.21,19.41,17.64,54.26
0.42,0.85,-0.20,18.25,15.38,54.93
0.40,0.84,-0.16,18.25,13.79,55.36
0.38,0.84,-0.18,18.19,12.94,56.21
0.36,0.83,-0.21,15.56,12.70,57.37
0.35,0.79,-0.21,12.63,13.55,59.69
0.34,0.84,-0.26,15.81,12.76,61.22
0.34,0.85,-0.26,15.20,13.06,61.89
0.34,0.84,-0.26,12.45,13.24,62.74
0.34,0.86,-0.27,13.00,12.45,63.23
0.34,0.85,-0.24,12.21,10.50,63.05
0.33,0.86,-0.23,10.93,9.52,63.35
0.31,0.86,-0.24,11.90,8.73,63.17
0.31,0.87,-0.25,11.96,7.93,62.93
0.32,0.88,-0.24,11.78,7.45,63.29
0.33,0.88,-0.23,11.23,7.08,63.90
0.34,0.89,-0.25,12.45,6.41,64.39
0.33,0.91,-0.29,14.47,6.59,63.17
0.35,0.91,-0.26,14.22,7.32,62.32
0.34,0.91,-0.24,14.89,6.59,62.26
0.32,0.91,-0.25,16.97,5.00,62.44
0.29,0.90,-0.23,17.82,3.91,62.87
0.25,0.90,-0.24,17.27,3.85,63.78
0.23,0.90,-0.23,18.31,2.87,64.58
0.21,0.90,-0.22,17.70,2.50,65.49
0.20,0.92,-0.24,15.56,2.99,66.71
0.19,0.94,-0.20,15.75,4.39,67.08
0.19,1.01,-0.19,17.46,5.31,67.08
0.27,1.12,-0.17,22.46,6.77,65.55
0.35,1.17,-0.16,29.17,7.02,61.46
0.34,1.13,-0.20,35.34,5.98,57.56
0.31,1.00,-0.24,34.67,3.42,54.14
0.26,0.93,-0.18,22.16,2.93,53.71
0.22,1.00,-0.20,9.77,2.81,52.80
0.18,1.01,-0.13,-6.77,3.48,52.12
0.13,1.09,-0.11,-10.31,1.89,50.48
0.13,1.14,-0.13,-8.61,0.06,47.30
0.12,1.10,-0.12,-10.38,-1.95,45.10
0.09,1.04,-0.13,-9.77,-4.82,42.48
0.05,1.02,-0.14,-8.42,-8.06,39.43
-0.01,1.02,-0.14,-6.84,-10.56,36.38
-0.08,1.01,-0.17,-3.78,-12.33,33.20
-0.12,1.00,-0.22,-0.98,-13.55,29.48
-0.10,0.99,-0.26,-0.06,-13.37,25.88
-0.04,0.96,-0.26,-0.12,-12.45,23.13
0.02,0.93,-0.27,1.34,-11.84,21.42
0.09,0.89,-0.28,2.62,-11.17,19.96
0.12,0.85,-0.28,1.77,-10.31,19.59
0.14,0.81,-0.25,-1.59,-8.48,20.94
0.12,0.81,-0.24,-4.88,-6.84,23.32
0.08,0.84,-0.24,-7.14,-4.64,25.51
0.04,0.89,-0.25,-8.67,-2.32,27.65
0.01,0.93,-0.25,-10.13,-0.43,29.17
-0.01,0.95,-0.25,-8.61,0.12,29.42
-0.03,0.96,-0.24,-4.82,-0.73,29.05
-0.06,0.99,-0.24,-0.12,-1.77,27.53
-0.06,1.00,-0.25,2.87,-2.62,24.78
-0.07,1.00,-0.24,4.94,-3.48,22.40
-0.09,0.99,-0.21,7.14,-3.97,20.63
-0.09,0.98,-0.18,10.74,-5.19,18.74
-0.09,0.99,-0.16,13.43,-5.25,17.58
-0.10,0.99,-0.15,13.18,-4.64,16.78
-0.11,0.99,-0.13,12.51,-3.78,15.87
-0.11,0.99,-0.11,12.94,-3.05,14.77
-0.12,1.00,-0.10,14.83,-2.20,13.55
-0.12,1.01,-0.13,15.20,-0.43,11.90
-0.11,1.02,-0.18,13.00,1.95,10.86
-0.09,1.01,-0.20,9.64,3.36,10.56
-0.06,0.99,-0.20,7.75,2.14,10.25
-0.03,0.99,-0.21,6.65,0.73,9.70
-0.01,0.99,-0.22,4.21,0.31,9.22
-0.00,0.98,-0.21,1.83,-0.43,9.03
0.00,0.98,-0.21,1.83,-1.40,9.09
0.00,0.99,-0.20,2.62,-1.71,8.61
-0.00,0.98,-0.19,2.81,-1.77,7.93
-0.01,0.97,-0.16,3.05,-2.01,6.84
-0.02,0.96,-0.14,4.52,-2.56,5.86
-0.03,0.95,-0.15,6.41,-2.38,4.70
-0.03,0.95,-0.19,8.73,-1.28,3.23
-0.04,0.97,-0.23,10.01,-0.12,2.14
-0.04,0.97,-0.24,11.41,-1.04,1.77
-0.03,0.98,-0.22,12.15,-1.53,1.53
-0.02,0.98,-0.20,11.78,-2.32,2.44
-0.01,0.95,-0.18,8.54,-3.42,3.60
-0.01,0.93,-0.17,5.31,-4.33,4.88
-0.01,0.94,-0.17,4.46,-4.21,5.68
-0.01,0.97,-0.17,3.97,-2.56,5.74
0.00,0.98,-0.16,2.81,-1.34,5.68
0.01,0.96,-0.14,2.14,-1.28,5.55
0.00,0.95,-0.14,2.99,-1.59,5.00
-0.00,0.95,-0.13,5.62,-2.20,4.64
-0.01,0.95,-0.14,6.41,-2.08,4.76
-0.02,0.96,-0.14,5.49,-2.62,4.27
-0.02,0.96,-0.15,3.97,-3.60,3.85
-0.02,0.97,-0.17,3.54,-4.27,3.54
-0.01,0.99,-0.19,3.54,-3.97,3.30
-0.01,0.99,-0.20,3.23,-3.42,2.75
0.02,0.97,-0.18,1.89,-1.95,2.56
0.04,0.96,-0.17,0.00,-1.22,2.99
0.05,0.95,-0.16,-1.34,-1.65,3.78
0.05,0.95,-0.17,-2.44,-2.14,4.58
0.05,0.95,-0.16,-2.62,-2.62,5.07
0.05,0.94,-0.17,-1.95,-3.36,5.74
0.04,0.95,-0.17,-2.38,-3.91,6.04
0.04,0.96,-0.18,-3.36,-2.62,5.92
0.04,0.97,-0.20,-4.88,-1.28,5.86
0.04,0.98,-0.21,-5.00,-1.34,5.62
0.04,0.98,-0.20,-4.88,-1.89,5.49
0.03,0.97,-0.19,-3.85,-2.44,5.49
0.03,0.97,-0.18,-2.93,-2.75,5.31
0.02,0.96,-0.18,-2.01,-2.93,5.43
0.02,0.97,-0.20,-1.71,-1.95,5.80
0.01,0.97,-0.21,-1.46,-1.16,5.80
0.01,0.98,-0.21,0.55,-1.22,5.80
0.01,0.98,-0.20,2.93,-1.65,5.92
0.00,0.97,-0.20,3.72,-1.34,6.10
-0.00,0.97,-0.20,3.42,-1.10,6.29
-0.00,0.96,-0.21,2.50,-1.40,6.47
-0.01,0.95,-0.20,1.89,-1.59,6.53
-0.01,0.95,-0.19,1.53,-1.16,6.41
-0.01,0.95,-0.19,1.04,-0.49,6.41
-0.02,0.95,-0.19,0.98,0.12,6.10
-0.02,0.96,-0.20,1.34,0.79,6.10
-0.02,0.95,-0.19,1.22,1.22,5.92
-0.02,0.95,-0.18,1.34,1.22,5.92
-0.02,0.96,-0.17,1.10,0.98,5.74
-0.02,0.97,-0.18,0.55,1.16,5.37
-0.02,0.97,-0.19,0.24,1.71,5.13
-0.02,0.97,-0.18,0.00,1.71,5.31
-0.02,0.98,-0.17,-0.18,1.59,5.49
-0.02,0.99,-0.17,-0.85,1.89,5.43
-0.02,0.98,-0.18,-1.53,2.01,5.49
-0.01,0.97,-0.18,0.06,2.08,5.31
-0.01,0.96,-0.18,2.01,1.89,5.19
-0.02,0.96,-0.18,2.69,1.40,5.00
-0.02,0.96,-0.18,2.01,0.61,4.64
-0.03,0.95,-0.18,1.10,0.43,4.03
-0.03,0.95,-0.18,0.98,0.67,3.54
-0.03,0.95,-0.19,1.34,1.04,3.60
-0.03,0.95,-0.20,1.16,2.01,3.85
-0.03,0.95,-0.20,0.06,2.56,4.15
-0.03,0.95,-0.20,-0.79,2.62,4.46
-0.02,0.96,-0.21,-0.55,2.93,4.70
-0.02,0.98,-0.21,-1.10,4.03,5.00
-0.01,0.98,-0.21,-2.14,5.07,5.00
-0.01,0.98,-0.20,-2.26,5.55,5.13
-0.00,0.98,-0.20,-0.98,5.55,5.25
-0.00,0.98,-0.20,1.53,4.76,5.19
-0.01,0.96,-0.19,3.60,4.03,4.94
-0.01,0.95,-0.18,4.27,3.48,4.82
-0.02,0.94,-0.18,4.15,3.23,4.70
-0.03,0.94,-0.17,3.48,2.56,4.21
-0.04,0.94,-0.16,1.89,2.38,4.03
-0.03,0.95,-0.17,0.31,2.69,3.97
-0.03,0.96,-0.18,-0.18,2.93,3.85
-0.02,0.96,-0.18,-0.12,2.87,3.72
-0.01,0.97,-0.17,-0.79,2.01,3.54
-0.00,0.98,-0.17,-2.01,1.53,3.54
0.01,0.98,-0.18,-2.01,1.46,3.54
0.01,0.98,-0.19,-0.31,1.59,3.66
0.01,0.99,-0.20,2.08,1.65,3.60
0.01,0.99,-0.21,4.39,1.77,3.42
0.02,0.97,-0.21,4.94,1.83,3.30
0.02,0.96,-0.21,4.88,1.59,3.23
0.01,0.94,-0.20,4.94,0.98,3.48
0.00,0.94,-0.20,4.70,0.61,3.48
-0.01,0.94,-0.20,3.85,0.61,3.48
-0.01,0.94,-0.19,2.44,1.22,3.72
-0.01,0.95,-0.19,0.98,1.65,3.97
-0.01,0.96,-0.19,0.12,1.95,3.78
-0.01,0.97,-0.19,-0.37,2.75,3.48
-0.01,0.98,-0.19,-0.67,3.42,3.36
-0.01,0.98,-0.19,-0.37,3.78,3.23
-0.01,0.98,-0.20,-0.18,4.52,2.87
-0.00,0.98,-0.21,0.18,4.70,2.99
-0.00,0.97,-0.20,0.98,4.39,3.05
-0.01,0.96,-0.20,1.71,3.85,3.05
-0.01,0.96,-0.20,1.89,3.48,2.87
-0.02,0.96,-0.20,1.16,3.72,2.38
-0.03,0.96,-0.20,0.00,3.97,2.01
-0.03,0.95,-0.20,-0.49,4.33,1.34
-0.04,0.96,-0.20,0.24,4.46,0.43
-0.05,0.96,-0.19,1.40,4.15,-0.37
-0.05,0.96,-0.19,1.28,4.46,-1.28
-0.05,0.96,-0.19,0.37,5.37,-1.71
-0.05,0.96,-0.20,-0.37,6.53,-2.32
-0.04,0.97,-0.20,-0.18,7.20,-2.75
-0.04,0.96,-0.20,0.06,7.69,-2.87
-0.04,0.95,-0.20,0.00,8.79,-3.05
-0.04,0.95,-0.20,0.06,9.28,-3.17
-0.05,0.95,-0.21,-0.12,9.40,-3.42
-0.07,0.93,-0.22,-1.46,9.16,-3.42
-0.07,0.92,-0.20,-4.09,8.30,-3.36
-0.08,0.95,-0.20,-4.58,7.20,-3.85
-0.10,0.97,-0.19,-6.59,7.26,-4.94
-0.10,0.95,-0.14,-12.33,8.97,-5.74
-0.10,0.92,-0.12,-16.24,10.74,-5.25
-0.09,0.91,-0.13,-16.91,13.67,-5.25
-0.07,0.94,-0.15,-14.16,16.54,-5.86
-0.07,0.97,-0.19,-9.09,15.75,-7.63
-0.09,1.03,-0.22,-5.62,15.56,-9.89
-0.08,1.05,-0.19,-9.83,19.90,-11.78
-0.04,1.04,-0.17,-14.10,18.62,-13.24
-0.05,1.03,-0.17,-8.85,9.16,-15.26
-0.10,1.08,-0.25,2.56,0.43,-17.46
-0.12,1.07,-0.22,3.48,0.49,-19.65
-0.12,0.98,-0.13,-3.42,1.77,-20.26
-0.12,0.91,-0.08,-4.76,2.26,-20.81
-0.11,0.94,-0.13,-2.01,5.07,-22.64
-0.07,1.00,-0.20,-1.16,6.77,-25.76
-0.04,1.03,-0.24,-5.13,4.64,-28.69
-0.01,1.02,-0.20,-8.18,2.26,-30.40
0.01,1.05,-0.19,-7.08,-1.71,-30.58
0.03,1.04,-0.21,-10.31,-4.64,-31.13
0.04,1.03,-0.20,-9.77,-8.36,-32.41
0.06,1.04,-0.23,-8.12,-12.70,-35.22
0.06,1.00,-0.24,-9.46,-15.63,-37.41
0.07,0.99,-0.29,-7.93,-18.68,-39.86
0.08,1.00,-0.34,-5.43,-22.22,-42.97
0.07,1.00,-0.32,-5.74,-20.87,-46.63
0.08,1.00,-0.32,-6.77,-18.25,-49.87
0.10,1.00,-0.35,-6.71,-17.52,-51.57
0.10,0.99,-0.34,-6.53,-17.27,-53.04
0.10,0.97,-0.32,-8.48,-15.20,-53.59
0.07,0.99,-0.28,-7.69,-14.53,-52.37
0.01,1.02,-0.25,-6.96,-13.43,-48.28
-0.07,1.06,-0.27,-3.17,-12.45,-42.48
0.00,0.99,-0.26,-2.93,-10.86,-34.91
0.10,0.91,-0.26,-5.00,-5.55,-33.75
0.20,0.88,-0.24,-4.64,-1.28,-39.98
0.26,0.87,-0.23,-2.93,-2.32,-48.58
0.29,0.87,-0.24,-1.46,-2.69,-54.14
0.30,0.86,-0.25,0.00,-4.39,-57.74
0.26,0.83,-0.27,-3.66,-3.66,-58.47
0.20,0.87,-0.30,-8.12,-2.56,-56.03
0.21,0.90,-0.26,-13.06,-1.71,-52.55
0.28,0.95,-0.24,-14.22,1.89,-50.66
0.33,0.96,-0.28,-11.47,1.95,-52.00
0.35,0.92,-0.29,-7.93,0.18,-54.81
0.35,0.86,-0.31,-6.96,0.00,-56.15
0.36,0.84,-0.30,-6.77,-0.55,-56.40
0.38,0.85,-0.30,-9.16,-1.10,-56.64
0.40,0.87,-0.30,-11.23,-1.46,-57.92
0.40,0.88,-0.28,-12.51,-0.61,-59.57
0.41,0.89,-0.28,-9.52,-2.01,-61.10
0.40,0.88,-0.30,-6.29,-3.23,-62.19
0.41,0.85,-0.30,-6.10,-1.77,-62.38
0.44,0.82,-0.29,-5.98,-0.73,-62.68
0.46,0.81,-0.28,-7.08,0.18,-62.56
0.47,0.81,-0.29,-8.54,1.28,-62.62
0.50,0.81,-0.29,-10.56,1.95,-62.68
0.52,0.80,-0.27,-13.67,1.83,-62.99
0.54,0.80,-0.28,-14.89,1.04,-63.23
0.55,0.81,-0.28,-14.77,-0.06,-63.78
0.56,0.79,-0.27,-17.94,-0.61,-63.96
0.57,0.80,-0.27,-18.74,-2.69,-64.27
0.57,0.79,-0.26,-20.02,-4.64,-64.27
0.58,0.78,-0.27,-20.32,-5.62,-64.03
0.58,0.76,-0.28,-19.71,-7.26,-64.03
0.59,0.75,-0.28,-19.96,-8.06,-64.03
0.59,0.75,-0.30,-19.29,-8.85,-64.88
0.59,0.74,-0.30,-19.17,-10.38,-65.37
0.59,0.72,-0.28,-18.07,-11.17,-65.06
0.59,0.72,-0.28,-15.75,-12.70,-65.12
0.59,0.69,-0.29,-14.95,-14.10,-64.58
0.60,0.68,-0.31,-14.83,-14.53,-64.39
0.62,0.67,-0.34,-15.99,-14.28,-64.51
0.63,0.67,-0.34,-19.35,-14.53,-64.88
0.63,0.67,-0.35,-21.67,-16.42,-65.12
0.64,0.67,-0.33,-21.18,-17.27,-65.43
0.64,0.66,-0.33,-19.71,-17.15,-66.22
0.66,0.67,-0.36,-17.70,-18.86,-66.22
0.66,0.64,-0.33,-17.88,-20.39,-66.35
0.65,0.64,-0.34,-15.69,-21.42,-67.26
0.65,0.64,-0.34,-13.12,-22.64,-67.93
0.67,0.62,-0.34,-12.88,-23.13,-67.75
0.67,0.61,-0.33,-12.21,-23.32,-67.50
0.68,0.58,-0.35,-12.57,-22.03,-67.26
0.70,0.57,-0.34,-11.66,-21.61,-67.50
0.71,0.58,-0.34,-11.66,-22.46,-67.75
0.71,0.60,-0.35,-15.08,-24.35,-67.69
0.70,0.58,-0.29,-18.07,-27.04,-67.63
0.70,0.59,-0.30,-14.95,-27.16,-67.50
0.72,0.60,-0.32,-15.38,-27.47,-67.50
0.73,0.58,-0.32,-18.31,-30.58,-67.57
0.73,0.54,-0.28,-19.29,-33.75,-67.57
0.73,0.51,-0.27,-19.29,-34.00,-67.14
0.74,0.49,-0.29,-18.13,-32.59,-66.35
0.74,0.47,-0.28,-17.33,-31.01,-64.94
0.75,0.46,-0.33,-18.31,-29.91,-64.51
0.75,0.44,-0.32,-21.48,-30.82,-63.90
0.75,0.44,-0.30,-21.79,-33.45,-63.72
0.76,0.43,-0.27,-22.64,-35.34,-62.87
0.78,0.41,-0.29,-23.19,-35.16,-61.10
0.80,0.40,-0.30,-20.63,-34.00,-60.18
0.83,0.37,-0.31,-18.07,-32.53,-60.61
0.85,0.35,-0.27,-17.15,-32.29,-61.46
0.86,0.37,-0.30,-16.91,-32.90,-62.07
0.86,0.38,-0.32,-16.91,-33.75,-62.32
0.86,0.38,-0.25,-13.24,-34.79,-62.62
0.85,0.37,-0.24,-8.97,-33.14,-62.50
0.83,0.37,-0.22,-7.75,-32.65,-62.07
0.81,0.35,-0.21,-10.31,-30.52,-62.87
0.82,0.32,-0.21,-11.41,-29.48,-63.29
0.83,0.32,-0.19,-7.75,-30.21,-62.81
0.83,0.30,-0.18,-1.16,-28.99,-62.32
0.86,0.31,-0.18,2.56,-24.66,-61.95
0.86,0.33,-0.16,2.81,-23.07,-61.95
0.83,0.34,-0.13,2.75,-23.56,-61.52
0.82,0.31,-0.13,6.10,-23.38,-60.30
0.84,0.25,-0.11,11.35,-19.78,-56.82
0.85,0.24,-0.12,14.89,-15.50,-54.02
0.84,0.26,-0.14,15.50,-13.98,-52.80
0.82,0.27,-0.13,12.15,-12.70,-50.78
0.81,0.32,-0.14,9.95,-9.34,-47.55
0.81,0.39,-0.15,7.51,-7.81,-45.10
0.81,0.42,-0.16,4.94,-7.20,-42.48
0.81,0.44,-0.18,4.46,-4.94,-38.70
0.79,0.48,-0.20,4.82,-3.60,-33.45
0.79,0.52,-0.21,7.45,-0.98,-28.20
0.81,0.53,-0.19,5.80,2.14,-23.44
0.83,0.51,-0.18,4.03,2.08,-18.80
0.82,0.47,-0.19,7.51,-0.24,-14.34
0.83,0.41,-0.22,12.94,-0.12,-11.47
0.85,0.34,-0.25,15.69,1.04,-8.79
0.86,0.27,-0.25,16.97,0.79,-6.77
0.88,0.20,-0.24,15.87,1.16,-5.49
0.90,0.15,-0.24,13.92,1.77,-3.72
0.91,0.14,-0.20,13.98,2.99,-3.23
0.93,0.13,-0.18,11.23,5.13,-3.17
0.95,0.14,-0.18,8.91,4.21,-2.44
0.96,0.13,-0.15,5.62,2.75,-1.95
0.98,0.10,-0.13,1.46,2.32,-1.83
0.99,0.09,-0.13,-1.40,1.22,-0.79
0.99,0.09,-0.14,-4.82,-0.06,0.00
0.97,0.11,-0.15,-8.30,-2.01,-0.06
0.95,0.13,-0.14,-8.85,-3.23,-0.24
0.95,0.14,-0.15,-10.62,-1.22,0.18
0.96,0.13,-0.16,-12.08,-0.49,1.28
0.96,0.15,-0.19,-9.52,-1.40,1.77
0.96,0.17,-0.18,-6.77,-1.22,0.49
0.95,0.19,-0.18,-3.72,-1.46,-1.59
0.94,0.17,-0.17,-0.98,-2.08,-3.11
0.94,0.15,-0.17,-0.43,-1.04,-3.48
0.94,0.15,-0.19,0.00,0.43,-3.48
0.93,0.16,-0.21,0.06,0.24,-4.03
0.92,0.18,-0.21,0.92,0.24,-4.82
0.92,0.19,-0.19,4.15,1.40,-4.88
0.92,0.20,-0.20,6.47,2.38,-4.27
0.92,0.20,-0.19,7.51,2.69,-3.42
0.92,0.23,-0.19,9.52,4.15,-3.23
0.93,0.24,-0.19,10.68,4.58,-3.17
0.94,0.23,-0.18,9.83,3.05,-2.75
0.93,0.21,-0.18,9.34,1.83,-2.38
0.92,0.19,-0.17,9.09,2.62,-1.77
0.93,0.17,-0.18,8.73,2.69,-0.18
0.93,0.17,-0.19,8.36,2.38,1.59
0.94,0.18,-0.20,6.90,4.58,2.26
0.94,0.18,-0.21,5.86,4.82,2.38
0.92,0.18,-0.21,3.60,2.69,2.14
0.92,0.18,-0.20,2.01,1.59,1.65
0.91,0.19,-0.19,1.77,1.53,1.53
0.91,0.20,-0.20,1.04,1.04,2.26
0.91,0.20,-0.20,1.34,1.22,3.97
0.91,0.23,-0.19,3.66,2.69,4.94
0.92,0.21,-0.19,4.82,4.64,5.98
0.93,0.20,-0.20,6.71,5.43,7.20
0.94,0.19,-0.19,7.26,5.55,7.26
0.94,0.18,-0.19,8.36,4.88,6.47
0.93,0.18,-0.19,8.54,4.21,5.80
0.93,0.18,-0.19,7.87,4.46,4.88
0.94,0.17,-0.18,7.69,4.88,4.70
0.95,0.15,-0.18,6.84,4.94,4.88
0.95,0.16,-0.20,6.77,4.09,4.94
0.94,0.17,-0.19,6.59,3.36,4.03
0.94,0.18,-0.17,7.08,2.56,3.05
0.93,0.18,-0.16,7.63,1.34,2.50
0.94,0.17,-0.16,7.20,0.43,2.38
0.93,0.17,-0.19,6.77,0.79,2.62
0.93,0.19,-0.18,6.71,1.71,3.11
0.93,0.19,-0.18,5.00,3.11,4.27
0.93,0.18,-0.21,3.72,3.54,5.49
0.93,0.18,-0.21,3.48,2.93,5.86
0.93,0.17,-0.20,4.82,3.23,5.68
0.92,0.18,-0.20,5.68,3.78,5.49
0.93,0.17,-0.20,5.49,3.85,5.74
0.94,0.17,-0.20,5.62,3.54,6.23
0.93,0.17,-0.19,5.68,3.05,6.29
0.92,0.19,-0.17,5.98,3.17,6.53
0.93,0.19,-0.17,5.07,3.11,8.06
0.92,0.20,-0.18,4.82,2.87,9.40
0.91,0.19,-0.18,3.91,3.60,10.38
0.91,0.19,-0.18,2.44,4.70,12.08
0.91,0.19,-0.19,2.26,5.86,13.98
0.91,0.21,-0.21,2.44,7.39,15.81
0.90,0.22,-0.22,2.87,8.61,16.97
0.90,0.21,-0.21,5.31,10.44,17.52
0.91,0.20,-0.19,7.75,11.17,18.07
0.92,0.20,-0.20,11.47,11.17,18.43
0.92,0.20,-0.20,12.82,10.38,18.07
0.93,0.19,-0.17,11.54,9.40,17.70
0.92,0.17,-0.18,9.70,8.36,18.49
0.92,0.17,-0.20,8.97,8.12,20.08
0.92,0.18,-0.19,6.71,9.22,21.55
0.93,0.18,-0.19,5.25,10.80,23.25
0.91,0.20,-0.21,4.64,11.54,24.60
0.90,0.21,-0.23,4.58,12.15,25.39
0.91,0.20,-0.23,6.90,12.15,25.94
0.91,0.21,-0.20,10.68,11.60,26.06
0.92,0.21,-0.17,11.17,12.33,25.94
0.93,0.23,-0.18,9.70,11.60,26.43
0.92,0.25,-0.20,8.61,11.78,26.31
0.92,0.25,-0.19,8.54,12.02,26.31
0.91,0.26,-0.20,9.70,12.82,25.70
0.88,0.29,-0.19,11.17,15.38,25.76
0.88,0.30,-0.23,11.72,16.05,26.86
0.88,0.29,-0.22,13.98,12.76,28.32
0.86,0.28,-0.18,19.59,12.21,29.60
0.86,0.30,-0.18,21.36,17.64,31.56
0.87,0.29,-0.15,19.53,22.34,34.18
0.88,0.32,-0.22,18.98,26.55,37.17
0.88,0.31,-0.21,16.72,25.70,38.88
0.89,0.27,-0.22,15.81,25.63,39.67
0.90,0.29,-0.26,21.00,21.36,40.04
0.90,0.31,-0.21,19.23,17.27,39.61
0.88,0.33,-0.17,13.37,15.14,39.43
0.87,0.35,-0.17,8.30,17.58,40.22
0.86,0.35,-0.18,4.27,19.41,42.30
0.87,0.32,-0.19,0.00,19.04,45.84
0.85,0.33,-0.21,-2.32,15.63,48.03
0.84,0.31,-0.26,-8.06,18.07,47.73
0.84,0.31,-0.33,-9.70,19.96,48.71
0.84,0.31,-0.30,-1.95,17.40,50.54
0.83,0.35,-0.26,4.09,14.89,52.19
0.82,0.38,-0.21,-2.08,16.17,53.34
0.82,0.39,-0.25,-10.19,18.68,54.81
0.83,0.38,-0.26,-13.73,18.13,56.15
0.84,0.36,-0.25,-14.59,18.92,57.13
0.83,0.39,-0.26,-18.62,21.24,56.76
0.83,0.40,-0.31,-25.76,22.03,55.30
0.81,0.44,-0.33,-24.48,18.49,55.42
0.81,0.45,-0.30,-19.96,16.11,54.87
0.81,0.47,-0.37,-14.59,14.59,54.75
0.81,0.49,-0.35,-5.86,11.72,54.32
0.79,0.50,-0.24,4.46,8.61,52.92
0.79,0.47,-0.26,3.85,11.78,52.25
0.79,0.43,-0.33,-0.18,16.24,52.86
0.79,0.42,-0.40,0.67,17.76,52.61
0.76,0.48,-0.37,4.58,18.55,51.03
0.72,0.52,-0.35,2.87,22.46,47.67
0.74,0.53,-0.37,-0.67,25.70,46.33
0.77,0.52,-0.37,1.71,22.46,46.94
0.77,0.56,-0.38,8.54,19.47,46.39
0.76,0.54,-0.33,8.97,15.69,44.07
0.72,0.53,-0.29,9.58,13.49,43.33
0.71,0.55,-0.27,15.56,13.43,43.27
0.71,0.57,-0.25,19.17,13.31,44.92
0.69,0.60,-0.29,18.92,14.53,47.00
0.63,0.68,-0.29,19.59,15.14,46.81
0.61,0.67,-0.42,14.04,16.91,46.14
0.64,0.58,-0.30,9.34,15.01,48.10
0.64,0.51,-0.20,11.05,14.71,51.21
0.65,0.50,-0.27,13.67,18.92,54.69
0.63,0.57,-0.35,16.97,20.57,56.76
0.60,0.56,-0.36,13.37,18.43,57.01
0.59,0.59,-0.28,13.85,14.34,58.65
0.59,0.65,-0.30,12.33,11.11,59.81
0.60,0.70,-0.31,8.79,9.58,60.79
0.61,0.73,-0.30,9.16,6.29,60.79
0.62,0.72,-0.25,10.13,6.23,61.28
0.63,0.66,-0.24,8.97,7.63,62.50
0.62,0.61,-0.29,8.30,9.03,63.35
0.60,0.61,-0.34,13.61,9.70,63.54
0.60,0.62,-0.34,21.18,8.06,63.11
0.59,0.60,-0.33,19.41,8.30,63.78
0.59,0.59,-0.35,15.50,10.80,64.76
0.60,0.65,-0.41,13.06,12.63,65.43
0.60,0.69,-0.36,10.56,10.56,64.51
0.59,0.73,-0.32,9.28,8.42,63.48
0.60,0.74,-0.33,9.34,9.95,63.35
0.61,0.73,-0.33,13.06,9.77,62.01
0.61,0.70,-0.31,15.38,10.62,60.67
0.60,0.68,-0.29,14.71,12.57,60.06
0.59,0.69,-0.34,13.98,13.85,59.81
0.58,0.69,-0.34,15.38,13.43,58.96
0.60,0.66,-0.37,15.38,12.76,59.20
0.58,0.71,-0.40,18.25,12.33,58.65
0.60,0.67,-0.42,14.10,12.82,59.45
0.61,0.69,-0.43,11.23,11.78,58.53
0.62,0.72,-0.42,10.31,10.80,57.19
0.64,0.74,-0.40,7.26,11.66,56.34
0.64,0.76,-0.39,6.35,13.37,55.05
0.64,0.77,-0.37,9.95,14.16,52.25
0.64,0.77,-0.36,11.72,15.14,49.62
0.62,0.78,-0.34,15.99,16.60,47.30
0.62,0.79,-0.31,20.26,16.05,45.10
0.59,0.78,-0.25,21.73,15.38,42.85
0.57,0.77,-0.25,23.50,16.24,41.81
0.56,0.79,-0.26,26.25,14.83,40.65
0.55,0.77,-0.26,21.18,13.43,40.22
0.55,0.77,-0.24,15.63,11.90,41.69
0.56,0.79,-0.24,13.31,9.77,43.15
0.55,0.78,-0.27,8.06,8.85,43.58
0.54,0.80,-0.28,9.95,6.96,43.03
0.54,0.80,-0.29,11.05,5.00,42.48
0.52,0.81,-0.31,10.19,3.66,41.50
0.51,0.83,-0.31,9.28,2.99,40.22
0.49,0.84,-0.33,9.16,3.11,39.43
0.46,0.84,-0.34,10.19,3.85,38.27
0.45,0.84,-0.33,11.54,4.52,37.48
0.44,0.84,-0.29,11.54,4.64,36.80
0.42,0.83,-0.26,11.29,4.64,36.80
0.40,0.83,-0.28,13.24,3.85,36.19
0.39,0.85,-0.29,14.83,2.75,35.95
0.39,0.84,-0.26,12.57,3.23,36.68
0.39,0.85,-0.26,10.93,2.81,37.23
0.39,0.85,-0.27,8.54,2.32,37.96
0.38,0.85,-0.28,7.69,1.77,38.39
0.38,0.85,-0.27,8.00,1.53,38.51
0.36,0.84,-0.24,8.54,2.44,39.00
0.34,0.84,-0.26,9.16,4.33,39.37
0.31,0.85,-0.28,9.64,4.03,39.18
0.30,0.85,-0.23,10.25,5.43,39.31
0.28,0.85,-0.23,9.09,6.41,40.34
0.27,0.87,-0.24,11.23,6.53,41.44
0.26,0.88,-0.25,14.77,5.80,42.42
0.27,0.86,-0.25,14.28,4.52,43.46
0.27,0.85,-0.23,14.28,4.46,44.19
0.27,0.85,-0.23,15.20,4.64,44.86
0.26,0.87,-0.25,15.63,3.23,45.23
0.25,0.88,-0.24,13.18,3.30,45.84
0.24,0.89,-0.22,10.74,4.52,46.94
