0.96,0.02,-0.2,17.58,3.17,6.71
0.96,0.01,-0.19,17.7,1.16,6.41
0.95,0.01,-0.18,15.38,0.0,6.65
0.95,0.01,-0.18,11.9,-0.61,8.42
0.95,0.03,-0.18,6.71,-0.79,11.23
0.93,0.05,-0.2,1.04,-0.06,14.04
0.92,0.08,-0.23,-4.58,0.37,17.58
0.93,0.12,-0.28,-9.58,1.89,20.94
0.92,0.12,-0.3,-15.14,4.15,23.8
0.93,0.1,-0.3,-17.94,7.75,26.92
0.92,0.11,-0.31,-15.93,11.17,30.58
0.93,0.13,-0.33,-12.15,13.98,34.3
0.94,0.14,-0.36,-11.23,15.56,37.54
0.91,0.14,-0.27,-12.88,14.83,39.73
0.9,0.15,-0.21,-14.65,14.59,42.54
0.91,0.15,-0.17,-18.25,14.28,46.14
0.93,0.15,-0.15,-22.83,12.82,49.8
0.92,0.18,-0.14,-26.31,12.08,52.98
0.91,0.21,-0.19,-27.53,11.41,55.18
0.91,0.23,-0.19,-29.85,12.45,56.95
0.91,0.24,-0.18,-27.47,14.77,57.98
0.89,0.28,-0.17,-18.31,14.77,58.84
0.87,0.31,-0.14,-10.62,13.73,59.08
0.86,0.31,-0.1,-7.14,14.53,59.45
0.83,0.28,-0.06,-4.88,17.15,59.57
0.84,0.23,-0.1,0.37,19.59,60.18
0.87,0.17,-0.11,9.16,19.59,61.22
0.89,0.14,-0.13,19.17,19.96,61.77
0.89,0.15,-0.13,26.37,19.47,60.55
0.89,0.19,-0.11,23.8,19.23,58.23
0.87,0.21,-0.08,13.79,19.17,54.93
0.85,0.22,-0.06,5.49,21.06,51.76
0.85,0.25,-0.09,3.6,22.09,51.27
0.85,0.28,-0.05,0.37,21.48,52.12
0.82,0.26,-0.06,-1.34,25.33,51.88
0.8,0.3,-0.13,4.82,30.46,52.8
0.82,0.33,-0.19,11.41,31.62,53.65
0.83,0.34,-0.13,13.79,31.68,52.73
0.83,0.32,-0.13,15.38,35.71,51.15
0.84,0.3,-0.29,19.29,36.38,52.25
0.92,0.18,-0.25,13.67,35.03,55.6
1.0,0.13,-0.33,5.0,30.58,61.65
1.03,0.07,-0.26,-6.59,22.71,62.74
1.03,0.06,-0.27,-13.12,18.31,61.71
1.04,0.01,-0.26,-25.57,13.49,61.16
1.01,0.04,-0.29,-33.51,11.72,58.72
0.96,0.13,-0.35,-32.1,11.41,50.96
0.96,0.18,-0.31,-29.54,11.54,42.85
0.98,0.19,-0.33,-26.0,12.94,38.15
1.0,0.24,-0.38,-21.61,12.76,36.56
1.02,0.21,-0.33,-21.3,10.19,34.85
1.03,0.18,-0.33,-16.6,8.54,34.97
1.05,0.19,-0.28,-9.4,9.03,34.61
1.11,0.19,-0.26,-7.2,8.24,33.33
1.12,0.21,-0.22,-5.92,5.19,30.27
1.13,0.24,-0.23,-5.49,4.27,25.82
1.12,0.28,-0.25,-6.04,3.36,20.14
1.08,0.31,-0.25,-4.39,3.78,12.45
1.04,0.34,-0.27,1.04,3.36,3.91
0.99,0.36,-0.27,9.28,3.42,-3.6
0.94,0.38,-0.27,17.76,3.42,-9.22
0.89,0.39,-0.28,23.19,3.72,-13.73
0.85,0.38,-0.3,25.45,4.09,-16.42
0.83,0.36,-0.3,28.08,4.33,-17.15
0.81,0.35,-0.28,28.56,4.15,-16.3
0.8,0.35,-0.27,23.74,4.76,-14.4
0.79,0.34,-0.26,17.33,4.39,-11.9
0.8,0.34,-0.24,14.1,4.03,-8.85
0.8,0.35,-0.24,11.54,3.54,-5.55
0.8,0.36,-0.23,6.9,2.01,-2.81
0.81,0.36,-0.2,1.83,0.79,0.37
0.82,0.36,-0.21,-2.93,0.92,4.21
0.82,0.37,-0.26,-5.74,1.34,7.93
0.81,0.37,-0.26,-9.52,2.2,10.07
0.81,0.36,-0.28,-11.72,2.93,11.05
0.83,0.36,-0.37,-11.11,2.99,12.27
0.84,0.34,-0.32,-6.23,1.71,11.96
0.88,0.27,-0.28,-4.03,3.11,11.54
0.91,0.24,-0.32,-2.87,5.13,12.33
0.94,0.22,-0.34,-5.25,5.98,12.45
0.99,0.19,-0.36,-9.28,6.1,12.02
1.03,0.2,-0.38,-8.12,4.7,10.31
1.06,0.21,-0.36,-5.31,1.83,7.81
1.07,0.22,-0.33,-6.77,-0.18,3.91
1.1,0.21,-0.32,-8.73,-1.83,0.0
1.13,0.21,-0.31,-5.55,-4.03,-4.82
1.14,0.2,-0.29,-1.34,-5.8,-10.74
1.13,0.21,-0.28,2.99,-7.51,-16.78
1.1,0.21,-0.27,6.53,-9.52,-23.32
1.08,0.22,-0.26,10.86,-10.19,-30.27
1.07,0.18,-0.23,11.23,-9.83,-36.44
1.05,0.19,-0.26,15.01,-10.56,-41.32
1.0,0.19,-0.23,20.51,-12.82,-46.88
0.99,0.2,-0.21,26.79,-14.4,-51.51
0.99,0.19,-0.22,27.53,-14.71,-55.54
0.97,0.19,-0.23,26.98,-15.81,-59.33
0.93,0.2,-0.21,28.26,-18.07,-64.82
0.88,0.21,-0.19,29.11,-19.96,-69.21
0.86,0.19,-0.17,33.57,-20.63,-71.47
0.87,0.21,-0.16,36.8,-19.84,-72.57
0.86,0.22,-0.15,34.0,-18.86,-73.67
0.85,0.21,-0.15,33.14,-18.43,-74.34
0.83,0.21,-0.13,31.37,-17.52,-74.46
0.83,0.2,-0.11,27.47,-17.33,-73.36
0.83,0.22,-0.07,25.63,-19.71,-70.8
0.83,0.21,-0.06,20.51,-19.41,-68.6
0.84,0.2,-0.06,15.99,-19.65,-66.41
0.84,0.19,-0.06,15.32,-20.14,-65.8
0.84,0.16,-0.08,11.84,-18.98,-67.14
0.87,0.12,-0.08,7.93,-17.58,-69.09
0.89,0.06,-0.09,7.02,-17.09,-70.43
0.89,0.01,-0.11,8.24,-18.43,-72.88
0.88,0.02,-0.1,9.52,-19.84,-76.42
0.85,0.07,-0.11,10.01,-20.87,-79.28
0.85,0.15,-0.12,10.93,-21.55,-80.99
0.84,0.25,-0.14,10.8,-22.89,-81.48
0.84,0.33,-0.15,13.85,-25.7,-80.63
0.86,0.4,-0.16,17.09,-27.04,-78.98
0.88,0.46,-0.18,21.48,-25.27,-77.15
0.91,0.49,-0.21,27.89,-22.16,-71.66
0.93,0.54,-0.26,34.18,-20.14,-62.62
0.95,0.53,-0.32,35.71,-17.15,-51.27
0.96,0.52,-0.42,39.67,-13.67,-38.88
0.96,0.44,-0.5,42.42,-9.52,-28.63
0.97,0.32,-0.49,44.43,-6.23,-19.04
0.95,0.25,-0.45,50.29,-3.17,-11.17
0.95,0.13,-0.4,49.19,1.16,-5.55
0.94,0.01,-0.34,42.79,5.0,-0.06
0.94,-0.1,-0.32,31.13,5.62,4.76
0.95,-0.19,-0.29,19.9,6.1,7.69
0.95,-0.24,-0.24,9.09,6.53,8.73
0.96,-0.27,-0.19,-0.37,5.86,10.25
0.96,-0.25,-0.16,-7.87,5.98,10.56
0.96,-0.19,-0.15,-16.66,6.1,10.5
0.94,-0.12,-0.15,-24.05,5.13,10.44
0.93,-0.06,-0.12,-24.96,4.39,9.77
0.94,-0.04,-0.11,-21.18,4.09,9.22
0.95,-0.03,-0.11,-17.76,2.81,8.48
0.95,-0.03,-0.1,-14.22,1.83,7.14
0.95,-0.03,-0.1,-10.13,2.26,5.92
0.96,-0.05,-0.1,-6.23,2.56,5.55
0.97,-0.07,-0.12,-2.44,3.3,5.62
0.97,-0.09,-0.14,-0.37,3.72,5.55
0.95,-0.1,-0.16,0.85,1.89,4.58
0.94,-0.11,-0.16,3.54,1.16,3.23
0.95,-0.12,-0.14,6.23,0.92,2.26
0.96,-0.14,-0.12,6.04,-0.31,1.34
0.96,-0.14,-0.12,3.78,-1.77,1.1
0.96,-0.11,-0.12,0.49,-3.54,0.55
0.97,-0.08,-0.13,-2.56,-4.82,-0.24
0.97,-0.05,-0.15,-4.39,-6.16,-0.12
0.97,-0.02,-0.17,-5.13,-6.59,0.55
0.97,0.0,-0.18,-5.92,-5.43,2.32
0.96,0.01,-0.18,-6.41,-4.7,4.76
0.96,0.02,-0.16,-6.96,-4.39,6.9
0.96,0.03,-0.18,-6.04,-3.97,8.54
0.95,0.04,-0.2,-5.25,-4.03,9.46
0.95,0.04,-0.21,-6.77,-2.87,10.86
0.95,0.03,-0.2,-10.19,-2.26,12.7
0.95,0.01,-0.2,-11.17,-2.01,14.89
0.95,0.0,-0.21,-12.08,-1.65,16.91
0.95,0.01,-0.22,-17.4,-0.24,18.92
0.95,0.01,-0.22,-24.6,1.4,21.0
0.94,0.03,-0.23,-28.99,2.69,22.52
0.93,0.05,-0.24,-31.98,3.11,24.11
0.94,0.07,-0.24,-34.61,4.21,25.88
0.93,0.08,-0.25,-35.46,7.45,28.56
0.94,0.06,-0.24,-35.1,10.8,32.53
0.95,0.05,-0.25,-33.26,13.0,36.38
0.96,0.09,-0.27,-28.5,15.2,39.37
0.95,0.11,-0.27,-26.25,16.17,41.69
0.93,0.12,-0.23,-26.49,15.5,43.52
0.92,0.13,-0.2,-27.22,15.38,45.35
0.91,0.13,-0.19,-29.05,15.75,47.36
0.92,0.1,-0.21,-30.76,15.93,50.05
0.93,0.1,-0.2,-30.88,16.11,51.39
0.93,0.09,-0.17,-33.87,15.2,51.88
0.93,0.09,-0.17,-34.06,14.83,52.98
0.93,0.11,-0.19,-32.53,14.89,53.47
0.94,0.13,-0.17,-31.98,14.1,53.65
0.94,0.15,-0.13,-31.07,15.32,54.38
0.93,0.18,-0.11,-28.63,16.3,53.96
0.91,0.2,-0.1,-28.08,16.11,53.59
0.89,0.2,-0.11,-29.24,15.56,54.38
0.88,0.21,-0.15,-27.22,16.05,54.81
0.88,0.21,-0.16,-22.89,17.7,54.87
0.87,0.23,-0.16,-15.93,19.1,55.18
0.85,0.25,-0.16,-6.9,19.1,55.97
0.87,0.24,-0.12,5.31,20.63,57.43
0.88,0.26,-0.08,22.09,23.01,58.65
0.9,0.23,-0.13,32.1,23.19,58.84
0.92,0.17,-0.13,35.64,18.92,58.23
0.93,0.12,-0.15,38.76,18.55,56.21
0.98,0.07,-0.17,37.05,20.81,53.16
1.05,0.05,-0.17,33.02,20.63,49.01
1.08,0.01,-0.15,22.52,18.37,42.36
1.05,-0.03,-0.14,9.89,14.71,35.22
1.0,-0.03,-0.16,-3.3,13.0,30.09
0.98,-0.0,-0.16,-11.9,12.7,28.2
1.0,0.07,-0.21,-12.82,9.64,27.28
1.02,0.11,-0.2,-13.98,5.68,24.23
1.01,0.14,-0.18,-13.43,3.54,20.02
1.01,0.15,-0.19,-13.37,4.46,16.48
1.02,0.14,-0.19,-10.07,4.7,14.89
1.03,0.12,-0.21,-3.05,3.05,13.73
1.02,0.11,-0.19,1.95,2.5,12.27
1.02,0.11,-0.2,6.41,2.81,9.58
1.01,0.13,-0.22,8.42,1.28,6.23
0.99,0.15,-0.2,9.46,-0.37,2.14
0.97,0.18,-0.21,10.44,0.31,-2.26
0.96,0.2,-0.24,10.68,0.31,-5.74
0.94,0.21,-0.23,10.38,-0.67,-8.79
0.91,0.22,-0.2,10.56,-0.98,-11.23
0.91,0.21,-0.2,10.62,0.55,-12.21
0.92,0.21,-0.21,12.7,1.59,-11.66
0.94,0.2,-0.21,15.63,1.16,-11.23
0.94,0.21,-0.22,16.3,0.49,-10.93
0.93,0.22,-0.2,16.05,-0.31,-11.72
0.93,0.22,-0.19,16.54,-1.1,-11.9
0.93,0.21,-0.2,16.72,-0.79,-11.9
0.93,0.21,-0.21,16.42,-0.85,-11.78
0.93,0.19,-0.21,15.81,-0.92,-11.96
0.93,0.17,-0.19,14.47,-0.55,-11.72
0.93,0.16,-0.21,14.53,0.0,-11.17
0.94,0.16,-0.2,14.16,0.37,-10.68
0.94,0.17,-0.2,11.78,0.18,-10.86
0.93,0.18,-0.19,9.83,-0.06,-10.68
0.93,0.2,-0.2,7.26,-0.92,-10.13
0.93,0.2,-0.18,2.93,-2.14,-9.16
0.91,0.22,-0.19,1.89,-1.59,-9.28
0.91,0.22,-0.18,2.75,-1.46,-8.85
0.92,0.21,-0.2,2.75,-2.01,-7.26
0.92,0.2,-0.23,0.0,-3.17,-5.86
0.92,0.2,-0.23,-0.79,-3.78,-6.1
0.91,0.19,-0.22,-1.46,-3.42,-6.77
0.91,0.19,-0.22,-1.89,-3.3,-6.71
0.91,0.19,-0.23,-1.22,-2.08,-6.35
0.92,0.2,-0.23,0.79,-1.46,-6.23
0.92,0.18,-0.24,1.89,-1.46,-6.16
0.93,0.17,-0.22,4.03,-1.71,-5.8
0.94,0.17,-0.19,6.41,-1.95,-5.62
0.94,0.16,-0.19,5.49,-1.71,-6.16
0.93,0.16,-0.19,3.54,-2.69,-6.16
0.91,0.16,-0.18,3.3,-3.66,-6.41
0.91,0.15,-0.16,1.65,-3.17,-5.55
0.92,0.13,-0.16,-1.1,-1.34,-3.85
0.93,0.12,-0.2,-5.13,-0.24,-1.59
0.95,0.13,-0.22,-6.16,-1.16,0.24
0.96,0.13,-0.21,-6.53,-2.26,1.04
0.96,0.13,-0.19,-9.4,-2.75,1.34
0.95,0.13,-0.19,-12.7,-3.6,2.01
0.95,0.13,-0.19,-14.47,-4.27,1.89
0.94,0.15,-0.21,-13.92,-4.15,0.92
0.93,0.15,-0.21,-13.12,-4.46,-0.18
0.93,0.16,-0.2,-10.99,-5.13,-0.43
0.93,0.16,-0.21,-10.74,-4.52,0.0
0.92,0.19,-0.2,-8.97,-4.15,-0.37
0.91,0.2,-0.18,-8.12,-3.11,-0.92
0.91,0.21,-0.18,-7.57,-1.71,-0.61
0.91,0.21,-0.19,-5.31,-0.31,0.61
0.91,0.21,-0.19,-5.07,0.92,1.95
0.92,0.19,-0.21,-8.3,1.4,3.11
0.93,0.19,-0.23,-9.28,0.98,4.03
0.94,0.18,-0.23,-7.08,-1.16,3.6
0.94,0.17,-0.21,-5.19,-3.11,2.87
0.93,0.16,-0.21,-5.07,-4.33,2.44
0.92,0.17,-0.21,-6.04,-4.88,2.26
0.91,0.18,-0.2,-4.94,-3.78,1.65
0.91,0.19,-0.2,-3.91,-2.32,1.65
0.91,0.19,-0.2,-4.15,-1.77,2.14
0.91,0.18,-0.2,-4.46,-0.55,2.38
0.92,0.19,-0.2,-1.95,1.59,2.81
0.92,0.19,-0.19,2.69,2.75,3.36
0.93,0.16,-0.18,2.99,3.11,3.78
0.94,0.14,-0.18,0.24,3.42,4.39
0.95,0.14,-0.19,-0.67,3.05,4.88
0.95,0.14,-0.2,-0.06,1.77,5.31
0.96,0.13,-0.18,0.61,0.73,5.55
0.97,0.11,-0.16,2.08,0.92,5.37
0.97,0.1,-0.15,1.83,0.55,4.94
0.96,0.1,-0.17,-0.67,0.06,4.58
0.95,0.13,-0.19,-3.6,-0.73,4.33
0.95,0.12,-0.21,-7.39,0.55,3.85
0.96,0.1,-0.2,-7.69,1.4,3.54
0.96,0.09,-0.21,-6.59,0.37,2.99
0.96,0.09,-0.2,-4.09,-1.71,2.14
0.95,0.1,-0.18,-2.32,-2.01,1.04
0.95,0.1,-0.17,-2.38,-1.4,0.49
0.95,0.12,-0.17,-1.77,-1.34,0.49
0.95,0.13,-0.18,-2.26,-1.28,-0.18
0.94,0.15,-0.18,-2.56,-2.93,-0.98
0.94,0.15,-0.18,-2.93,-4.46,-1.65
0.94,0.15,-0.18,-3.72,-4.82,-1.65
0.95,0.14,-0.18,-2.5,-4.76,-1.04
0.95,0.15,-0.19,-1.34,-4.7,0.06
0.93,0.15,-0.19,-2.81,-3.85,0.31
0.93,0.15,-0.18,-3.6,-3.48,0.31
0.93,0.15,-0.18,-3.17,-3.91,0.43
0.94,0.14,-0.18,-3.48,-3.6,0.55
0.95,0.14,-0.18,-3.91,-2.99,0.55
0.95,0.14,-0.18,-5.31,-3.17,0.79
0.94,0.15,-0.19,-6.9,-3.48,0.85
0.92,0.16,-0.18,-7.51,-2.75,0.79
0.93,0.17,-0.21,-7.14,-0.61,1.34
0.94,0.19,-0.2,-5.68,-0.12,1.83
0.94,0.21,-0.21,-3.91,0.18,1.77
0.94,0.21,-0.19,-1.89,-1.16,1.83
0.92,0.2,-0.17,0.49,-1.65,2.01
0.92,0.19,-0.17,2.14,-0.24,1.83
0.93,0.17,-0.18,5.31,0.49,1.71
0.95,0.15,-0.17,7.69,0.49,1.95
0.96,0.15,-0.18,9.95,0.06,1.65
0.96,0.14,-0.19,11.17,-0.18,1.1
0.96,0.12,-0.18,12.02,0.67,0.85
0.96,0.11,-0.18,13.98,1.77,0.79
0.97,0.1,-0.17,15.56,2.69,1.16
0.97,0.1,-0.16,16.36,2.01,1.16
0.96,0.09,-0.15,15.14,1.46,1.16
0.96,0.1,-0.15,13.49,2.93,1.16
0.97,0.09,-0.16,12.02,3.97,1.89
0.98,0.07,-0.15,11.84,2.99,2.56
0.96,0.05,-0.14,11.47,0.73,2.38
0.95,0.04,-0.14,9.34,-0.24,1.95
0.93,0.05,-0.15,9.03,0.0,1.1
0.94,0.05,-0.15,8.42,1.71,0.37
0.95,0.04,-0.15,7.45,2.38,0.61
0.96,0.04,-0.14,7.75,2.56,0.92
0.97,0.05,-0.14,8.0,3.11,1.28
0.98,0.05,-0.14,7.51,3.97,1.34
0.98,0.07,-0.15,7.57,4.09,1.77
0.98,0.09,-0.14,6.47,2.26,1.95
0.97,0.1,-0.15,4.33,0.31,1.83
0.96,0.09,-0.15,2.81,-1.04,1.53
0.96,0.08,-0.16,1.95,-1.28,1.53
0.96,0.07,-0.17,2.08,-0.12,1.95
0.97,0.08,-0.19,3.48,1.28,2.01
0.97,0.08,-0.19,3.97,1.65,1.95
0.96,0.09,-0.18,5.13,1.71,1.46
0.96,0.09,-0.17,5.98,1.95,0.85
0.97,0.07,-0.15,6.53,2.32,0.73
0.97,0.06,-0.15,6.53,2.81,0.43
0.97,0.06,-0.17,6.16,3.23,0.49
0.96,0.07,-0.19,5.19,4.52,1.22
0.95,0.08,-0.19,3.91,5.37,1.71
0.94,0.08,-0.18,3.91,6.71,2.75
0.95,0.09,-0.18,4.64,8.42,3.85
0.95,0.1,-0.2,4.88,8.61,4.33
0.95,0.11,-0.21,3.36,6.53,4.21
0.93,0.09,-0.21,0.98,3.3,3.54
0.92,0.05,-0.22,1.28,1.28,3.17
0.92,0.02,-0.21,2.44,1.53,3.05
0.93,-0.02,-0.17,2.5,2.14,3.6
0.94,-0.03,-0.15,1.4,1.95,3.91
0.94,-0.03,-0.13,-1.22,0.61,4.27
0.93,-0.02,-0.12,-4.09,0.49,4.7
0.94,-0.02,-0.12,-5.68,1.16,4.88
0.95,-0.01,-0.12,-7.93,0.92,4.88
0.94,-0.0,-0.14,-12.39,-0.24,4.09
0.94,0.01,-0.15,-14.95,-1.16,2.75
0.93,0.02,-0.15,-15.63,-1.71,1.59
0.93,0.03,-0.14,-15.2,-1.71,0.61
0.92,0.06,-0.15,-12.94,-0.79,-0.49
0.91,0.06,-0.16,-10.74,0.43,-1.28
0.91,0.07,-0.17,-7.14,0.12,-1.77
0.91,0.07,-0.16,-5.37,-0.49,-2.32
0.92,0.05,-0.15,-4.88,1.46,-2.81
0.93,0.04,-0.17,-3.78,3.6,-2.99
0.97,0.03,-0.18,-3.97,4.52,-3.11
1.0,0.04,-0.2,-4.64,2.75,-3.05
1.02,0.07,-0.19,-6.23,0.12,-4.21
1.04,0.08,-0.17,-8.12,-1.95,-5.68
1.05,0.1,-0.16,-7.08,-2.62,-7.51
1.05,0.12,-0.15,-4.88,-2.81,-9.83
1.02,0.14,-0.15,-2.56,-3.6,-11.9
1.0,0.15,-0.16,-0.18,-4.64,-13.0
0.98,0.16,-0.18,3.42,-5.25,-13.73
0.95,0.17,-0.17,5.8,-5.25,-14.53
0.93,0.17,-0.16,5.74,-5.25,-14.4
0.92,0.17,-0.17,6.23,-5.19,-13.37
0.91,0.18,-0.17,6.9,-3.11,-12.57
0.91,0.18,-0.18,5.86,-1.4,-11.41
0.91,0.17,-0.19,4.76,-1.59,-10.19
0.91,0.17,-0.18,5.8,-1.46,-9.4
0.92,0.17,-0.17,7.32,-0.37,-9.52
0.94,0.16,-0.16,8.97,0.61,-9.58
0.93,0.15,-0.15,11.35,0.24,-9.64
0.94,0.12,-0.15,12.45,0.67,-9.46
0.95,0.11,-0.16,15.2,1.95,-8.42
0.96,0.1,-0.17,16.72,1.4,-7.26
0.96,0.09,-0.17,17.03,0.49,-5.86
0.95,0.09,-0.16,16.05,1.53,-4.94
0.95,0.08,-0.15,14.28,3.48,-4.33
0.95,0.06,-0.15,12.51,4.15,-4.03
0.96,0.05,-0.17,11.35,4.88,-3.78
0.96,0.03,-0.17,9.52,4.39,-3.85
0.96,0.01,-0.16,8.24,3.78,-4.21
0.97,0.0,-0.17,8.18,3.05,-4.58
0.98,-0.01,-0.16,7.93,0.73,-4.76
0.97,-0.0,-0.16,8.0,-1.34,-4.82
0.96,-0.0,-0.14,7.02,-2.99,-4.64
0.97,-0.0,-0.13,4.76,-2.5,-3.85
0.95,0.01,-0.14,3.85,-1.71,-3.36
0.94,0.04,-0.15,2.75,-1.04,-2.69
0.93,0.06,-0.16,1.34,0.49,-1.28
0.95,0.08,-0.16,1.22,3.3,0.06
0.97,0.09,-0.18,-0.61,4.76,0.98
0.96,0.09,-0.18,-2.26,2.81,2.44
0.96,0.1,-0.18,-2.32,-0.06,3.85
0.95,0.09,-0.19,-3.36,-1.53,4.76
0.95,0.07,-0.17,-4.64,-1.77,5.62
0.95,0.07,-0.17,-5.07,-0.92,6.1
0.94,0.07,-0.18,-5.13,-0.43,6.96
0.93,0.06,-0.17,-5.19,-0.06,7.69
0.93,0.07,-0.16,-4.39,1.28,8.24
0.94,0.07,-0.17,-3.91,3.78,8.97
0.97,0.07,-0.19,-3.91,6.9,9.89
0.98,0.08,-0.21,-4.27,7.26,10.25
0.96,0.06,-0.2,-5.43,4.21,10.56
0.95,0.04,-0.18,-7.14,2.01,11.41
0.94,0.04,-0.16,-7.45,2.81,11.6
0.94,0.04,-0.16,-7.02,3.23,11.84
0.94,0.03,-0.17,-7.2,2.5,12.39
0.95,0.01,-0.18,-7.32,2.38,12.57
0.96,-0.0,-0.17,-6.23,2.5,12.45
0.97,-0.01,-0.15,-5.62,2.5,11.54
0.97,-0.01,-0.15,-4.64,2.14,10.38
0.98,-0.03,-0.14,-4.52,1.34,9.4
0.98,-0.02,-0.14,-3.85,0.43,8.42
0.98,-0.01,-0.14,-3.48,0.37,6.71
0.97,-0.02,-0.14,-3.48,0.43,5.07
0.97,-0.02,-0.14,-2.14,0.18,3.6
0.96,-0.02,-0.13,-1.71,0.31,2.26
0.97,-0.02,-0.13,-1.46,0.92,1.53
0.97,-0.02,-0.16,-1.04,1.04,0.55
0.98,-0.02,-0.17,-1.65,0.73,-0.49
0.98,-0.02,-0.17,-3.05,-0.43,-0.85
0.96,-0.0,-0.17,-3.17,-1.4,-1.4
0.94,0.02,-0.16,-2.99,-1.4,-2.01
0.94,0.03,-0.15,-4.27,-1.1,-2.38
0.95,0.03,-0.15,-4.88,-1.1,-2.62
0.95,0.03,-0.15,-4.03,-0.92,-2.87
0.94,0.03,-0.15,-1.89,-0.12,-3.05
0.96,0.03,-0.15,-0.31,0.49,-3.11
0.97,0.03,-0.15,0.06,0.31,-2.81
0.96,0.03,-0.16,-0.12,-0.37,-2.93
0.96,0.03,-0.15,-0.12,0.18,-3.3
0.96,0.04,-0.14,-0.55,0.0,-3.48
0.96,0.05,-0.15,-0.61,-0.79,-2.99
0.95,0.05,-0.16,0.18,-1.77,-2.62
0.95,0.06,-0.16,1.53,-1.89,-2.62
0.95,0.06,-0.15,2.32,-1.71,-2.32
0.94,0.06,-0.15,1.95,-1.34,-2.08
0.95,0.06,-0.15,1.83,-0.37,-1.53
0.95,0.06,-0.16,2.5,-0.18,-0.85
0.96,0.06,-0.16,2.81,-0.67,-0.31
0.96,0.06,-0.15,2.75,-0.43,0.06
0.96,0.07,-0.17,3.3,1.04,0.49
0.96,0.07,-0.18,3.91,1.16,1.1
0.95,0.08,-0.18,4.82,0.61,1.22
0.95,0.07,-0.18,5.49,0.73,1.59
0.95,0.07,-0.18,6.53,2.26,2.14
0.95,0.05,-0.18,7.32,2.93,2.87
0.96,0.04,-0.18,7.69,2.14,3.66
0.97,0.03,-0.17,5.86,1.46,4.33
0.96,0.02,-0.15,3.78,1.4,5.13
0.95,0.02,-0.15,1.04,0.85,6.29
0.94,0.02,-0.17,-1.65,0.79,7.63
0.94,0.03,-0.17,-3.3,1.59,8.18
0.94,0.03,-0.17,-4.46,2.14,9.03
0.94,0.03,-0.15,-3.78,2.32,9.03
0.96,0.03,-0.16,-2.26,3.78,8.73
0.97,0.02,-0.15,-1.16,2.99,8.48
0.97,0.02,-0.14,0.37,1.04,7.63
0.96,0.02,-0.14,1.4,0.67,6.77
0.96,0.02,-0.14,1.46,1.16,5.98
0.95,0.03,-0.15,2.69,1.28,5.07
0.94,0.03,-0.15,3.91,1.83,4.33
0.95,0.03,-0.15,5.55,2.62,3.91
0.95,0.03,-0.15,7.26,3.42,3.66
0.96,0.03,-0.15,8.24,4.03,3.48
0.97,0.02,-0.16,7.39,3.48,3.17
0.96,0.01,-0.16,6.59,2.38,2.99
0.96,0.01,-0.17,5.74,1.77,3.36
0.95,0.01,-0.17,4.76,1.89,3.6
0.95,0.01,-0.18,4.03,2.38,3.97
0.94,0.02,-0.17,3.66,3.23,4.39
0.94,0.02,-0.17,3.66,4.33,4.76
0.96,0.02,-0.17,3.6,4.39,5.25
0.97,0.02,-0.17,3.36,2.81,5.49
0.96,0.03,-0.18,3.66,0.31,5.62
0.95,0.03,-0.19,4.27,0.12,5.31
0.96,0.03,-0.18,5.13,1.59,4.94
0.96,0.04,-0.16,5.8,1.71,4.64
0.95,0.05,-0.15,5.31,1.77,4.7
0.95,0.05,-0.15,4.7,2.81,5.19
0.95,0.04,-0.16,3.72,3.66,5.62
0.95,0.04,-0.16,3.54,3.66,5.86
0.96,0.03,-0.17,2.93,2.93,6.04
0.96,0.02,-0.18,3.36,2.62,6.1
0.96,0.02,-0.18,4.76,1.83,5.62
0.96,0.01,-0.16,4.88,1.46,5.37
0.96,0.03,-0.16,6.1,1.53,4.88
0.96,0.02,-0.16,5.37,1.34,4.64
0.97,0.01,-0.15,5.55,1.46,4.46
0.96,0.01,-0.14,5.86,1.34,3.97
0.95,0.02,-0.16,5.13,1.59,4.03
0.96,0.01,-0.15,4.15,1.77,3.78
0.96,-0.01,-0.16,4.09,1.83,3.91
0.96,-0.01,-0.18,4.94,1.34,3.91
0.96,-0.0,-0.17,5.62,2.75,3.54
0.96,0.0,-0.16,5.55,3.54,3.66
0.96,0.01,-0.15,5.25,2.44,4.21
0.96,0.01,-0.16,4.33,1.83,4.76
0.95,0.02,-0.15,4.46,2.14,4.52
0.96,0.02,-0.16,4.58,2.38,4.33
0.96,0.02,-0.15,3.85,1.95,4.15
0.95,0.03,-0.16,3.97,0.85,4.03
0.96,0.02,-0.16,2.62,0.31,4.15
0.97,0.02,-0.15,1.77,1.59,4.52
0.97,0.02,-0.16,2.44,2.81,4.64
0.96,0.03,-0.16,1.71,1.59,4.94
0.94,0.03,-0.16,1.04,0.43,5.13
0.95,0.02,-0.17,1.34,1.89,5.13
0.96,0.02,-0.16,1.71,3.3,5.07
0.96,0.01,-0.15,2.14,2.69,4.58
0.96,0.01,-0.15,2.2,2.44,4.82
0.96,0.01,-0.16,2.56,2.2,4.76
0.95,0.01,-0.16,2.69,1.59,4.52
0.96,0.01,-0.16,2.69,1.16,4.76
0.96,0.02,-0.17,2.99,1.77,4.46
0.96,0.01,-0.16,3.36,1.89,4.03
0.96,0.02,-0.14,4.33,1.83,3.97
0.96,0.04,-0.15,5.49,2.56,3.66
0.96,0.03,-0.16,3.97,2.87,3.48
0.97,0.02,-0.16,1.89,1.65,3.54
0.97,0.01,-0.15,1.95,0.06,3.48
0.96,0.01,-0.15,2.01,-0.18,3.54
0.95,0.01,-0.15,2.44,0.24,3.54
0.95,0.02,-0.16,2.99,0.31,3.48
0.95,0.03,-0.16,3.48,-0.06,3.23
0.96,0.02,-0.16,3.6,-0.12,2.62
0.96,0.02,-0.15,4.52,-0.43,2.5
0.96,0.02,-0.15,5.92,-0.61,2.38
0.96,0.01,-0.15,6.41,0.43,2.26
0.96,0.01,-0.15,7.02,2.08,1.89
0.96,0.01,-0.15,7.2,2.32,1.83
0.96,0.02,-0.15,6.16,1.65,2.14
0.95,0.02,-0.15,4.64,1.46,2.14
0.95,0.02,-0.14,4.64,1.71,2.32
0.95,0.02,-0.15,5.55,2.01,2.81
0.95,0.03,-0.15,6.71,3.05,2.99
0.97,0.03,-0.17,6.71,4.27,3.11
0.98,0.02,-0.15,5.49,3.42,3.11
0.97,0.02,-0.15,3.97,2.62,2.69
0.96,0.01,-0.14,2.38,2.56,2.44
0.96,0.01,-0.15,1.46,2.87,2.87
0.96,0.0,-0.17,0.98,2.08,3.6
0.95,0.01,-0.17,1.4,1.28,3.85
0.95,0.01,-0.15,2.08,1.34,3.66
0.96,0.01,-0.15,1.46,3.3,3.66
0.96,0.02,-0.16,2.44,4.15,3.91
0.96,0.03,-0.16,2.99,3.72,4.09
0.96,0.03,-0.16,1.89,3.97,4.21
0.96,0.02,-0.15,0.67,3.36,4.52
0.96,0.02,-0.15,0.18,2.69,4.64
0.95,0.03,-0.15,0.06,2.56,5.0
0.95,0.04,-0.16,0.0,2.56,5.49
0.95,0.04,-0.16,0.06,2.81,5.68
0.95,0.04,-0.15,0.73,2.87,5.92
0.98,0.04,-0.17,2.14,3.48,6.16
0.97,0.04,-0.17,1.53,3.23,5.43
0.96,0.04,-0.16,1.04,1.89,4.52
0.95,0.04,-0.16,1.34,0.92,4.58
0.95,0.03,-0.16,1.53,0.24,5.13
0.96,0.02,-0.15,2.01,0.0,5.62
0.96,0.04,-0.16,3.11,0.24,5.37
0.96,0.04,-0.16,1.77,0.55,4.94
0.97,0.03,-0.15,0.24,0.92,5.07
0.97,0.02,-0.15,0.49,0.92,4.88
0.96,0.02,-0.16,0.98,-0.31,4.88
0.95,0.02,-0.17,1.1,-0.98,4.82
0.95,0.02,-0.17,1.28,-0.24,4.58
0.95,0.03,-0.16,1.95,0.79,4.15
0.95,0.04,-0.16,2.56,1.59,4.21
0.96,0.04,-0.16,3.3,1.71,4.58
0.96,0.04,-0.17,4.03,1.65,4.76
0.96,0.03,-0.16,4.46,1.22,4.27
0.96,0.03,-0.16,4.94,0.67,3.97
0.96,0.03,-0.16,5.13,0.67,3.54
0.96,0.03,-0.16,5.37,0.98,3.42
0.96,0.02,-0.15,4.58,0.79,3.72
0.96,0.02,-0.15,3.66,0.18,4.09
0.96,0.02,-0.15,2.62,-0.43,4.15
0.96,0.02,-0.16,1.1,-1.04,4.39
0.96,0.02,-0.15,-0.49,-1.28,4.21
0.96,0.03,-0.15,-1.28,-0.31,4.33
0.96,0.03,-0.16,-3.17,0.98,4.27
0.97,0.02,-0.17,-5.49,0.79,4.33
0.97,0.0,-0.17,-6.35,-0.49,4.15
0.95,0.01,-0.16,-6.35,-1.28,4.21
0.94,0.02,-0.16,-5.92,-0.85,4.7
0.94,0.03,-0.16,-5.62,0.0,5.13
0.94,0.03,-0.16,-5.37,0.37,5.37
0.95,0.03,-0.16,-4.64,0.79,5.43
0.95,0.03,-0.16,-3.91,1.53,5.43
0.96,0.03,-0.16,-3.42,1.53,5.19
0.96,0.02,-0.16,-3.05,1.4,5.19
0.96,0.02,-0.16,-2.5,1.53,5.31
0.95,0.02,-0.16,-1.65,1.59,5.25
0.96,0.03,-0.16,-0.61,1.4,5.37
0.97,0.04,-0.16,-0.37,0.79,5.13
0.96,0.04,-0.16,-0.85,0.12,4.58
0.96,0.05,-0.16,-0.98,-0.37,4.09
0.95,0.05,-0.16,-0.79,-0.24,4.15
0.95,0.05,-0.16,-1.16,-0.06,4.27
0.96,0.05,-0.16,-1.53,0.12,4.33
0.96,0.05,-0.16,-1.1,0.31,4.82
0.96,0.05,-0.16,-1.04,0.06,5.13
0.95,0.05,-0.17,-0.61,-0.37,5.19
0.95,0.05,-0.17,-0.24,-0.12,4.94
0.95,0.05,-0.17,0.79,0.55,4.88
0.95,0.05,-0.16,2.2,0.98,4.88
0.95,0.05,-0.16,3.6,1.28,4.82
0.96,0.04,-0.17,5.0,1.16,4.82
0.96,0.04,-0.16,6.16,1.22,4.94
0.96,0.04,-0.16,6.77,1.28,4.88
0.96,0.04,-0.16,7.14,1.46,5.19
0.96,0.04,-0.16,6.53,1.71,5.37
0.96,0.04,-0.16,5.19,1.77,5.68
0.96,0.03,-0.16,4.82,1.89,5.92
0.96,0.02,-0.16,4.03,1.95,6.16
0.95,0.02,-0.16,3.85,1.46,6.35
0.95,0.01,-0.15,4.09,0.98,6.35
0.96,0.01,-0.15,4.39,1.22,6.53
0.96,0.01,-0.15,4.7,2.14,6.53
0.96,0.02,-0.14,4.09,2.69,6.35
0.96,0.02,-0.15,3.3,3.05,6.65
0.96,0.02,-0.16,2.32,2.75,6.29
0.96,0.01,-0.16,1.77,2.62,5.92
0.96,0.01,-0.16,2.26,2.75,5.74
0.96,0.01,-0.15,2.69,2.93,5.74
0.96,0.01,-0.15,3.11,3.11,5.8
0.96,0.02,-0.15,3.11,3.23,5.74
0.96,0.02,-0.15,2.81,3.11,5.92
0.96,0.02,-0.16,2.26,3.48,6.1
0.96,0.02,-0.16,1.28,3.54,6.41
0.96,0.02,-0.16,0.61,3.36,6.77
0.96,0.02,-0.16,0.24,3.66,6.35
0.96,0.02,-0.16,-0.37,3.85,6.23
0.96,0.02,-0.16,-1.1,3.42,6.65
0.96,0.02,-0.16,-2.62,2.69,7.02
0.96,0.02,-0.16,-3.78,2.14,7.26
0.95,0.02,-0.16,-3.85,2.32,7.26
0.95,0.03,-0.16,-3.23,2.14,7.39
0.95,0.03,-0.17,-2.2,1.65,7.32
0.95,0.04,-0.16,-1.34,1.71,7.08
0.96,0.04,-0.16,-0.55,1.83,6.77
0.96,0.05,-0.15,0.73,1.83,6.41
0.96,0.05,-0.16,2.08,1.95,5.98
0.96,0.06,-0.16,2.69,1.65,5.8
0.96,0.07,-0.16,2.87,1.04,5.55
0.95,0.07,-0.16,3.66,1.1,5.62
0.95,0.07,-0.16,4.64,1.77,5.43
0.95,0.07,-0.16,4.94,1.95,5.31
0.95,0.07,-0.17,5.43,1.89,5.13
0.95,0.06,-0.16,6.16,1.95,5.07
0.96,0.06,-0.16,7.45,1.77,4.94
0.96,0.06,-0.16,8.67,1.65,4.58
0.96,0.05,-0.16,9.16,1.04,4.33
0.96,0.05,-0.15,9.7,0.73,4.33
0.97,0.05,-0.15,10.25,1.16,4.09
0.96,0.05,-0.15,9.4,0.85,3.66
0.95,0.05,-0.15,8.36,-0.24,3.66
0.95,0.05,-0.15,7.57,-0.61,4.09
0.96,0.04,-0.15,7.69,-0.06,4.21
0.96,0.04,-0.14,8.18,0.92,4.15
0.96,0.04,-0.15,8.61,1.77,3.91
0.96,0.04,-0.14,8.36,2.56,3.78
0.95,0.04,-0.14,7.87,2.56,3.85
0.96,0.03,-0.15,7.26,1.83,4.21
0.96,0.03,-0.15,6.9,1.34,4.33
0.96,0.02,-0.15,6.77,1.71,4.15
0.96,0.02,-0.15,6.71,3.05,4.39
0.96,0.02,-0.15,6.59,3.17,4.09
0.96,0.02,-0.15,6.04,2.62,4.27
0.96,0.02,-0.15,5.37,2.26,4.64
0.96,0.02,-0.15,4.52,2.44,4.88
0.96,0.01,-0.15,3.72,2.81,5.07
0.96,0.01,-0.15,3.36,2.69,5.0
0.96,0.01,-0.16,2.81,2.87,5.13
0.96,0.0,-0.16,1.89,2.2,5.37
0.96,0.0,-0.15,1.28,1.34,5.68
0.96,0.0,-0.15,1.4,1.4,5.62
0.96,0.01,-0.14,1.34,2.14,5.62
0.96,0.01,-0.14,0.98,2.38,5.68
0.96,0.01,-0.14,0.12,2.01,5.68
0.96,0.01,-0.14,-0.49,1.46,5.49
0.96,0.01,-0.14,-0.85,1.1,4.94
0.97,0.01,-0.14,-0.73,1.04,4.7
0.96,0.02,-0.15,-0.61,1.1,4.33
0.96,0.02,-0.15,-0.73,1.1,4.15
0.96,0.03,-0.15,-0.79,1.22,4.03
0.96,0.03,-0.15,-1.04,0.43,4.15
0.96,0.04,-0.16,-1.22,0.0,4.15
0.95,0.05,-0.16,-0.92,0.12,3.91
0.95,0.05,-0.16,-0.31,0.55,3.97
0.95,0.05,-0.15,0.55,0.92,3.91
0.95,0.06,-0.16,1.1,0.79,4.03
0.96,0.07,-0.16,0.73,0.49,4.27
0.96,0.07,-0.17,-0.31,0.37,4.46
0.96,0.07,-0.17,-0.85,0.49,4.7
0.95,0.07,-0.17,-0.85,0.73,4.76
0.95,0.07,-0.17,0.0,1.28,4.94
0.95,0.07,-0.17,0.49,2.5,5.31
0.95,0.07,-0.17,1.16,3.48,5.37
0.95,0.07,-0.17,1.4,2.69,5.68
0.95,0.06,-0.17,1.65,0.79,5.98
0.95,0.06,-0.17,2.75,0.37,6.16
0.96,0.06,-0.17,4.15,1.04,5.98
0.95,0.07,-0.17,4.76,1.59,5.68
0.95,0.07,-0.16,4.7,1.34,5.74
0.95,0.06,-0.17,4.39,1.83,5.55
0.94,0.07,-0.16,4.21,2.93,5.31
0.95,0.06,-0.16,4.15,4.27,5.25
0.95,0.05,-0.14,3.72,5.49,5.43
0.97,0.04,-0.16,2.99,6.77,5.49
0.98,0.04,-0.18,2.5,6.47,5.31
0.97,0.03,-0.16,2.14,2.2,5.37
0.95,0.02,-0.14,2.08,-0.12,5.8
0.95,0.04,-0.13,4.58,2.01,5.92
0.95,0.05,-0.13,6.47,4.21,5.92
0.96,0.03,-0.17,4.46,3.91,6.65
0.98,0.02,-0.16,3.97,4.46,6.59
0.98,0.03,-0.14,3.91,4.76,5.37
0.98,0.02,-0.13,1.59,2.26,5.92
0.97,0.02,-0.14,0.61,-1.34,7.2
0.96,0.02,-0.14,1.4,-2.2,7.63
0.96,0.03,-0.13,3.42,0.49,7.39
0.95,0.04,-0.13,2.87,2.62,7.26
0.95,0.05,-0.13,2.08,3.23,7.69
0.94,0.06,-0.16,0.92,5.19,7.45
0.96,0.06,-0.17,-0.85,9.03,7.39
0.97,0.03,-0.14,-2.87,7.81,7.57
0.97,0.03,-0.14,-3.36,3.42,9.09
0.97,0.04,-0.14,-2.44,2.14,10.13
0.96,0.06,-0.14,-3.72,4.21,10.13
0.95,0.07,-0.14,-6.23,3.85,10.19
0.94,0.07,-0.15,-7.75,2.44,10.25
0.94,0.07,-0.16,-6.84,3.17,10.07
0.95,0.07,-0.15,-6.1,4.88,9.64
0.95,0.05,-0.18,-4.76,5.31,9.64
0.97,0.05,-0.2,-1.71,5.62,10.07
0.97,0.05,-0.17,-0.61,4.94,9.89
0.97,0.06,-0.17,1.04,2.2,10.44
0.94,0.1,-0.16,1.65,0.79,11.17
0.93,0.11,-0.16,0.24,2.87,10.99
0.93,0.12,-0.15,-0.92,4.39,11.17
0.94,0.1,-0.18,-2.2,3.97,11.84
0.95,0.08,-0.19,-1.77,3.97,12.7
0.95,0.08,-0.18,0.49,5.49,12.63
0.95,0.1,-0.18,1.46,6.23,13.31
0.94,0.1,-0.19,0.06,5.86,13.98
0.93,0.1,-0.18,-1.04,5.19,14.71
0.93,0.11,-0.18,-1.95,5.37,15.75
0.93,0.11,-0.19,-4.09,5.92,17.09
0.94,0.11,-0.19,-5.86,5.8,18.49
0.94,0.11,-0.2,-5.86,5.19,20.08
0.94,0.13,-0.21,-4.27,4.33,21.42
0.94,0.14,-0.22,-2.62,3.91,22.4
0.93,0.15,-0.22,-1.95,4.39,23.01
0.93,0.15,-0.19,-1.16,6.53,22.77
0.93,0.14,-0.19,-0.61,9.34,22.64
0.94,0.12,-0.19,-0.49,8.85,23.19
0.93,0.11,-0.17,0.37,6.84,23.32
0.93,0.1,-0.18,0.73,5.86,22.52
0.94,0.08,-0.17,2.14,5.92,21.91
0.95,0.08,-0.17,5.55,5.74,21.12
0.95,0.09,-0.16,8.85,5.62,20.39
0.95,0.1,-0.17,10.13,7.32,19.47
0.95,0.12,-0.18,10.5,8.73,18.37
0.94,0.14,-0.17,11.29,7.75,17.64
0.95,0.13,-0.16,10.38,7.39,16.72
0.96,0.11,-0.16,9.7,8.12,15.44
0.96,0.09,-0.18,11.6,8.42,14.04
0.96,0.07,-0.16,13.31,7.08,13.18
0.98,0.06,-0.16,13.79,7.63,12.76
0.97,0.07,-0.17,14.77,8.12,11.72
0.97,0.08,-0.17,15.5,7.81,10.07
0.97,0.08,-0.17,14.89,7.63,8.42
0.97,0.08,-0.17,14.83,7.81,7.14
0.96,0.09,-0.19,14.59,7.63,5.74
0.97,0.1,-0.18,12.63,7.08,4.39
0.97,0.1,-0.18,10.01,5.8,3.48
0.96,0.11,-0.17,6.65,3.66,3.85
0.95,0.12,-0.18,4.09,2.93,4.39
0.95,0.14,-0.18,3.85,2.99,4.39
0.95,0.14,-0.18,4.09,3.42,4.27
0.94,0.15,-0.18,5.0,3.97,4.15
0.94,0.16,-0.18,5.37,3.78,4.33
0.94,0.16,-0.17,4.15,2.93,4.46
0.94,0.15,-0.19,2.99,2.69,4.33
0.93,0.15,-0.2,2.32,2.5,4.33
0.93,0.15,-0.21,3.05,2.56,4.03
0.92,0.16,-0.2,3.66,2.81,3.78
0.92,0.17,-0.21,4.27,3.91,3.54
0.92,0.18,-0.21,6.16,3.91,3.78
0.92,0.18,-0.21,7.93,4.03,3.78
0.92,0.19,-0.2,9.77,4.27,4.15
0.93,0.19,-0.19,10.86,4.09,4.64
0.93,0.18,-0.19,10.38,3.66,5.25
0.93,0.18,-0.2,10.07,2.69,5.86
0.92,0.18,-0.19,10.13,1.95,5.98
0.93,0.18,-0.18,9.89,2.08,6.23
0.93,0.17,-0.21,8.97,2.81,7.26
0.92,0.17,-0.2,9.83,3.78,7.93
0.93,0.16,-0.2,10.13,4.27,8.79
0.93,0.14,-0.2,9.52,4.27,9.03
0.94,0.14,-0.21,9.52,3.78,9.03
0.94,0.13,-0.2,9.7,3.85,8.3
0.94,0.12,-0.2,10.25,3.72,7.75
0.95,0.12,-0.2,10.44,3.11,7.63
0.96,0.11,-0.18,8.61,2.38,6.77
0.96,0.11,-0.18,5.8,1.34,6.47
0.96,0.11,-0.17,3.85,1.4,6.23
0.96,0.11,-0.16,3.3,2.14,5.37
0.96,0.1,-0.14,3.3,2.2,5.31
0.97,0.1,-0.16,4.09,3.11,5.0
0.97,0.1,-0.18,4.09,3.17,4.58
0.97,0.11,-0.19,3.23,1.83,3.85
0.96,0.12,-0.19,2.56,1.22,2.99
0.95,0.13,-0.18,3.23,1.65,2.2
0.96,0.13,-0.19,3.85,1.46,2.5
0.95,0.14,-0.2,3.3,0.79,3.3
0.94,0.14,-0.2,3.42,1.53,3.05
0.93,0.15,-0.21,4.76,1.65,2.81
0.93,0.15,-0.22,6.16,1.1,2.44
0.91,0.16,-0.2,7.02,0.98,2.01
0.92,0.17,-0.19,8.73,2.32,2.56
0.92,0.17,-0.19,10.13,3.36,3.66
0.93,0.16,-0.19,10.01,4.39,5.07
0.94,0.17,-0.18,10.74,5.49,6.65
0.93,0.18,-0.2,12.15,6.47,7.26
0.93,0.17,-0.22,12.15,7.63,7.75
0.92,0.19,-0.23,13.49,8.42,8.36
0.92,0.21,-0.22,15.26,9.64,8.54
0.91,0.24,-0.22,17.88,11.78,8.61
0.89,0.27,-0.23,22.28,14.34,8.73
0.89,0.31,-0.23,27.22,17.09,9.03
0.89,0.36,-0.23,32.41,18.92,9.4
0.89,0.4,-0.21,35.4,20.57,10.13
0.88,0.4,-0.17,38.57,20.94,11.05
0.88,0.34,-0.15,43.21,20.2,12.57
0.89,0.26,-0.15,47.18,19.47,14.1
0.92,0.16,-0.19,46.26,19.04,15.44
0.93,0.11,-0.23,42.79,18.01,16.54
0.92,0.08,-0.26,37.17,16.72,16.66
0.92,0.09,-0.26,30.88,15.44,16.48
0.91,0.11,-0.26,25.57,15.01,16.42
0.9,0.14,-0.26,20.57,14.47,16.05
0.88,0.19,-0.26,15.87,13.24,14.95
0.88,0.26,-0.25,12.08,11.05,13.37
0.87,0.31,-0.21,9.64,4.15,12.39
0.83,0.29,-0.18,6.53,-3.42,11.72
0.78,0.3,-0.14,4.09,-7.93,11.35
0.72,0.32,-0.1,1.04,-9.52,12.82
0.72,0.33,-0.11,-1.53,-5.37,17.21
0.74,0.31,-0.1,0.12,-3.48,25.02
0.75,0.31,-0.1,1.46,-3.85,34.55
0.74,0.35,-0.18,3.17,-2.99,43.03
0.74,0.39,-0.15,3.6,0.67,48.89
0.75,0.4,-0.21,-3.66,2.14,56.15
0.74,0.5,-0.32,-16.48,2.87,61.22
0.69,0.65,-0.37,-30.15,2.14,61.1
0.6,0.8,-0.28,-29.97,-2.44,57.98
0.5,0.82,-0.17,-27.04,-1.53,58.59
0.41,0.79,-0.17,-22.71,5.37,65.8
0.34,0.78,-0.09,-7.63,13.98,75.81
0.36,0.72,-0.01,13.18,22.77,88.13
0.41,0.53,0.09,15.32,31.07,101.44
0.45,0.32,-0.13,13.43,45.04,113.53
0.51,0.17,-0.28,26.06,60.24,118.53
0.57,0.11,-0.15,23.99,69.7,122.19
0.63,-0.04,-0.2,-1.53,72.88,127.26
0.63,0.12,-0.33,9.16,62.07,127.87
0.59,0.31,-0.24,11.96,45.53,124.57
0.58,0.31,-0.13,-1.46,33.02,122.74
0.62,0.37,0.02,1.65,35.34,122.99
0.64,0.38,-0.08,-0.06,38.33,128.42
0.69,0.46,-0.43,1.34,36.32,133.24
0.7,0.49,-0.4,16.3,24.29,129.94
0.78,0.33,-0.24,13.37,22.16,125.37
0.88,0.2,-0.18,-4.82,30.82,127.56
0.92,0.22,-0.31,-18.01,33.08,134.28
0.94,0.33,-0.46,-33.33,27.1,137.02
1.02,0.47,-0.46,-43.7,24.48,131.29
1.09,0.66,-0.44,-51.76,23.32,119.26
1.1,0.76,-0.49,-55.05,23.38,112.0
1.12,0.87,-0.58,-40.65,23.8,99.43
1.15,0.82,-0.5,-19.84,21.18,84.53
1.13,0.8,-0.43,0.85,19.84,70.98
1.1,0.89,-0.55,18.31,18.25,59.51
1.11,0.91,-0.55,26.37,13.55,49.19
1.11,0.79,-0.57,32.71,10.25,43.27
1.14,0.73,-0.63,38.33,4.88,37.54
1.19,0.64,-0.55,29.36,1.28,30.82
1.21,0.66,-0.55,19.9,-2.2,23.86
1.23,0.71,-0.51,10.8,-5.49,14.34
1.22,0.78,-0.61,4.46,-10.19,6.1
1.23,0.85,-0.63,-5.0,-13.06,-1.71
1.25,0.92,-0.63,-16.66,-12.88,-11.72
1.25,1.0,-0.61,-24.23,-14.34,-24.35
1.28,1.03,-0.61,-31.68,-16.48,-36.01
1.33,1.06,-0.64,-35.4,-19.9,-46.57
1.42,1.03,-0.64,-39.25,-23.56,-58.84
1.52,0.94,-0.62,-44.68,-27.95,-72.57
1.61,0.83,-0.62,-47.61,-33.51,-86.98
1.75,0.76,-0.7,-48.03,-37.6,-102.66
1.9,0.73,-0.77,-44.49,-44.86,-120.61
2.09,0.65,-0.81,-36.93,-55.85,-135.62
2.37,0.55,-0.84,-23.01,-64.94,-152.47
2.69,0.38,-0.81,-4.82,-76.05,-167.91
3.0,0.17,-0.77,10.68,-88.93,-179.2
3.2,0.02,-0.66,16.97,-103.03,-188.29
3.24,-0.05,-0.71,10.56,-117.74,-194.03
3.17,0.0,-0.81,-5.0,-131.16,-198.43
3.08,0.11,-0.76,-14.22,-146.85,-208.5
2.85,0.57,-0.73,-1.71,-160.22,-228.64
2.52,1.09,-0.6,20.51,-163.94,-256.96
1.94,1.46,-0.47,38.64,-160.4,-300.6
0.76,1.21,-0.48,73.12,-134.4,-323.67
0.01,0.27,-0.27,97.41,-90.64,-332.58
0.14,-0.21,0.31,94.79,-17.82,-280.64
0.58,2.02,-1.28,7.26,43.33,-231.99
0.18,4.0,0.22,-218.32,27.71,-225.65
-1.4,4.0,-0.42,-231.51,-10.13,-103.88
-0.73,1.63,-1.38,-35.83,27.22,37.78
0.22,0.39,-0.12,52.61,41.08,93.51
0.13,1.19,0.78,82.52,9.09,90.03
0.11,0.67,0.54,34.42,-26.06,122.31
-0.07,-0.29,0.22,66.53,5.8,139.4
-0.08,-1.11,0.13,102.6,37.84,144.35
0.19,-1.7,-0.08,89.97,31.13,150.51
0.26,-1.79,-0.02,49.68,14.16,129.76
0.07,-1.33,0.05,0.79,3.54,79.28
-0.01,-0.72,0.16,-29.05,-5.8,27.65
0.02,-0.26,0.24,-29.54,-8.0,-9.77
0.12,-0.22,0.22,-30.52,-2.38,-26.37
0.39,-0.26,0.14,-33.33,-0.98,-29.05
0.41,-0.24,0.0,-34.06,-4.52,-26.49
0.0,-0.06,-0.08,-30.94,-4.64,-20.81
-0.24,0.16,-0.11,-25.02,-5.13,-19.23
-0.28,0.36,-0.11,-15.44,-9.64,-14.83
-0.29,0.5,-0.11,-9.83,-13.61,-6.35
-0.28,0.48,-0.12,1.89,-6.9,6.41
-0.19,0.4,-0.04,21.24,9.4,21.24
-0.03,0.23,0.03,47.12,17.21,34.97
0.08,0.07,0.04,70.37,16.24,39.61
0.14,-0.13,0.02,83.62,17.15,39.73
0.17,-0.3,-0.01,84.96,17.33,39.49
0.18,-0.43,-0.08,70.86,9.89,38.64
0.15,-0.45,-0.08,49.56,3.11,36.74
0.1,-0.39,-0.05,26.86,-0.18,29.54
0.0,-0.24,0.01,11.6,-0.61,21.12
-0.1,-0.11,0.05,5.49,2.2,13.06
-0.15,-0.04,0.04,3.48,5.55,8.3
-0.16,-0.01,0.02,4.46,5.43,6.65
-0.15,-0.01,0.01,3.85,5.43,6.77
-0.16,-0.0,0.03,3.42,6.23,8.0
-0.18,0.02,0.01,2.69,9.7,11.05
-0.16,0.0,-0.02,0.55,14.47,15.75
-0.11,-0.02,-0.07,-1.22,16.72,21.67
-0.04,-0.1,-0.13,-5.07,15.01,27.53
0.02,-0.14,-0.15,-3.66,9.46,31.68
0.04,-0.15,-0.13,-1.71,2.62,32.65
0.04,-0.15,-0.11,-5.92,-1.16,31.8
0.04,-0.14,-0.05,-14.47,-0.43,29.11
0.02,-0.0,0.09,-19.04,1.77,23.62
-0.03,0.23,0.22,-17.52,-2.32,16.6
-0.11,0.47,0.22,-15.75,-8.54,10.44
-0.22,0.59,0.04,-19.35,-6.96,6.1
-0.3,0.55,-0.18,-29.24,4.46,5.43
-0.36,0.49,-0.36,-21.0,21.3,8.0
-0.39,0.39,-0.46,26.18,39.49,11.84
0.0,0.4,0.03,77.58,54.44,17.46
-0.25,1.86,-0.37,135.74,71.96,26.98
0.08,2.98,-1.58,81.36,27.34,20.69
1.3,-2.37,0.59,-118.04,60.91,47.61
2.13,-3.21,-1.02,11.23,36.19,179.57
4.0,0.96,-3.46,100.71,69.34,206.12
4.0,4.0,-4.0,328.19,132.87,-58.96
-4.0,-3.98,4.0,-259.52,169.56,-270.26
2.19,-4.0,3.62,24.05,107.73,591.61
4.0,-4.0,-0.12,208.8,209.35,685.67
4.0,-4.0,-1.75,122.62,135.74,458.68
0.86,-3.76,-0.84,-24.84,-83.31,149.05
0.53,-0.96,-2.57,-388.31,-196.96,121.22
0.67,2.72,-0.93,-337.1,-86.55,108.46
0.54,4.0,0.26,-152.34,37.66,-38.88
3.59,3.26,-0.86,18.98,-19.29,-77.45
2.92,0.63,-0.65,16.72,47.12,91.92
2.22,-0.12,-0.94,92.53,75.26,73.18
1.67,-0.39,-0.71,127.75,48.34,-0.12
1.32,-0.26,-0.81,112.24,12.02,-40.71
1.17,0.15,-0.71,108.64,-6.59,-56.4
1.0,0.46,-0.52,104.98,-11.35,-45.96
0.75,0.41,-0.32,78.49,-6.71,-29.72
0.72,0.33,-0.22,70.25,9.46,-27.95
0.97,0.34,-0.16,78.19,22.03,-37.66
1.16,0.52,-0.2,88.2,22.03,-54.93
1.13,0.49,-0.23,79.28,10.19,-60.49
1.06,0.26,-0.21,51.45,3.17,-50.29
0.95,-0.06,-0.25,4.76,-3.05,-26.31
0.78,-0.16,-0.21,-49.26,-11.29,-4.58
0.71,0.04,-0.14,-94.42,-22.4,9.89
0.78,0.41,-0.05,-107.3,-31.74,14.04
0.86,0.65,-0.1,-98.45,-41.14,13.37
0.9,0.71,-0.14,-91.06,-47.49,6.9
0.94,0.78,-0.28,-71.66,-51.15,-2.69
0.88,0.74,-0.36,-57.5,-50.29,-5.19
0.78,0.59,-0.38,-52.55,-44.74,-5.74
0.67,0.51,-0.38,-45.9,-43.27,-3.78
0.57,0.54,-0.34,-37.6,-42.54,-3.78
0.54,0.67,-0.17,-38.27,-39.98,-3.72
0.56,0.88,-0.17,-28.26,-35.1,-7.39
0.56,0.98,-0.26,-10.13,-30.46,-22.09
0.51,0.9,-0.26,0.0,-25.82,-38.27
0.5,0.81,-0.24,18.19,-20.51,-56.64
0.45,0.68,-0.28,32.9,-16.36,-74.04
0.41,0.52,-0.23,28.5,-10.38,-78.55
0.43,0.38,-0.19,21.3,-5.49,-76.9
0.46,0.39,-0.26,11.66,-8.0,-68.79
0.46,0.49,-0.34,-5.68,-14.53,-56.4
0.46,0.57,-0.37,-24.29,-19.9,-42.66
0.48,0.65,-0.38,-34.24,-24.05,-29.79
0.53,0.6,-0.31,-32.9,-24.96,-17.7
0.64,0.45,-0.13,-18.92,-22.71,-6.53
0.74,0.33,-0.07,5.86,-21.97,-2.08
0.81,0.16,-0.09,21.67,-15.08,-1.89
0.9,-0.02,-0.13,29.24,-7.51,-5.0
0.88,-0.07,-0.27,41.08,-7.69,-13.37
0.77,0.02,-0.24,44.19,-5.92,-27.71
0.66,0.11,-0.11,28.32,-2.32,-39.98
0.54,0.31,-0.09,10.99,0.67,-49.68
0.52,0.69,-0.03,-4.33,8.42,-55.6
0.6,1.21,0.03,-27.4,16.85,-50.23
0.84,1.24,0.12,-52.92,17.46,-30.46
1.24,0.73,0.1,-29.42,13.92,-1.77
1.5,0.48,0.06,32.71,15.44,12.27
1.46,0.51,0.05,60.73,16.05,1.53
1.19,0.3,-0.03,54.87,14.16,-14.71
0.99,0.08,-0.18,48.1,15.14,-22.09
0.87,0.08,-0.26,38.76,9.77,-15.5
0.86,0.07,-0.17,15.44,4.09,-2.99
0.88,0.05,-0.03,-9.95,2.93,7.45
0.84,0.14,-0.12,-23.32,1.83,12.39
0.82,0.17,-0.19,-25.15,0.61,11.11
0.9,0.2,-0.3,-24.96,-0.49,6.77
0.96,0.28,-0.27,-24.6,-1.95,-1.4
0.97,0.39,-0.29,-24.72,-0.55,-9.58
0.96,0.48,-0.31,-13.73,1.95,-16.97
0.97,0.47,-0.31,0.67,4.64,-24.35
1.0,0.46,-0.4,19.29,7.75,-31.56
1.0,0.45,-0.42,42.05,11.78,-38.88
0.89,0.37,-0.37,57.31,15.56,-44.31
0.83,0.24,-0.33,65.12,22.03,-45.59
0.8,0.18,-0.33,68.42,28.32,-40.71
0.78,0.15,-0.28,65.98,30.15,-33.87
0.82,0.07,-0.22,56.27,29.79,-24.66
0.87,0.03,-0.21,47.0,28.2,-15.38
0.93,0.04,-0.23,34.24,24.35,-7.75
1.0,0.1,-0.22,18.13,20.69,-3.66
1.0,0.2,-0.19,3.11,15.44,-2.01
0.97,0.23,-0.11,-6.41,10.62,-2.87
1.0,0.21,-0.06,-6.23,9.58,-4.27
1.01,0.18,-0.06,-2.32,7.14,-6.16
0.95,0.21,-0.1,2.08,5.43,-9.7
0.85,0.38,-0.1,5.49,7.32,-14.1
0.84,0.38,-0.1,4.03,7.08,-13.37
0.88,0.21,-0.13,7.63,7.02,-5.37
0.93,0.14,-0.12,13.92,7.69,0.85
0.95,0.12,-0.19,11.23,7.08,3.91
0.91,0.17,-0.25,5.62,5.62,4.52
0.86,0.16,-0.29,-2.26,4.58,5.68
0.85,0.29,-0.32,-6.84,3.42,8.54
0.87,0.39,-0.26,-14.47,1.71,10.01
0.92,0.26,-0.26,-19.1,0.73,14.83
0.95,0.2,-0.27,-13.67,0.79,18.49
1.01,0.17,-0.32,-13.92,1.83,17.64
1.0,0.19,-0.32,-11.11,0.73,13.49
0.93,0.21,-0.29,-7.75,0.18,7.08
0.91,0.23,-0.3,-3.48,1.53,2.81
0.91,0.25,-0.31,-0.18,3.97,0.73
0.94,0.22,-0.31,2.99,4.64,0.92
0.95,0.2,-0.28,7.57,5.68,0.92
0.96,0.17,-0.26,8.3,5.86,-0.18
0.95,0.14,-0.27,7.45,5.68,-0.61
0.98,0.13,-0.21,5.25,6.59,-0.12
1.03,0.14,-0.21,1.4,6.29,1.4
1.02,0.17,-0.2,0.37,4.21,0.24
0.98,0.17,-0.17,0.85,4.27,-3.05
0.95,0.17,-0.18,0.55,5.31,-4.7
0.9,0.2,-0.22,-3.42,4.52,-5.07
0.86,0.25,-0.2,-6.04,3.6,-6.41
0.84,0.29,-0.2,-8.3,4.7,-6.41
0.86,0.27,-0.19,-11.96,5.98,-4.33
0.86,0.24,-0.18,-14.95,6.16,-0.73
0.81,0.27,-0.21,-14.71,6.29,2.08
0.81,0.3,-0.23,-14.04,9.03,2.26
0.86,0.27,-0.23,-15.44,10.86,2.5
0.89,0.27,-0.25,-16.66,8.61,4.09
0.91,0.26,-0.22,-18.8,6.71,3.66
0.91,0.27,-0.25,-20.45,6.23,3.17
0.87,0.35,-0.26,-20.94,3.97,1.89
0.84,0.44,-0.24,-22.09,1.71,-0.67
0.82,0.46,-0.21,-20.51,0.85,-2.2
0.84,0.4,-0.21,-18.49,0.55,-0.92
0.85,0.37,-0.19,-15.2,-1.28,0.73
0.85,0.36,-0.18,-13.18,-2.99,0.0
0.85,0.28,-0.18,-12.7,-3.11,-0.85
0.86,0.22,-0.19,-12.76,-4.33,0.61
0.86,0.24,-0.18,-16.78,-6.16,1.59
0.86,0.29,-0.18,-23.01,-7.2,1.34
0.88,0.31,-0.2,-26.67,-8.12,2.2
0.9,0.32,-0.22,-31.8,-9.4,4.52
0.9,0.34,-0.27,-35.03,-10.25,5.13
0.89,0.35,-0.3,-35.52,-9.7,2.5
0.86,0.37,-0.33,-32.65,-9.52,-1.59
0.84,0.39,-0.34,-27.47,-10.25,-4.46
0.84,0.4,-0.32,-23.32,-10.44,-6.65
0.84,0.4,-0.31,-17.21,-10.31,-8.3
0.85,0.38,-0.28,-10.68,-8.54,-9.46
0.85,0.34,-0.28,-5.92,-6.29,-8.54
0.86,0.3,-0.28,-1.4,-5.0,-6.84
0.86,0.3,-0.28,0.79,-4.88,-5.86
0.85,0.31,-0.28,-0.98,-4.33,-5.86
0.86,0.3,-0.26,-2.99,-2.01,-5.49
0.87,0.29,-0.28,-1.89,-0.31,-3.66
0.87,0.3,-0.29,-1.95,0.43,-2.38
0.87,0.3,-0.25,0.18,2.26,-2.5
0.88,0.25,-0.25,4.76,5.37,-2.01
0.9,0.21,-0.28,6.71,6.04,0.12
0.92,0.22,-0.25,6.04,5.25,0.43
0.92,0.25,-0.22,6.29,4.58,-1.22
0.91,0.26,-0.2,4.82,2.62,-1.77
0.93,0.2,-0.22,0.43,2.38,0.61
0.97,0.13,-0.26,-2.5,1.46,4.39
0.97,0.08,-0.28,-9.77,-1.4,6.29
0.93,0.09,-0.27,-14.95,-2.81,5.62
0.92,0.12,-0.28,-15.99,-2.01,5.13
0.9,0.18,-0.31,-15.75,-2.08,5.74
0.86,0.26,-0.32,-13.49,-1.59,5.25
0.82,0.35,-0.34,-10.38,0.31,4.03
0.81,0.4,-0.3,-6.29,2.01,3.36
0.82,0.42,-0.28,1.83,4.94,3.91
0.85,0.38,-0.26,8.24,7.51,5.62
0.88,0.35,-0.24,13.12,7.51,6.96
0.91,0.3,-0.21,17.4,7.32,6.9
0.94,0.23,-0.22,21.12,6.41,7.39
0.96,0.16,-0.19,18.86,4.64,8.85
0.95,0.11,-0.21,14.89,3.72,9.34
0.95,0.1,-0.27,11.29,4.09,9.09
0.94,0.12,-0.29,8.42,3.85,8.61
0.94,0.13,-0.28,7.08,3.6,7.63
0.93,0.13,-0.29,5.49,3.3,7.2
0.93,0.14,-0.27,3.78,3.23,7.32
0.94,0.17,-0.23,3.6,2.62,6.53
0.93,0.19,-0.24,3.78,1.77,5.98
0.92,0.19,-0.26,3.54,1.22,6.84
0.93,0.18,-0.26,4.09,1.28,8.3
0.93,0.19,-0.26,3.05,0.18,8.54
0.92,0.18,-0.27,1.34,-1.1,7.32
0.92,0.19,-0.31,1.77,-1.22,6.1
0.92,0.19,-0.33,3.05,-1.28,4.33
0.91,0.19,-0.3,4.52,-0.98,2.99
0.9,0.18,-0.27,7.87,0.18,2.87
0.92,0.16,-0.26,10.13,1.71,3.66
0.95,0.15,-0.27,7.69,1.16,4.52
0.95,0.15,-0.24,4.88,-0.06,3.78
0.96,0.12,-0.24,4.46,0.0,3.11
0.95,0.13,-0.24,2.69,-1.04,3.66
0.94,0.18,-0.23,1.22,-1.53,2.44
0.92,0.23,-0.25,0.73,-2.44,-0.06
0.91,0.26,-0.25,-0.55,-3.78,-2.08
0.9,0.27,-0.24,-0.37,-4.58,-2.81
0.88,0.27,-0.23,1.53,-5.07,-2.99
0.86,0.27,-0.28,2.32,-4.27,-2.32
0.86,0.29,-0.32,0.92,-4.15,-0.85
0.85,0.29,-0.32,-0.24,-4.39,0.43
0.86,0.26,-0.3,1.95,-2.99,2.44
0.88,0.19,-0.31,4.7,-1.4,5.86
0.91,0.16,-0.33,5.0,-0.49,8.18
0.93,0.17,-0.32,4.09,-1.1,7.69
0.92,0.2,-0.29,3.66,-1.89,5.13
0.93,0.2,-0.27,3.17,-2.01,2.99
0.94,0.19,-0.27,3.3,-2.14,2.69
0.93,0.19,-0.27,3.11,-3.36,2.32
0.92,0.24,-0.27,2.08,-4.33,0.43
0.91,0.27,-0.27,0.85,-4.64,-1.04
0.9,0.29,-0.27,-0.06,-5.19,-0.43
0.88,0.32,-0.27,0.31,-5.92,1.4
0.85,0.35,-0.27,1.4,-6.53,2.87
0.83,0.37,-0.29,2.99,-7.32,3.85
0.82,0.41,-0.29,4.33,-8.18,4.88
0.83,0.47,-0.3,3.11,-9.52,6.47
0.85,0.53,-0.31,-1.46,-11.84,9.09
0.83,0.58,-0.3,-6.77,-14.59,13.49
0.81,0.6,-0.28,-9.46,-17.33,19.41
0.79,0.57,-0.24,-7.32,-18.31,25.94
0.79,0.52,-0.2,-1.46,-15.99,32.47
0.81,0.45,-0.17,3.91,-11.05,39.55
0.85,0.34,-0.15,9.58,-4.27,45.96
0.91,0.27,-0.09,24.05,6.04,51.27
1.01,0.17,-0.04,45.78,18.49,55.85
1.13,-0.01,-0.03,56.27,28.63,59.45
1.25,-0.27,-0.15,42.79,33.02,63.05
1.31,-0.35,-0.25,29.36,29.05,65.61
1.29,-0.27,-0.22,7.39,21.36,61.77
1.2,-0.1,-0.14,-19.23,16.05,52.67
1.1,0.11,-0.12,-28.32,14.28,43.88
1.1,0.27,-0.11,-12.76,11.54,37.05
1.07,0.29,-0.1,8.67,5.8,31.01
1.01,0.18,-0.1,21.85,-0.92,22.46
1.0,0.03,-0.05,31.01,-6.84,11.6
0.99,-0.05,-0.01,39.37,-10.25,-0.06
0.9,-0.02,-0.05,45.04,-9.09,-10.99
0.81,0.07,-0.07,48.46,-5.19,-18.92
0.76,0.16,-0.12,46.39,-1.1,-22.58
0.73,0.25,-0.13,42.66,1.16,-24.78
0.71,0.29,-0.1,36.32,1.95,-26.18
0.69,0.26,-0.17,28.93,0.92,-26.0
0.69,0.19,-0.16,24.72,-1.04,-27.16
0.7,0.09,-0.18,19.41,-1.77,-29.48
0.71,0.03,-0.24,12.15,-0.79,-33.08
0.75,0.06,-0.32,5.19,2.62,-34.42
0.81,0.2,-0.47,-7.75,8.67,-30.76
0.88,0.45,-0.63,-23.86,17.46,-23.8
1.0,0.7,-0.64,-43.27,28.69,-17.46
1.09,0.83,-0.48,-51.33,31.98,-10.74
1.02,0.84,-0.21,-40.89,17.52,-2.93
0.89,0.73,0.05,-23.56,-3.11,2.14
0.78,0.68,0.1,-6.23,-9.64,1.22
0.75,0.73,0.04,7.32,-7.02,-1.59
0.79,0.72,-0.03,8.48,-5.0,-3.54
0.84,0.58,-0.1,0.06,-6.96,-2.62
0.85,0.4,-0.09,-3.97,-10.25,0.67
0.83,0.25,-0.06,-0.73,-9.64,3.3
0.81,0.17,-0.09,2.87,-4.52,5.37
0.82,0.18,-0.2,0.31,-0.49,7.63
0.86,0.25,-0.28,-7.69,0.61,8.48
0.87,0.36,-0.33,-17.64,0.55,7.87
0.85,0.42,-0.31,-24.41,-1.1,5.13
0.84,0.41,-0.28,-21.0,-0.43,1.65
0.84,0.39,-0.31,-8.36,4.09,-0.79
0.9,0.33,-0.34,1.89,6.71,-2.08
0.96,0.27,-0.35,6.1,8.18,-2.26
0.99,0.24,-0.29,11.54,8.54,-1.16
1.0,0.24,-0.23,18.37,9.09,0.18
1.0,0.22,-0.17,21.24,7.93,1.1
1.02,0.18,-0.16,20.32,7.87,1.95
1.04,0.09,-0.16,15.32,6.96,2.69
1.05,0.02,-0.18,8.48,4.39,2.2
1.05,0.02,-0.21,5.19,1.95,-0.37
1.03,0.06,-0.22,0.37,2.14,-2.32
1.0,0.11,-0.22,-7.08,3.17,-1.95
0.98,0.15,-0.22,-13.92,3.85,0.0
0.95,0.17,-0.2,-16.11,5.19,2.5
0.92,0.2,-0.19,-9.09,8.48,5.43
0.94,0.17,-0.17,-2.44,12.88,8.54
0.99,0.15,-0.14,0.24,13.55,11.84
1.01,0.16,-0.19,-1.95,8.67,12.21
0.97,0.14,-0.2,-8.97,-1.4,8.48
0.94,0.11,-0.2,-12.88,-6.23,3.05
0.93,0.07,-0.28,-14.89,-5.43,-1.28
0.89,-0.01,-0.31,-17.82,-4.58,-3.17
0.86,-0.04,-0.22,-19.65,-1.71,-2.93
0.87,0.03,-0.14,-17.03,-1.77,-1.53
0.84,0.13,-0.14,-16.6,-3.66,-0.37
0.82,0.17,-0.13,-19.23,-1.4,0.0
0.84,0.17,-0.12,-16.17,3.05,0.49
0.88,0.2,-0.12,-8.48,4.82,-0.18
0.88,0.26,-0.17,-3.23,4.82,-2.99
0.88,0.3,-0.18,-0.73,5.68,-4.64
0.9,0.32,-0.18,2.14,6.84,-4.52
0.94,0.29,-0.21,-0.79,6.77,-4.21
0.95,0.25,-0.22,-4.15,4.15,-3.6
0.95,0.25,-0.25,-3.66,0.79,-3.3
0.96,0.26,-0.25,-0.98,-0.79,-2.93
0.96,0.28,-0.23,2.08,-1.4,-2.62
0.95,0.27,-0.2,0.98,-2.08,-2.26
0.94,0.28,-0.23,-4.21,-2.62,-0.85
0.93,0.25,-0.26,-12.7,-4.09,1.46
0.92,0.25,-0.25,-17.03,-4.7,3.97
0.91,0.23,-0.22,-16.91,-2.56,6.53
0.91,0.23,-0.21,-14.04,0.0,10.01
0.91,0.22,-0.21,-13.31,0.18,12.82
0.91,0.21,-0.21,-14.22,-0.12,13.79
0.91,0.23,-0.21,-13.24,0.0,12.51
0.93,0.22,-0.2,-11.6,0.0,10.13
0.93,0.23,-0.19,-9.7,-0.37,8.67
0.92,0.23,-0.17,-7.51,-1.1,7.87
0.91,0.23,-0.18,-5.25,0.49,7.51
0.92,0.22,-0.19,-4.03,2.75,7.81
0.91,0.22,-0.22,-2.69,3.97,8.42
0.91,0.23,-0.24,1.22,5.68,8.18
0.92,0.23,-0.24,6.84,7.32,7.87
0.91,0.21,-0.21,10.19,5.49,8.06
0.89,0.18,-0.21,12.39,3.97,8.54
0.89,0.16,-0.22,12.39,4.52,9.22
0.9,0.14,-0.22,12.33,6.77,9.09
0.92,0.12,-0.25,13.49,11.35,8.97
0.93,0.13,-0.26,18.55,11.96,9.52
0.93,0.15,-0.25,20.94,12.27,8.97
0.94,0.17,-0.23,20.39,13.0,7.14
0.94,0.18,-0.2,21.06,11.41,5.68
0.94,0.2,-0.2,20.02,10.13,4.21
0.94,0.23,-0.19,18.43,10.93,0.79
0.95,0.22,-0.2,15.87,10.31,-1.34
0.97,0.23,-0.24,12.27,7.32,-0.55
0.98,0.3,-0.25,7.75,5.31,0.06
0.95,0.36,-0.24,3.97,4.52,0.12
0.91,0.38,-0.24,3.48,3.72,2.08
0.88,0.35,-0.26,6.04,3.85,4.82
0.88,0.31,-0.28,7.69,4.33,5.55
0.89,0.28,-0.26,7.26,4.15,3.85
0.88,0.27,-0.24,6.35,2.08,1.71
0.88,0.28,-0.24,6.71,1.16,-0.06
0.87,0.29,-0.25,5.07,2.2,-0.85
0.86,0.28,-0.26,2.93,2.62,-1.04
0.87,0.29,-0.25,4.15,2.75,-0.67
0.88,0.29,-0.24,5.37,3.42,-0.31
0.9,0.26,-0.24,5.0,2.56,0.61
0.9,0.26,-0.24,2.99,0.55,0.92
0.9,0.27,-0.25,-0.06,-0.49,-0.06
0.9,0.29,-0.25,-3.23,-1.71,-0.37
0.89,0.3,-0.25,-6.29,-2.75,0.31
0.88,0.3,-0.26,-8.85,-3.48,1.4
0.88,0.29,-0.28,-10.07,-2.32,2.87
0.88,0.27,-0.3,-10.68,-1.46,5.19
0.88,0.25,-0.28,-11.11,-1.1,6.71
0.9,0.24,-0.29,-10.86,-0.24,8.06
0.9,0.23,-0.3,-9.89,-0.79,8.97
0.91,0.21,-0.3,-11.78,-1.77,9.09
0.92,0.2,-0.29,-15.2,-3.42,8.42
0.91,0.21,-0.27,-16.42,-6.04,7.39
0.91,0.23,-0.25,-15.75,-6.9,6.59
0.92,0.23,-0.24,-14.28,-5.19,7.26
0.92,0.21,-0.22,-12.94,-4.21,8.24
0.91,0.22,-0.24,-10.93,-3.91,8.97
0.92,0.21,-0.25,-10.62,-2.56,8.91
0.93,0.2,-0.26,-11.17,-1.83,8.18
0.92,0.2,-0.29,-10.01,-1.34,7.2
0.92,0.19,-0.32,-7.87,0.06,6.16
0.93,0.17,-0.33,-5.43,0.85,5.68
0.93,0.18,-0.31,-2.75,1.28,4.76
0.91,0.21,-0.28,-0.73,1.95,3.11
0.88,0.25,-0.28,2.81,2.44,0.67
0.86,0.31,-0.27,8.67,3.36,-2.32
0.86,0.36,-0.25,15.99,5.19,-4.15
0.86,0.38,-0.24,22.83,6.77,-5.19
0.86,0.38,-0.23,30.27,7.75,-5.31
0.86,0.38,-0.22,34.85,9.46,-4.39
0.88,0.37,-0.22,37.96,11.41,-2.81
0.89,0.34,-0.21,40.16,11.84,0.18
0.89,0.32,-0.21,39.43,12.33,3.54
0.91,0.29,-0.2,35.28,13.61,6.84
0.93,0.26,-0.21,29.05,13.31,10.07
0.92,0.21,-0.22,21.61,11.35,13.12
0.89,0.17,-0.22,16.66,9.7,14.59
0.9,0.16,-0.22,14.65,10.13,15.26
0.93,0.18,-0.24,12.21,8.61,15.56
0.96,0.21,-0.26,7.57,2.75,14.89
0.94,0.18,-0.23,1.04,-3.72,11.35
0.93,0.13,-0.19,-3.91,-6.59,7.87
0.95,0.1,-0.19,-6.77,-7.51,6.47
0.95,0.08,-0.2,-10.25,-7.87,5.86
0.96,0.08,-0.2,-14.28,-7.93,6.04
0.96,0.1,-0.23,-19.41,-8.48,7.63
0.95,0.13,-0.24,-25.51,-9.52,8.97
0.95,0.14,-0.22,-26.67,-8.48,9.46
0.94,0.16,-0.22,-23.56,-7.08,10.19
0.93,0.17,-0.22,-22.03,-7.08,10.5
0.91,0.18,-0.24,-21.85,-6.71,10.44
0.91,0.19,-0.26,-20.81,-5.55,10.44
0.92,0.2,-0.27,-18.25,-3.97,10.5
0.92,0.22,-0.28,-15.2,-2.38,10.13
0.91,0.23,-0.28,-11.78,-1.59,8.97
0.91,0.22,-0.26,-9.4,-0.43,8.12
0.91,0.2,-0.26,-8.06,0.55,8.67
0.93,0.18,-0.26,-6.84,0.31,10.62
0.93,0.17,-0.25,-5.98,-1.22,12.02
0.94,0.16,-0.24,-6.65,-1.16,13.06
0.94,0.16,-0.25,-7.87,-0.31,12.94
0.91,0.19,-0.26,-5.92,0.55,11.6
0.89,0.23,-0.26,-2.99,1.71,10.07
0.88,0.26,-0.24,0.67,3.78,9.83
0.88,0.27,-0.23,3.66,6.16,10.68
0.87,0.29,-0.25,6.84,6.47,11.23
0.86,0.29,-0.24,7.39,6.04,11.54
0.86,0.31,-0.21,8.91,5.98,12.02
0.87,0.35,-0.2,10.99,6.53,13.49
0.87,0.37,-0.19,9.4,7.08,15.56
0.89,0.35,-0.18,6.84,6.29,17.88
0.91,0.33,-0.15,8.24,5.62,20.45
0.94,0.29,-0.13,7.51,6.16,22.22
0.95,0.25,-0.13,3.72,5.86,23.74
0.95,0.21,-0.16,-1.34,5.68,24.72
0.95,0.18,-0.18,-6.04,5.68,24.48
0.93,0.19,-0.2,-9.83,4.94,23.19
0.91,0.24,-0.2,-12.33,3.66,21.0
0.89,0.3,-0.21,-12.7,2.81,18.55
0.88,0.33,-0.2,-11.72,2.32,16.72
0.89,0.34,-0.2,-9.34,2.56,15.93
0.91,0.36,-0.2,-7.32,3.72,15.26
0.92,0.36,-0.2,-7.69,3.85,14.1
0.91,0.35,-0.21,-7.32,3.42,12.39
0.89,0.36,-0.21,-6.29,3.54,9.34
0.88,0.38,-0.23,-5.62,4.46,6.47
0.88,0.4,-0.23,-3.54,4.27,4.09
0.87,0.4,-0.21,-0.06,2.56,2.08
0.87,0.38,-0.2,2.2,2.62,0.49
0.88,0.37,-0.22,2.14,3.42,-0.12
0.88,0.34,-0.22,1.28,2.87,-0.79
0.9,0.33,-0.23,-0.06,1.77,-1.22
0.9,0.33,-0.23,-2.26,0.43,-1.77
0.9,0.3,-0.23,-4.64,-0.55,-1.89
0.89,0.3,-0.25,-6.77,-0.55,-1.95
0.87,0.32,-0.27,-8.85,-0.31,-3.05
0.87,0.32,-0.28,-10.8,-0.79,-3.72
0.86,0.33,-0.28,-11.41,-1.28,-3.91
0.86,0.34,-0.27,-9.22,-1.53,-4.15
0.87,0.33,-0.25,-8.73,-1.04,-4.27
0.87,0.32,-0.25,-7.63,-0.67,-4.46
0.88,0.33,-0.26,-6.23,-0.37,-5.0
0.89,0.32,-0.26,-5.25,0.06,-5.49
0.9,0.3,-0.26,-3.48,-0.12,-5.37
0.9,0.28,-0.26,-2.38,-0.98,-5.37
0.9,0.26,-0.27,-3.3,-1.16,-5.62
0.89,0.27,-0.28,-4.64,-1.65,-6.1
0.88,0.27,-0.27,-5.8,-2.26,-6.47
0.89,0.27,-0.27,-4.76,-2.69,-6.29
0.89,0.27,-0.26,-4.39,-2.26,-5.49
0.9,0.25,-0.26,-6.16,-1.65,-4.76
0.91,0.25,-0.26,-8.06,-1.89,-4.39
0.91,0.24,-0.25,-9.4,-3.3,-4.27
0.91,0.23,-0.26,-10.01,-3.17,-4.46
0.9,0.23,-0.27,-10.8,-2.44,-4.76
0.9,0.23,-0.28,-11.54,-2.81,-4.7
0.9,0.23,-0.28,-12.08,-3.36,-4.52
0.9,0.24,-0.28,-13.12,-3.6,-4.46
0.9,0.24,-0.27,-11.66,-4.39,-4.76
0.9,0.24,-0.28,-10.13,-4.27,-5.07
0.9,0.25,-0.27,-9.4,-3.54,-5.25
0.9,0.24,-0.27,-8.48,-3.42,-5.07
0.9,0.23,-0.28,-8.12,-3.3,-4.64
0.9,0.23,-0.28,-6.9,-3.36,-4.52
0.91,0.23,-0.28,-5.25,-3.23,-4.52
0.91,0.23,-0.28,-3.48,-2.99,-4.33
0.91,0.22,-0.28,-1.65,-2.87,-4.33
0.9,0.21,-0.28,-1.16,-2.69,-4.58
0.9,0.2,-0.28,0.31,-2.81,-5.07
0.91,0.19,-0.26,2.44,-2.99,-4.94
0.92,0.19,-0.26,4.15,-2.75,-4.03
0.93,0.19,-0.25,6.35,-3.54,-3.48
0.93,0.18,-0.24,5.43,-3.91,-3.36
0.92,0.17,-0.24,2.99,-3.48,-3.36
0.92,0.18,-0.24,1.04,-3.42,-3.3
0.92,0.18,-0.25,-0.37,-3.11,-2.99
0.91,0.17,-0.24,-1.83,-2.75,-2.56
0.92,0.17,-0.25,-1.89,-2.5,-2.26
0.92,0.16,-0.24,-1.95,-2.75,-1.77
0.92,0.17,-0.24,-1.28,-2.56,-1.1
0.92,0.18,-0.24,-1.53,-2.26,-1.04
0.92,0.2,-0.22,-0.85,-2.2,-1.22
0.92,0.21,-0.23,0.12,-1.77,-1.16
0.92,0.21,-0.23,-0.92,-1.1,-0.73
0.91,0.22,-0.23,-2.44,-0.98,-0.98
0.9,0.22,-0.24,-3.42,0.06,-1.22
0.91,0.23,-0.25,-0.49,0.49,-0.55
0.92,0.24,-0.24,2.26,-0.06,0.24
0.91,0.25,-0.24,2.93,-0.79,0.73
0.9,0.25,-0.24,5.98,-1.04,0.98
0.9,0.25,-0.24,8.61,-0.06,1.1
0.91,0.24,-0.25,9.64,0.61,1.34
0.91,0.22,-0.25,9.77,0.98,1.22
0.92,0.2,-0.23,10.07,0.55,1.65
0.91,0.2,-0.23,10.01,-0.43,2.01
0.91,0.21,-0.23,8.73,-0.73,2.2
0.91,0.21,-0.23,7.69,0.12,2.32
0.92,0.22,-0.24,7.08,0.24,3.54
0.91,0.23,-0.24,7.2,-0.18,4.46
0.91,0.24,-0.22,6.65,0.31,5.13
0.91,0.24,-0.22,5.49,0.61,5.98
0.92,0.24,-0.23,5.13,0.67,7.2
0.91,0.25,-0.23,5.55,-0.06,7.69
0.9,0.23,-0.23,4.64,-0.43,7.63
0.9,0.23,-0.24,4.46,0.43,7.93
0.9,0.24,-0.25,5.0,0.55,8.06
0.9,0.24,-0.25,5.62,0.31,8.12
0.91,0.24,-0.23,7.51,1.04,8.12
0.91,0.24,-0.22,9.46,2.01,8.79
0.91,0.24,-0.23,9.83,2.38,9.28
0.91,0.24,-0.24,11.17,2.2,8.73
0.91,0.23,-0.23,11.72,1.77,7.75
0.91,0.23,-0.22,12.39,1.95,6.96
0.91,0.22,-0.22,12.39,1.59,6.96
0.91,0.22,-0.21,11.96,0.98,7.51
0.91,0.23,-0.22,12.76,1.4,7.63
0.92,0.22,-0.21,13.12,1.65,7.75
0.93,0.2,-0.21,13.18,0.79,7.93
0.93,0.19,-0.2,13.18,0.73,7.45
0.94,0.18,-0.19,13.55,2.26,6.35
0.94,0.17,-0.2,12.57,2.44,5.92
0.94,0.17,-0.21,10.5,1.4,5.55
0.94,0.18,-0.21,9.22,1.28,4.88
0.94,0.18,-0.2,9.46,0.85,4.09
0.93,0.19,-0.2,9.83,0.43,3.05
0.92,0.2,-0.2,10.5,0.43,2.2
0.92,0.22,-0.2,11.05,0.98,1.46
0.93,0.23,-0.19,10.38,1.34,1.71
0.93,0.23,-0.2,10.68,0.79,2.01
0.93,0.21,-0.2,11.35,0.24,2.08
0.93,0.21,-0.19,11.47,-0.18,2.01
0.93,0.19,-0.19,10.25,0.31,2.26
0.93,0.19,-0.19,8.73,0.67,2.87
0.93,0.19,-0.19,5.74,0.24,3.05
0.93,0.2,-0.19,3.78,0.12,2.87
0.92,0.21,-0.2,3.66,0.37,2.38
0.92,0.23,-0.2,3.85,0.55,1.89
0.92,0.24,-0.2,3.97,0.0,1.71
0.92,0.23,-0.19,3.36,-1.1,1.53
0.92,0.22,-0.19,2.5,-1.89,1.71
0.91,0.23,-0.2,2.32,-1.59,2.08
0.91,0.25,-0.2,2.87,-0.37,2.14
0.91,0.25,-0.2,2.14,0.43,2.93
0.91,0.25,-0.2,0.85,0.49,3.78
0.91,0.25,-0.2,-0.24,0.79,4.27
0.91,0.25,-0.21,-0.61,1.28,4.39
0.9,0.24,-0.21,-0.67,0.61,4.39
0.91,0.22,-0.2,-0.79,-0.12,4.82
0.91,0.21,-0.2,-0.49,0.12,5.25
0.92,0.22,-0.19,0.12,0.61,5.43
0.93,0.23,-0.2,-0.12,0.24,5.55
0.93,0.23,-0.19,0.06,-0.37,5.49
0.92,0.24,-0.19,0.0,0.06,5.25
0.93,0.24,-0.19,0.06,0.43,4.76
0.93,0.24,-0.19,0.18,-0.49,4.27
0.93,0.24,-0.18,0.18,-0.85,3.23
0.93,0.22,-0.18,0.0,-0.73,2.2
0.92,0.21,-0.18,0.24,-0.73,1.77
0.92,0.2,-0.18,-0.24,-0.18,1.46
0.93,0.2,-0.18,-0.85,0.31,1.83
0.92,0.21,-0.18,-0.67,-0.06,2.26
0.92,0.22,-0.18,0.0,0.24,2.62
0.93,0.21,-0.19,0.61,0.98,2.62
0.92,0.21,-0.19,0.24,0.73,2.44
0.92,0.2,-0.2,0.12,0.98,2.08
0.93,0.22,-0.21,0.92,2.26,1.95
0.93,0.22,-0.2,0.85,1.59,2.2
0.93,0.22,-0.2,0.49,1.1,2.08
0.93,0.22,-0.2,1.16,0.92,1.59
0.93,0.22,-0.2,0.73,0.73,1.53
0.93,0.21,-0.2,0.0,0.79,1.28
0.93,0.2,-0.2,-1.53,0.24,0.85
0.92,0.2,-0.2,-2.75,-0.12,0.98
0.92,0.21,-0.21,-3.36,-0.31,1.22
0.91,0.23,-0.21,-4.15,-0.49,1.65
0.91,0.23,-0.21,-4.7,-0.31,1.83
0.91,0.23,-0.21,-4.15,0.31,2.01
0.91,0.24,-0.23,-2.56,0.92,2.5
0.9,0.24,-0.24,-1.22,1.53,2.81
0.9,0.24,-0.22,-0.37,1.59,3.54
0.92,0.25,-0.22,1.59,2.69,3.97
0.92,0.24,-0.21,2.99,2.5,3.97
0.93,0.22,-0.2,2.62,2.01,3.91
0.93,0.21,-0.19,2.38,1.53,3.85
0.93,0.19,-0.21,1.77,1.28,3.72
0.93,0.2,-0.2,2.38,1.59,3.6
0.92,0.2,-0.2,2.69,1.89,3.6
0.92,0.2,-0.21,1.34,2.32,3.66
0.93,0.2,-0.21,1.59,2.32,3.54
0.93,0.2,-0.21,1.89,1.59,2.99
0.93,0.21,-0.2,1.83,1.22,2.32
0.93,0.2,-0.19,2.32,1.53,2.38
0.93,0.2,-0.19,3.85,1.28,2.62
0.93,0.2,-0.19,5.43,1.04,2.56
0.92,0.2,-0.19,5.74,1.04,2.38
0.92,0.2,-0.2,5.49,1.34,2.38
0.92,0.2,-0.2,6.41,1.95,2.62
0.92,0.22,-0.2,7.63,3.42,2.75
0.93,0.22,-0.2,7.69,3.6,3.17
0.93,0.22,-0.2,6.29,2.75,3.6
0.92,0.21,-0.2,3.97,2.62,3.54
0.93,0.2,-0.19,1.65,2.44,3.72
0.93,0.2,-0.2,1.22,1.89,4.39
0.93,0.21,-0.2,0.61,1.53,4.52
0.92,0.21,-0.21,0.92,1.46,4.33
0.92,0.21,-0.21,1.04,1.53,4.15
0.92,0.21,-0.22,2.01,1.53,3.97
0.92,0.22,-0.21,2.2,1.83,3.91
0.92,0.24,-0.21,2.81,1.95,3.85
0.92,0.23,-0.21,3.6,1.59,3.97
0.92,0.23,-0.2,5.0,1.77,4.39
0.92,0.22,-0.19,5.13,2.14,4.64
0.92,0.22,-0.2,4.94,1.77,4.88
0.92,0.21,-0.19,5.0,1.4,4.52
0.92,0.2,-0.19,4.58,1.65,4.94
0.93,0.21,-0.2,4.21,2.14,5.31
0.92,0.21,-0.21,4.03,2.38,5.55
0.92,0.21,-0.2,4.27,2.32,5.8
0.93,0.21,-0.2,4.52,3.05,5.98
0.93,0.21,-0.21,3.72,3.05,5.98
0.93,0.19,-0.21,3.42,2.44,5.98
0.94,0.19,-0.2,4.88,1.77,5.86
0.94,0.18,-0.18,4.82,1.28,5.49
0.93,0.18,-0.19,4.39,1.04,5.49
0.93,0.18,-0.19,3.54,1.71,5.68
0.93,0.19,-0.19,3.11,2.08,5.68
0.93,0.2,-0.19,3.23,1.71,5.68
0.93,0.21,-0.18,3.48,1.71,5.31
0.93,0.21,-0.18,3.97,1.95,5.37
0.93,0.22,-0.18,4.03,2.5,5.68
0.93,0.22,-0.19,3.36,2.56,5.98
0.93,0.21,-0.19,3.48,2.14,5.98
0.93,0.2,-0.19,4.46,1.71,5.86
0.93,0.2,-0.19,4.46,1.77,5.49
0.93,0.2,-0.19,3.85,2.08,5.37
0.93,0.2,-0.19,3.78,2.01,5.62
0.92,0.2,-0.18,3.6,2.32,5.86
0.92,0.21,-0.18,3.66,2.69,6.65
0.92,0.21,-0.19,3.54,3.23,7.26
0.92,0.23,-0.2,3.54,4.21,7.69
0.92,0.23,-0.2,3.66,4.33,8.24
0.92,0.22,-0.22,4.33,3.72,8.97
0.92,0.23,-0.22,5.25,3.48,9.34
0.92,0.23,-0.21,6.84,2.99,9.22
0.92,0.22,-0.21,7.02,3.23,9.09
0.92,0.22,-0.2,7.69,3.23,9.22
0.92,0.2,-0.19,7.39,3.66,9.52
0.91,0.21,-0.19,7.32,4.03,9.77
0.91,0.22,-0.19,6.9,4.64,9.7
0.91,0.24,-0.2,6.84,5.31,9.89
0.91,0.27,-0.19,7.08,5.25,10.74
0.92,0.27,-0.18,8.0,4.52,11.29
0.92,0.26,-0.18,9.89,4.15,11.84
0.92,0.25,-0.18,10.93,5.19,12.63
0.92,0.24,-0.2,10.13,5.74,13.43
0.91,0.24,-0.21,7.63,4.94,13.98
0.91,0.24,-0.2,6.16,4.52,14.4
0.91,0.23,-0.2,5.62,5.0,15.14
0.9,0.23,-0.22,6.41,5.68,16.17
0.89,0.24,-0.23,7.26,7.08,17.03
0.89,0.24,-0.22,8.48,8.97,17.58
0.89,0.25,-0.22,11.17,10.38,18.19
0.89,0.26,-0.22,14.1,11.6,19.04
0.91,0.26,-0.21,15.87,12.63,19.41
0.93,0.26,-0.2,16.72,12.45,19.04
0.93,0.25,-0.2,17.4,11.41,18.43
0.93,0.24,-0.2,18.19,11.11,17.82
0.93,0.22,-0.2,18.62,10.99,17.33
0.92,0.22,-0.19,21.55,10.68,17.21
0.93,0.21,-0.21,23.25,12.15,17.21
0.95,0.2,-0.23,22.95,12.57,17.88
0.94,0.18,-0.22,21.61,10.86,17.76
0.92,0.17,-0.23,19.35,11.54,17.09
0.91,0.18,-0.22,17.46,12.63,17.09
0.9,0.19,-0.23,16.78,13.79,18.43
0.9,0.18,-0.23,15.69,15.5,20.2
0.89,0.2,-0.25,15.26,16.91,22.22
0.89,0.21,-0.24,16.11,17.46,23.62
0.9,0.22,-0.22,16.54,17.82,25.27
0.91,0.23,-0.22,15.08,18.62,27.53
0.91,0.26,-0.24,13.31,18.31,28.56
0.91,0.28,-0.24,10.99,16.48,28.69
0.9,0.3,-0.23,8.48,15.44,28.2
0.9,0.31,-0.18,7.39,15.32,28.38
0.91,0.32,-0.18,8.36,14.71,29.79
0.91,0.33,-0.19,8.42,12.63,30.64
0.9,0.31,-0.19,6.29,11.17,30.21
0.89,0.3,-0.19,6.1,11.35,30.15
0.86,0.32,-0.2,7.14,12.7,30.4
0.84,0.33,-0.21,7.93,14.1,31.62
0.81,0.36,-0.19,8.48,15.14,33.57
0.79,0.39,-0.21,5.8,15.93,36.07
0.8,0.42,-0.25,4.09,16.97,39.31
0.81,0.45,-0.21,2.56,15.81,42.79
0.83,0.47,-0.17,-2.38,13.18,46.63
0.83,0.47,-0.17,-9.03,13.79,48.83
0.81,0.5,-0.27,-13.12,17.21,49.62
0.81,0.49,-0.26,-14.83,16.78,50.48
0.81,0.47,-0.27,-12.15,12.33,53.65
0.79,0.46,-0.25,-12.51,11.54,54.08
0.78,0.44,-0.18,-11.6,14.47,53.47
0.76,0.42,-0.2,-7.2,16.97,54.63
0.76,0.4,-0.21,-0.31,19.59,56.64
0.75,0.44,-0.23,6.29,23.07,58.96
0.75,0.46,-0.28,11.17,25.76,58.9
0.77,0.48,-0.27,17.58,28.2,58.9
0.77,0.5,-0.28,16.05,28.02,60.97
0.78,0.51,-0.3,7.93,27.4,61.65
0.8,0.51,-0.3,3.6,25.82,61.04
0.8,0.54,-0.32,1.77,25.09,60.12
0.76,0.55,-0.27,3.42,20.94,58.53
0.72,0.57,-0.24,8.06,21.48,57.01
0.72,0.56,-0.24,8.42,26.0,56.03
0.73,0.57,-0.21,10.01,30.46,56.64
0.71,0.58,-0.24,14.89,30.7,57.13
0.69,0.6,-0.24,21.3,32.78,56.46
0.72,0.57,-0.27,25.33,33.75,57.31
0.72,0.57,-0.26,23.44,31.49,60.0
0.67,0.6,-0.25,18.92,29.85,61.04
0.65,0.62,-0.26,12.94,28.08,60.79
0.62,0.57,-0.22,10.99,23.19,63.05
0.61,0.59,-0.28,22.58,21.12,67.57
0.61,0.61,-0.32,26.37,17.82,70.43
0.59,0.61,-0.28,16.42,12.63,74.71
0.56,0.59,-0.26,4.88,12.02,78.86
0.56,0.6,-0.31,-3.23,17.09,82.7
0.55,0.64,-0.33,-4.03,23.62,85.39
0.53,0.66,-0.35,-1.89,26.61,86.12
0.51,0.7,-0.34,2.75,23.19,86.36
0.48,0.75,-0.36,8.36,17.76,84.72
0.47,0.77,-0.41,11.6,14.1,81.6
0.51,0.67,-0.35,10.74,12.76,79.77
0.56,0.65,-0.37,16.48,14.71,81.54
0.59,0.62,-0.38,14.89,15.32,81.54
0.6,0.66,-0.43,18.68,14.59,80.75
0.63,0.74,-0.42,25.7,11.66,77.94
0.65,0.7,-0.39,19.29,13.92,76.17
0.66,0.68,-0.39,20.45,18.98,75.62
0.66,0.71,-0.38,26.49,18.98,73.61
0.64,0.75,-0.38,29.42,17.46,70.98
0.62,0.7,-0.37,27.16,18.25,69.03
0.6,0.65,-0.35,29.05,18.92,67.87
0.58,0.67,-0.42,31.37,21.12,66.47
0.59,0.66,-0.4,25.94,22.4,65.92
0.59,0.66,-0.36,22.89,22.16,66.47
0.62,0.71,-0.39,21.97,21.55,66.28
0.62,0.76,-0.34,17.82,18.49,64.88
0.62,0.76,-0.3,11.72,19.04,64.45
0.61,0.75,-0.29,12.51,19.9,64.64
0.59,0.8,-0.31,15.87,19.23,63.23
0.56,0.83,-0.3,15.56,17.64,61.52
0.52,0.84,-0.27,15.63,15.26,60.24
0.47,0.82,-0.3,16.78,14.53,58.78
0.43,0.79,-0.27,20.87,12.82,57.37
0.39,0.8,-0.28,22.83,10.86,56.34
0.36,0.83,-0.3,20.32,9.46,56.15
0.32,0.85,-0.3,19.23,7.45,55.97
0.27,0.88,-0.31,22.34,7.69,54.5
0.25,0.89,-0.31,23.86,9.7,54.63
0.23,0.88,-0.28,22.16,11.41,55.54
0.2,0.88,-0.31,19.65,14.47,56.95
0.2,0.91,-0.29,21.06,16.85,57.01
0.2,0.89,-0.25,19.17,17.15,56.64
0.19,0.86,-0.21,14.77,17.64,57.92
0.18,0.87,-0.23,11.41,17.27,60.18
0.15,0.89,-0.24,10.62,15.44,60.3
0.16,0.92,-0.25,10.74,13.49,61.04
0.17,0.91,-0.2,10.93,11.17,61.89
0.16,0.9,-0.23,12.57,8.3,62.93
0.16,0.9,-0.22,20.63,7.39,63.23
0.17,0.9,-0.22,24.9,7.69,63.96
0.18,0.91,-0.23,23.01,8.18,65.06
0.2,0.9,-0.21,19.41,10.38,66.77
0.22,0.87,-0.24,15.81,11.54,68.54
0.23,0.89,-0.23,12.82,11.54,70.07
0.23,0.9,-0.22,9.7,10.68,71.04
0.22,0.91,-0.18,8.48,9.89,72.27
0.22,0.92,-0.21,7.51,9.22,73.67
0.21,0.95,-0.22,8.54,7.26,74.58
0.22,0.93,-0.22,9.34,4.09,75.44
0.24,0.95,-0.18,7.39,1.46,74.71
0.29,1.11,-0.15,15.32,-0.06,71.35
0.33,1.21,-0.2,28.63,-1.65,66.04
0.33,1.2,-0.25,38.88,-3.3,62.07
0.33,1.08,-0.36,42.11,-5.49,60.79
0.29,0.84,-0.27,32.71,-8.12,61.22
0.24,0.87,-0.24,24.66,-10.13,60.91
0.19,0.93,-0.22,13.18,-9.77,57.98
0.14,0.99,-0.18,6.16,-9.22,54.87
0.1,1.05,-0.22,7.08,-9.7,52.37
0.12,1.03,-0.22,3.85,-9.64,50.96
0.14,0.99,-0.22,-0.92,-10.19,50.35
0.12,1.0,-0.22,-4.76,-10.5,49.62
0.11,1.03,-0.23,-6.77,-10.25,48.22
0.09,1.04,-0.25,-7.39,-9.83,46.45
0.06,1.01,-0.27,-8.91,-9.4,44.13
0.02,1.01,-0.28,-9.03,-8.67,41.26
-0.01,1.02,-0.3,-7.69,-8.36,37.84
-0.01,1.03,-0.3,-7.57,-7.75,34.91
0.01,1.02,-0.3,-7.57,-6.29,32.47
0.01,1.0,-0.29,-8.24,-3.97,29.97
0.01,0.99,-0.31,-8.42,-1.4,27.53
0.02,0.97,-0.33,-8.3,1.4,25.27
0.01,0.96,-0.33,-7.26,3.78,22.95
-0.01,0.94,-0.32,-7.14,5.07,21.06
-0.03,0.93,-0.31,-8.18,5.49,19.59
-0.05,0.93,-0.29,-9.28,5.86,18.74
-0.06,0.94,-0.27,-10.19,5.55,17.94
-0.07,0.94,-0.24,-10.44,4.76,16.72
-0.08,0.96,-0.21,-8.91,3.3,15.14
-0.09,0.97,-0.19,-5.68,1.77,13.12
-0.09,0.99,-0.19,-2.14,1.46,10.99
-0.1,1.0,-0.2,0.0,2.32,9.03
-0.1,1.0,-0.23,1.1,3.42,7.75
-0.1,0.99,-0.26,1.77,4.82,7.08
-0.09,0.98,-0.27,2.69,5.43,7.02
-0.08,0.96,-0.28,4.94,4.46,7.45
-0.09,0.95,-0.26,7.45,2.38,8.18
-0.1,0.95,-0.24,10.93,0.31,8.79
-0.11,0.95,-0.21,14.53,-1.59,9.34
-0.13,0.94,-0.17,16.91,-3.72,9.46
-0.15,0.91,-0.16,18.31,-3.91,9.64
-0.16,0.9,-0.18,18.43,-1.1,9.7
-0.16,0.89,-0.18,17.52,0.55,9.34
-0.14,0.89,-0.2,15.14,2.14,8.85
-0.13,0.91,-0.24,12.57,4.09,8.79
-0.13,0.94,-0.27,9.89,5.07,8.48
-0.12,0.95,-0.26,6.9,6.23,8.54
-0.11,0.95,-0.25,5.55,7.81,8.91
-0.1,0.97,-0.26,5.86,8.42,9.22
-0.09,1.0,-0.28,5.0,7.87,9.4
-0.09,1.01,-0.27,2.99,6.04,9.28
-0.1,1.02,-0.24,3.11,3.97,8.48
-0.12,1.02,-0.21,5.37,1.95,7.08
-0.12,1.0,-0.21,8.0,1.53,5.8
-0.11,0.97,-0.21,10.56,2.56,4.76
-0.1,0.95,-0.19,11.84,2.56,3.54
-0.09,0.93,-0.18,11.72,2.56,2.75
-0.09,0.93,-0.17,10.19,2.56,2.62
-0.09,0.95,-0.17,8.06,2.38,2.62
-0.08,0.95,-0.18,6.59,2.69,2.87
-0.07,0.97,-0.19,6.1,3.11,2.93
-0.07,0.99,-0.2,4.64,2.14,2.62
-0.06,1.01,-0.2,2.99,0.98,1.34
-0.05,1.01,-0.19,1.71,0.0,-0.12
-0.03,0.99,-0.18,2.62,-0.79,-0.98
-0.02,0.98,-0.19,5.68,-1.83,-1.83
-0.01,0.96,-0.2,8.0,-2.87,-2.99
-0.01,0.96,-0.21,8.73,-3.66,-3.91
-0.0,0.96,-0.23,6.84,-2.81,-4.15
0.0,0.94,-0.23,4.58,-1.77,-3.66
0.01,0.93,-0.21,4.39,-1.59,-3.11
0.03,0.92,-0.19,5.13,-1.71,-2.2
0.03,0.93,-0.18,4.88,-2.32,-1.1
0.03,0.93,-0.17,3.85,-2.81,-0.18
0.02,0.94,-0.18,2.75,-2.56,0.92
0.01,0.95,-0.18,2.87,-2.62,2.14
0.0,0.95,-0.17,3.36,-3.6,3.17
-0.0,0.95,-0.17,3.36,-4.33,3.97
-0.01,0.95,-0.17,2.32,-4.64,4.58
-0.01,0.95,-0.17,1.59,-4.09,5.19
-0.0,0.94,-0.17,1.04,-4.09,5.31
-0.01,0.95,-0.16,0.0,-4.39,5.43
-0.01,0.96,-0.16,-2.38,-4.52,4.82
-0.02,0.97,-0.16,-4.15,-4.21,4.33
-0.02,0.96,-0.16,-4.64,-3.6,4.09
-0.02,0.96,-0.17,-4.03,-2.99,4.21
-0.02,0.97,-0.18,-3.3,-2.81,4.21
-0.02,0.98,-0.2,-3.54,-2.69,4.33
-0.02,0.98,-0.21,-3.97,-3.23,4.52
-0.01,0.97,-0.21,-4.52,-3.97,4.64
-0.01,0.96,-0.2,-5.07,-4.52,4.88
-0.02,0.95,-0.2,-5.8,-4.46,5.13
-0.02,0.96,-0.21,-7.02,-3.72,5.37
-0.02,0.96,-0.22,-7.93,-2.93,5.74
-0.01,0.96,-0.22,-8.54,-2.38,5.74
-0.01,0.95,-0.2,-8.18,-2.01,6.16
-0.01,0.95,-0.2,-7.51,-1.77,6.29
-0.01,0.95,-0.21,-6.96,-1.4,6.23
-0.01,0.96,-0.22,-6.71,-0.85,5.92
-0.02,0.97,-0.23,-6.84,-0.79,5.68
-0.02,0.98,-0.23,-6.65,-1.28,5.68
-0.02,0.98,-0.24,-6.1,-1.53,5.92
-0.02,0.97,-0.24,-5.68,-1.77,6.1
-0.03,0.96,-0.24,-4.52,-2.62,5.92
-0.03,0.96,-0.24,-3.54,-2.99,5.74
-0.04,0.96,-0.24,-3.17,-2.99,5.55
-0.05,0.96,-0.24,-3.05,-2.99,5.25
-0.05,0.96,-0.24,-3.05,-3.36,5.0
-0.05,0.96,-0.24,-2.75,-3.36,5.0
-0.05,0.96,-0.25,-2.69,-2.99,4.64
-0.06,0.96,-0.26,-2.26,-2.44,4.33
-0.06,0.95,-0.26,-1.95,-2.62,4.09
-0.06,0.94,-0.26,-1.16,-2.87,4.09
-0.05,0.94,-0.26,-1.04,-2.93,4.15
-0.06,0.94,-0.26,-0.98,-2.75,4.09
-0.06,0.94,-0.26,0.06,-2.56,4.15
-0.07,0.94,-0.26,0.06,-2.14,4.27
-0.07,0.94,-0.26,0.18,-1.89,4.27
-0.06,0.94,-0.26,-0.37,-1.65,4.39
-0.06,0.94,-0.26,-0.49,-1.4,3.85
-0.06,0.95,-0.26,0.49,-0.79,3.3
-0.06,0.96,-0.27,1.53,-0.12,2.81
-0.06,0.97,-0.28,1.83,0.43,2.26
-0.05,0.96,-0.27,1.77,0.98,1.83
-0.04,0.96,-0.27,1.46,1.16,1.53
-0.04,0.95,-0.26,1.95,0.98,1.04
-0.04,0.96,-0.26,3.11,0.92,0.73
-0.04,0.96,-0.26,3.72,1.4,0.79
-0.03,0.96,-0.25,3.78,2.01,0.92
-0.03,0.96,-0.25,4.09,2.44,1.16
-0.03,0.95,-0.25,4.21,2.93,1.46
-0.03,0.95,-0.25,4.52,4.58,1.1
-0.03,0.95,-0.25,5.25,4.82,0.98
-0.02,0.95,-0.24,5.86,4.58,0.73
-0.02,0.96,-0.24,5.86,4.15,0.61
-0.02,0.95,-0.23,5.74,3.78,0.61
-0.02,0.95,-0.23,5.37,3.48,0.67
-0.02,0.96,-0.23,4.94,2.93,0.61
-0.02,0.96,-0.22,4.64,2.69,0.37
-0.01,0.96,-0.22,4.21,2.93,0.24
-0.01,0.96,-0.22,3.85,3.05,0.67
-0.01,0.96,-0.22,3.91,3.78,0.79
-0.0,0.95,-0.21,4.46,4.21,0.92
0.0,0.95,-0.21,5.13,4.33,1.4
0.0,0.95,-0.21,5.31,4.21,1.71
-0.0,0.95,-0.21,5.07,3.97,1.95
-0.01,0.96,-0.22,4.33,3.78,2.14
-0.01,0.96,-0.22,3.42,3.78,2.26
-0.01,0.96,-0.22,3.48,3.66,2.32
-0.02,0.96,-0.21,3.66,2.81,2.32
-0.02,0.96,-0.21,3.85,2.08,2.2
-0.02,0.96,-0.22,4.15,1.89,2.01
-0.02,0.96,-0.21,3.91,1.83,1.89
-0.02,0.95,-0.21,3.48,1.77,2.08
-0.02,0.95,-0.21,3.48,1.34,2.08
-0.02,0.95,-0.21,3.91,1.04,2.26
-0.02,0.95,-0.21,4.03,0.85,2.5
-0.02,0.95,-0.21,3.78,0.67,2.75
-0.02,0.95,-0.22,3.3,0.92,2.56
-0.02,0.96,-0.22,2.5,1.04,2.81
-0.02,0.96,-0.22,2.14,0.92,2.93
-0.02,0.96,-0.22,2.32,1.16,2.75
-0.02,0.96,-0.22,2.81,0.73,2.56
-0.02,0.96,-0.23,3.11,0.43,2.56
-0.02,0.96,-0.22,3.11,0.61,2.56
-0.02,0.95,-0.22,3.3,0.24,2.56
-0.02,0.95,-0.21,3.36,0.0,2.44
-0.02,0.95,-0.21,3.42,0.06,2.44
-0.03,0.96,-0.22,3.54,0.12,2.44
-0.02,0.96,-0.23,3.05,0.55,2.75
-0.02,0.95,-0.23,2.38,1.46,2.62
-0.02,0.95,-0.22,2.44,1.77,2.5
-0.02,0.95,-0.22,3.3,1.71,2.38
-0.02,0.96,-0.22,3.54,1.65,2.38
-0.02,0.96,-0.22,2.81,1.53,2.56
-0.01,0.95,-0.22,2.56,1.46,2.62
-0.01,0.95,-0.21,2.56,1.59,2.75
-0.01,0.96,-0.21,2.56,1.53,3.05
-0.01,0.96,-0.21,1.65,1.83,3.11
-0.01,0.95,-0.22,1.1,2.32,3.17
-0.0,0.96,-0.22,1.95,3.11,3.11
-0.0,0.95,-0.21,1.95,2.81,3.23
-0.01,0.95,-0.21,1.95,2.26,3.36
-0.01,0.96,-0.22,2.01,2.44,3.54
-0.01,0.96,-0.22,1.89,2.69,3.66
-0.01,0.96,-0.22,1.77,2.81,3.85
-0.01,0.96,-0.22,2.2,2.62,4.03
-0.01,0.96,-0.22,2.32,2.32,4.03
-0.01,0.96,-0.21,2.38,2.01,4.15
-0.01,0.96,-0.22,2.56,2.44,3.91
-0.01,0.96,-0.22,3.05,2.69,3.91
-0.01,0.96,-0.22,3.42,2.69,3.91
-0.01,0.96,-0.22,3.36,2.69,4.09
-0.02,0.95,-0.22,2.99,2.81,4.21
-0.02,0.96,-0.21,2.81,2.69,4.15
-0.02,0.96,-0.21,2.62,2.62,4.27
-0.03,0.96,-0.21,2.08,2.75,4.46
-0.03,0.96,-0.21,2.08,2.62,4.21
-0.03,0.96,-0.21,2.26,2.44,4.09
-0.02,0.96,-0.21,2.32,2.08,4.03
-0.02,0.96,-0.21,2.44,1.83,3.91
-0.02,0.96,-0.21,2.56,1.77,3.91
-0.02,0.96,-0.21,2.5,1.71,3.72
-0.02,0.96,-0.21,2.5,1.65,3.72
-0.02,0.96,-0.22,2.56,1.83,3.66
-0.02,0.96,-0.22,2.81,2.14,3.72
-0.02,0.96,-0.22,2.5,2.32,3.85
-0.02,0.96,-0.22,2.5,2.14,3.66
-0.02,0.96,-0.22,2.56,1.71,3.36
-0.02,0.96,-0.22,2.69,1.46,3.36
-0.02,0.96,-0.21,2.69,1.77,3.36
-0.02,0.96,-0.21,2.38,1.83,3.11
-0.02,0.95,-0.21,2.56,1.71,2.99
-0.02,0.95,-0.21,2.69,1.4,3.17
-0.02,0.95,-0.21,2.75,1.16,3.11
-0.02,0.96,-0.21,2.75,1.34,3.17
-0.01,0.95,-0.21,2.44,1.77,3.42
-0.01,0.95,-0.2,2.08,1.89,3.48
-0.01,0.95,-0.2,2.26,1.89,3.66
-0.01,0.96,-0.2,2.38,1.95,3.78
-0.02,0.96,-0.21,2.01,1.95,3.85
-0.02,0.96,-0.22,1.71,2.08,3.85
-0.02,0.96,-0.22,1.71,2.26,3.85
-0.02,0.97,-0.21,1.89,1.95,3.78
-0.01,0.97,-0.21,1.83,1.65,3.54
-0.01,0.97,-0.21,1.89,1.89,3.36
-0.02,0.97,-0.21,1.95,1.89,3.11
-0.02,0.96,-0.21,2.32,1.89,2.99
-0.02,0.96,-0.21,2.69,1.65,2.81
-0.02,0.96,-0.21,3.17,1.4,2.62
-0.03,0.96,-0.21,3.3,1.34,2.62
-0.03,0.95,-0.21,2.75,1.22,2.75
-0.03,0.95,-0.21,2.56,1.04,2.56
-0.03,0.95,-0.21,2.5,0.85,2.32
-0.03,0.96,-0.21,2.08,1.1,2.5
-0.02,0.95,-0.21,1.65,1.4,2.56
-0.02,0.95,-0.21,1.4,1.53,2.44
-0.02,0.95,-0.21,1.46,1.53,2.38
-0.02,0.96,-0.21,1.83,1.65,2.14
-0.02,0.96,-0.22,1.95,1.77,2.14
-0.02,0.96,-0.21,1.83,1.95,2.01
-0.02,0.96,-0.22,2.26,1.46,1.83
-0.01,0.96,-0.22,2.69,1.65,1.89
-0.01,0.96,-0.22,2.99,1.95,1.83
-0.01,0.96,-0.22,2.93,2.14,1.95
-0.01,0.95,-0.21,2.87,2.01,1.77
-0.01,0.95,-0.21,3.17,1.95,2.01
-0.01,0.96,-0.21,3.66,2.32,2.01
-0.01,0.96,-0.22,3.54,2.69,2.2
-0.01,0.95,-0.21,3.17,2.69,2.32
-0.01,0.95,-0.2,3.48,2.38,2.32
-0.01,0.96,-0.2,3.78,2.2,2.38
-0.01,0.96,-0.2,3.23,2.26,2.44
-0.01,0.96,-0.21,2.99,2.56,2.5
-0.01,0.96,-0.2,2.75,2.5,2.62
-0.01,0.96,-0.2,2.93,1.95,2.5
-0.01,0.96,-0.2,2.99,1.83,2.5
-0.01,0.96,-0.2,3.17,1.83,2.44
-0.01,0.96,-0.2,3.11,2.01,2.32
-0.01,0.96,-0.2,3.11,2.01,2.32
-0.01,0.96,-0.2,3.17,1.95,2.26
-0.01,0.96,-0.2,3.3,2.08,2.08
-0.01,0.96,-0.21,3.11,2.01,2.14
-0.01,0.96,-0.21,2.81,2.2,2.44
-0.01,0.95,-0.2,2.56,2.2,2.38
-0.01,0.95,-0.2,2.56,2.14,2.56
-0.01,0.96,-0.2,2.14,1.95,2.62
-0.01,0.96,-0.2,1.71,2.2,2.81
-0.0,0.96,-0.2,1.46,2.32,3.05
-0.0,0.96,-0.2,1.65,2.2,3.11
-0.0,0.96,-0.2,1.59,2.2,3.23
0.0,0.96,-0.2,1.46,2.08,3.11
0.0,0.96,-0.2,1.28,1.77,3.17
0.0,0.96,-0.2,1.59,1.65,3.11
0.0,0.96,-0.2,1.95,1.46,3.11
0.0,0.95,-0.2,2.01,1.28,3.42
0.0,0.95,-0.19,2.14,1.04,3.78
0.0,0.95,-0.19,2.01,0.61,3.78
0.0,0.95,-0.19,1.65,0.31,4.03
0.0,0.95,-0.19,1.4,0.24,4.33
0.0,0.96,-0.19,1.1,0.43,4.39
0.0,0.96,-0.19,0.85,0.49,4.52
0.0,0.96,-0.19,0.43,-0.06,4.52
0.0,0.96,-0.19,0.12,-0.24,4.58
-0.0,0.96,-0.19,0.37,-0.43,4.58
-0.0,0.96,-0.19,0.55,-0.67,4.58
-0.01,0.96,-0.19,0.61,-0.73,4.7
-0.01,0.96,-0.2,0.31,-0.98,4.94
-0.01,0.96,-0.2,0.18,-0.92,4.94
-0.01,0.95,-0.2,0.12,-0.79,4.94
-0.02,0.96,-0.2,-0.06,-1.1,4.7
-0.02,0.96,-0.2,-0.73,-0.98,4.58
-0.02,0.97,-0.21,-1.34,-0.43,4.39
-0.02,0.96,-0.21,-1.59,-0.06,4.39
-0.01,0.96,-0.21,-1.71,-0.12,4.15
-0.01,0.96,-0.21,-1.04,-0.43,3.85
-0.01,0.96,-0.21,-0.24,-0.73,3.72
-0.01,0.96,-0.21,-0.43,-0.92,3.66
-0.01,0.96,-0.21,-0.98,-0.67,3.66
-0.01,0.95,-0.22,-1.34,-0.24,3.85
-0.01,0.95,-0.21,-1.4,-0.12,3.85
-0.01,0.95,-0.22,-0.85,0.06,4.03
-0.01,0.95,-0.22,-0.24,0.49,4.27
-0.01,0.95,-0.22,-0.18,0.24,4.52
-0.01,0.96,-0.23,-0.24,0.24,4.64
-0.01,0.96,-0.23,-0.55,0.73,4.64
-0.01,0.96,-0.23,-0.61,1.22,4.58
-0.01,0.95,-0.23,-0.06,1.34,4.33
-0.01,0.95,-0.23,0.67,1.46,4.33
-0.01,0.95,-0.22,1.46,1.53,4.27
-0.01,0.95,-0.22,1.95,1.46,4.27
-0.01,0.96,-0.22,1.77,1.77,4.46
-0.01,0.96,-0.21,1.22,1.77,4.58
-0.01,0.96,-0.21,1.28,1.77,4.7
-0.01,0.97,-0.22,1.71,1.83,4.94
-0.02,0.97,-0.22,2.01,1.95,5.0
-0.02,0.96,-0.21,1.71,1.71,4.88
-0.02,0.96,-0.21,1.28,0.85,4.7
-0.02,0.96,-0.21,1.04,0.55,4.7
-0.03,0.96,-0.21,0.92,0.49,4.46
-0.02,0.96,-0.21,1.1,0.73,4.15
-0.02,0.95,-0.21,0.73,0.79,3.85
-0.02,0.95,-0.21,0.85,1.1,3.66
-0.01,0.95,-0.22,1.22,1.46,3.42
-0.01,0.95,-0.22,1.28,1.89,3.36
-0.01,0.95,-0.21,0.98,2.2,3.36
-0.01,0.96,-0.21,0.24,2.32,3.3
-0.01,0.96,-0.21,-0.24,2.81,3.66
-0.02,0.96,-0.22,-0.61,3.17,3.72
-0.02,0.96,-0.22,-0.37,3.23,3.85
-0.02,0.96,-0.23,0.18,2.87,3.72
-0.01,0.96,-0.23,0.43,2.69,3.6
-0.02,0.96,-0.23,0.37,2.62,3.54
-0.02,0.95,-0.23,0.31,2.5,3.23
-0.01,0.96,-0.22,0.37,2.32,2.93
-0.01,0.96,-0.23,0.79,2.26,2.93
-0.01,0.96,-0.23,0.98,2.62,2.99
-0.0,0.95,-0.23,1.22,2.87,2.99
-0.0,0.95,-0.23,1.77,2.93,3.05
-0.0,0.95,-0.23,1.95,2.56,3.17
-0.0,0.96,-0.22,1.65,2.38,3.3
-0.0,0.96,-0.22,1.71,2.26,3.48
-0.0,0.96,-0.22,2.2,2.14,3.66
-0.01,0.96,-0.22,2.5,1.77,3.72
-0.01,0.97,-0.22,2.87,1.4,3.6
-0.01,0.97,-0.22,3.3,1.16,3.3
-0.01,0.97,-0.22,3.78,0.85,3.05
-0.01,0.97,-0.22,4.33,0.67,2.69
-0.01,0.96,-0.23,4.58,0.55,2.32
-0.01,0.96,-0.23,4.64,0.55,2.08
-0.01,0.96,-0.22,4.64,0.49,1.89
-0.01,0.96,-0.22,4.21,0.79,1.77
-0.01,0.95,-0.22,4.21,1.04,2.01
-0.01,0.95,-0.22,4.39,1.59,1.95
-0.01,0.96,-0.22,4.58,2.01,2.08
-0.01,0.96,-0.23,4.82,2.69,2.26
-0.0,0.96,-0.24,4.58,3.78,2.5
-0.0,0.95,-0.25,4.09,4.76,2.93
-0.0,0.95,-0.24,4.64,5.37,3.23
-0.01,0.95,-0.22,5.49,5.31,3.3
-0.01,0.97,-0.23,5.86,5.62,3.3
-0.01,0.97,-0.23,4.94,6.9,3.36
-0.01,0.97,-0.24,4.46,8.18,3.6
-0.01,0.96,-0.23,5.37,8.54,3.78
-0.01,0.96,-0.23,7.51,7.81,4.03
-0.01,0.97,-0.23,9.34,6.84,3.85
-0.02,0.98,-0.22,10.13,5.98,3.78
-0.02,0.98,-0.21,10.25,5.8,3.48
-0.01,0.98,-0.21,10.62,5.8,3.23
-0.01,0.96,-0.2,11.05,6.16,3.36
-0.02,0.96,-0.2,12.57,7.32,3.05
-0.01,0.95,-0.2,13.12,7.81,2.62
-0.02,0.95,-0.21,13.85,5.98,2.56
-0.03,0.96,-0.21,15.01,4.88,1.65
-0.03,0.96,-0.2,14.65,4.09,0.73
-0.03,0.95,-0.18,14.1,3.66,0.37
-0.03,0.94,-0.17,13.79,3.3,0.18
-0.03,0.95,-0.17,13.79,3.54,-0.06
-0.03,0.97,-0.18,12.57,5.13,-0.37
-0.02,0.98,-0.2,10.62,6.77,-0.49
-0.01,0.98,-0.2,10.07,7.2,-0.24
0.0,0.98,-0.19,11.54,6.9,0.24
0.01,1.0,-0.2,12.94,6.65,0.49
0.02,1.01,-0.21,13.0,6.59,0.73
0.03,1.01,-0.22,12.15,7.32,1.04
0.03,0.99,-0.22,12.21,7.69,1.46
0.03,0.98,-0.19,14.47,6.65,2.01
0.03,0.97,-0.16,16.97,5.98,2.5
0.02,0.95,-0.14,18.07,5.55,3.11
0.01,0.93,-0.13,18.86,5.13,3.54
0.01,0.92,-0.13,18.13,5.68,3.72
0.0,0.91,-0.12,16.11,6.1,3.97
0.0,0.92,-0.12,14.22,5.98,3.97
0.0,0.93,-0.12,11.78,6.29,3.42
0.0,0.94,-0.12,8.61,6.84,3.48
0.0,0.95,-0.1,6.53,6.59,3.54
0.01,0.97,-0.11,5.55,6.23,3.6
0.02,0.99,-0.12,5.0,6.59,3.11
0.02,1.01,-0.13,3.97,6.77,2.99
0.02,1.01,-0.13,3.85,7.57,3.3
0.02,1.01,-0.13,5.25,7.45,3.36
0.03,1.01,-0.14,6.84,6.47,3.3
0.02,1.0,-0.14,7.63,5.55,3.11
0.02,0.97,-0.13,7.69,5.13,3.23
0.01,0.95,-0.11,7.14,4.52,3.48
0.01,0.94,-0.11,6.29,3.85,3.48
0.01,0.93,-0.12,4.76,4.7,3.78
0.01,0.93,-0.13,2.62,5.62,3.78
0.0,0.92,-0.12,0.98,5.8,3.91
-0.01,0.91,-0.12,0.0,5.37,3.85
-0.01,0.91,-0.11,-1.1,4.7,3.66
-0.02,0.91,-0.08,-2.2,4.33,3.36
-0.02,0.92,-0.09,-3.78,5.07,3.17
-0.02,0.93,-0.11,-6.23,6.53,2.93
-0.02,0.95,-0.12,-7.02,7.75,3.05
-0.01,0.97,-0.14,-6.29,9.09,2.99
-0.01,0.99,-0.15,-6.04,9.77,3.05
-0.02,1.0,-0.16,-5.98,9.7,3.42
-0.02,1.0,-0.16,-6.1,9.95,4.33
-0.02,0.98,-0.15,-5.25,9.95,5.31
-0.03,0.96,-0.14,-4.64,9.95,6.65
-0.04,0.93,-0.13,-5.49,9.77,7.93
-0.05,0.91,-0.12,-6.41,9.34,8.61
-0.07,0.9,-0.11,-7.14,8.85,8.91
-0.08,0.89,-0.09,-8.3,8.54,8.73
-0.1,0.89,-0.06,-8.67,8.12,8.06
-0.12,0.93,-0.07,-7.75,8.36,6.84
-0.13,0.98,-0.11,-6.9,10.07,5.55
-0.13,1.02,-0.15,-6.29,11.96,4.64
-0.11,1.01,-0.16,-7.32,14.83,4.88
-0.09,0.99,-0.19,-10.68,17.88,5.8
-0.08,0.97,-0.2,-14.1,20.14,6.77
-0.09,0.95,-0.2,-17.7,21.24,7.26
-0.11,0.93,-0.2,-20.2,21.67,7.45
-0.14,0.92,-0.18,-20.08,21.55,6.96
-0.16,0.95,-0.15,-17.76,21.0,6.23
-0.19,0.95,-0.15,-17.94,19.84,4.94
-0.22,0.93,-0.17,-21.91,20.2,3.66
-0.24,0.94,-0.14,-23.56,22.95,2.14
-0.23,0.98,-0.14,-24.05,24.9,-1.1
-0.21,1.01,-0.14,-24.17,25.57,-4.39
-0.2,1.0,-0.13,-21.91,25.76,-6.16
-0.16,0.98,-0.13,-20.75,27.1,-7.02
-0.1,0.99,-0.18,-19.23,24.66,-9.34
-0.09,1.03,-0.19,-14.53,16.91,-15.75
-0.12,1.02,-0.14,-12.57,11.78,-24.72
-0.14,1.0,-0.2,-13.37,13.18,-34.12
-0.13,0.95,-0.19,-12.76,10.13,-41.2
-0.15,0.99,-0.21,-9.46,1.16,-46.81
-0.15,1.05,-0.28,-10.93,2.26,-50.29
-0.1,1.01,-0.28,-20.69,-3.23,-51.27
-0.04,1.02,-0.26,-26.12,-8.42,-48.03
0.03,1.08,-0.31,-30.27,-10.74,-45.35
0.06,1.17,-0.31,-30.58,-13.79,-43.27
0.08,1.12,-0.19,-28.32,-8.61,-39.49
0.07,1.06,-0.19,-20.14,-6.23,-35.77
0.07,1.08,-0.24,-6.96,-7.81,-35.52
0.01,1.09,-0.21,-2.32,-8.36,-35.64
-0.04,1.08,-0.18,-1.53,-6.96,-33.57
-0.01,1.02,-0.21,-1.71,-5.0,-27.53
0.02,1.0,-0.21,0.61,-2.26,-21.79
0.1,0.93,-0.25,2.38,1.53,-17.21
0.15,0.88,-0.29,3.66,0.37,-16.42
0.16,0.87,-0.27,2.32,-0.18,-19.9
0.19,0.85,-0.27,-5.98,1.16,-24.54
0.21,0.86,-0.26,-10.01,0.06,-29.17
0.2,0.93,-0.25,-9.7,-2.56,-33.94
0.19,0.94,-0.2,-11.23,-3.36,-36.99
0.16,0.94,-0.22,-9.46,-5.43,-38.09
0.15,0.93,-0.27,-5.37,-7.08,-38.02
0.19,0.92,-0.31,-3.85,-5.86,-39.31
0.26,0.9,-0.33,-9.83,-3.54,-42.97
0.29,0.9,-0.37,-13.37,-5.0,-47.42
0.28,0.95,-0.41,-10.44,-7.63,-52.06
0.25,0.93,-0.42,-10.68,-8.79,-54.08
0.23,0.86,-0.38,-13.12,-6.41,-52.31
0.23,0.83,-0.41,-16.78,-3.6,-49.07
0.26,0.86,-0.45,-18.98,-2.08,-48.52
0.31,0.87,-0.39,-20.14,-0.73,-50.48
0.35,0.9,-0.34,-20.87,2.01,-52.86
0.35,0.93,-0.31,-18.68,2.44,-55.36
0.35,0.94,-0.32,-14.71,2.5,-57.07
0.34,0.92,-0.32,-11.47,2.56,-57.98
0.33,0.89,-0.29,-13.0,1.53,-57.74
0.33,0.86,-0.29,-15.81,1.28,-56.88
0.34,0.87,-0.31,-13.43,2.08,-56.64
0.36,0.85,-0.31,-13.98,4.27,-56.34
0.4,0.81,-0.29,-17.4,6.04,-55.42
0.42,0.8,-0.32,-20.45,3.54,-54.99
0.44,0.83,-0.35,-23.38,2.99,-55.05
0.47,0.84,-0.33,-26.0,2.75,-55.42
0.49,0.83,-0.31,-28.08,2.69,-55.36
0.51,0.85,-0.35,-25.76,0.55,-55.6
0.52,0.84,-0.33,-24.29,-0.92,-56.52
0.52,0.8,-0.3,-24.29,-2.44,-56.88
0.51,0.78,-0.29,-22.4,-4.15,-56.52
0.48,0.78,-0.33,-19.96,-6.84,-56.21
0.46,0.79,-0.36,-20.57,-8.73,-55.85
0.45,0.78,-0.33,-22.16,-7.39,-55.11
0.46,0.78,-0.39,-21.55,-3.91,-54.63
0.47,0.78,-0.44,-19.35,-4.39,-54.81
0.49,0.76,-0.42,-20.51,-4.46,-55.05
0.52,0.73,-0.36,-23.74,-3.66,-54.63
0.53,0.73,-0.35,-24.35,-5.07,-54.99
0.54,0.74,-0.37,-24.66,-7.02,-56.09
0.53,0.74,-0.36,-25.27,-8.67,-56.21
0.52,0.77,-0.41,-23.07,-10.93,-56.76
0.52,0.76,-0.43,-20.87,-13.37,-57.37
0.53,0.71,-0.42,-20.75,-14.04,-57.74
0.54,0.68,-0.45,-20.69,-13.92,-58.23
0.54,0.67,-0.45,-19.29,-14.47,-58.78
0.53,0.67,-0.48,-17.94,-14.22,-59.14
0.53,0.67,-0.47,-18.07,-14.28,-60.0
0.53,0.64,-0.47,-20.51,-14.65,-59.94
0.52,0.64,-0.47,-20.45,-13.55,-59.27
0.53,0.64,-0.5,-21.0,-11.78,-58.84
0.54,0.63,-0.5,-22.58,-11.17,-58.59
0.55,0.64,-0.45,-24.72,-10.19,-58.47
0.57,0.66,-0.45,-28.38,-11.05,-58.35
0.59,0.66,-0.41,-29.91,-14.95,-57.92
0.61,0.65,-0.36,-30.88,-18.55,-56.88
0.63,0.65,-0.33,-29.91,-20.14,-56.52
0.65,0.64,-0.35,-25.63,-21.18,-56.7
0.67,0.61,-0.38,-22.64,-21.73,-56.88
0.7,0.58,-0.39,-19.23,-22.71,-58.17
0.73,0.57,-0.38,-17.21,-23.62,-59.45
0.76,0.58,-0.42,-18.13,-25.63,-60.79
0.76,0.59,-0.41,-16.6,-29.72,-61.89
0.76,0.6,-0.41,-15.14,-33.33,-63.05
0.74,0.58,-0.39,-14.4,-35.22,-63.6
0.71,0.58,-0.35,-9.09,-35.52,-63.48
0.68,0.56,-0.34,-6.04,-34.06,-64.45
0.67,0.52,-0.36,-3.54,-30.76,-65.12
0.69,0.49,-0.36,-1.83,-28.5,-65.73
0.72,0.47,-0.33,-0.85,-28.38,-65.86
0.75,0.44,-0.35,-3.72,-28.38,-65.31
0.79,0.45,-0.37,-7.32,-28.38,-64.39
0.81,0.46,-0.39,-13.12,-29.42,-64.09
0.82,0.42,-0.37,-19.41,-32.17,-63.66
0.82,0.41,-0.35,-17.64,-35.22,-62.93
0.82,0.41,-0.34,-17.27,-34.91,-62.81
0.83,0.41,-0.35,-19.41,-34.12,-62.99
0.82,0.39,-0.36,-19.47,-33.69,-63.11
0.81,0.37,-0.38,-17.76,-33.2,-62.56
0.8,0.34,-0.39,-15.99,-32.9,-62.44
0.79,0.32,-0.41,-16.66,-31.92,-62.81
0.78,0.31,-0.37,-21.12,-31.37,-63.54
0.76,0.3,-0.35,-27.71,-29.97,-62.87
0.76,0.28,-0.36,-32.53,-29.66,-59.39
0.76,0.29,-0.34,-31.62,-30.76,-55.54
0.78,0.33,-0.37,-30.27,-31.19,-53.96
0.8,0.37,-0.34,-26.73,-32.96,-54.38
0.8,0.38,-0.34,-17.88,-34.36,-56.03
0.78,0.39,-0.3,-11.17,-34.61,-56.7
0.78,0.38,-0.24,-6.41,-31.37,-56.34
0.79,0.37,-0.27,-3.36,-26.37,-54.63
0.83,0.34,-0.31,-3.23,-23.62,-52.49
0.84,0.28,-0.28,-1.1,-24.11,-51.27
0.84,0.29,-0.32,7.75,-23.8,-49.74
0.83,0.27,-0.32,9.89,-22.09,-47.67
0.84,0.27,-0.33,13.37,-21.55,-46.14
0.86,0.25,-0.34,14.47,-21.55,-46.45
0.86,0.22,-0.3,12.15,-21.18,-48.03
0.84,0.23,-0.29,14.16,-18.19,-48.71
0.84,0.24,-0.29,18.68,-15.44,-48.52
0.87,0.21,-0.31,18.19,-13.55,-47.97
0.86,0.2,-0.33,17.64,-12.51,-47.73
0.87,0.22,-0.29,21.55,-12.02,-47.97
0.87,0.24,-0.26,22.22,-10.62,-47.73
0.85,0.24,-0.26,19.71,-8.42,-46.75
0.86,0.23,-0.28,18.49,-4.7,-44.8
0.86,0.21,-0.3,14.28,-3.48,-41.56
0.85,0.23,-0.3,14.16,-3.97,-39.12
0.85,0.24,-0.28,15.5,-1.53,-36.32
0.88,0.24,-0.26,16.91,1.83,-32.1
0.9,0.2,-0.26,16.36,2.93,-27.65
0.9,0.18,-0.26,15.5,1.59,-26.06
0.89,0.13,-0.23,12.76,0.43,-25.76
0.9,0.12,-0.28,12.88,0.43,-24.66
0.9,0.12,-0.31,10.5,0.92,-23.19
0.91,0.13,-0.33,3.6,0.37,-22.03
0.91,0.15,-0.31,-0.37,-1.34,-21.0
0.9,0.18,-0.29,4.15,-1.1,-20.2
0.9,0.19,-0.26,9.03,-0.24,-19.35
0.93,0.14,-0.25,7.51,-1.28,-17.58
0.94,0.1,-0.24,7.45,-2.5,-16.24
0.96,0.08,-0.24,6.71,-2.2,-14.65
0.94,0.1,-0.25,5.19,-1.95,-13.61
0.92,0.1,-0.24,6.16,-1.65,-14.1
0.91,0.09,-0.21,7.14,-1.46,-14.34
0.91,0.06,-0.21,7.57,-1.65,-14.77
0.94,0.01,-0.2,5.43,-2.69,-14.53
0.98,-0.03,-0.22,0.79,-4.82,-14.59
0.99,-0.05,-0.23,-4.21,-7.69,-14.28
0.99,-0.05,-0.24,-7.2,-7.39,-13.0
0.97,-0.02,-0.26,-8.85,-5.37,-10.13
0.96,-0.03,-0.29,-12.39,-4.88,-6.77
0.94,-0.03,-0.3,-13.49,-4.58,-4.58
0.93,-0.03,-0.29,-13.06,-2.99,-3.85
0.93,-0.01,-0.32,-11.54,-1.4,-3.23
0.93,0.01,-0.3,-12.21,-1.83,-3.23
0.92,0.03,-0.28,-10.44,-1.59,-4.03
0.91,0.04,-0.25,-8.79,-0.18,-4.58
0.91,0.07,-0.24,-8.18,0.67,-4.21
0.92,0.09,-0.23,-7.2,0.0,-4.27
0.92,0.09,-0.25,-5.25,-0.79,-5.07
0.93,0.1,-0.27,-2.99,-1.16,-5.25
0.94,0.1,-0.27,-1.83,-1.28,-5.19
0.94,0.08,-0.28,0.18,-1.65,-4.7
0.94,0.06,-0.28,1.65,-2.62,-4.15
0.92,0.05,-0.27,3.66,-2.93,-4.21
0.92,0.06,-0.26,4.88,-2.5,-3.78
0.93,0.07,-0.25,5.07,-1.59,-3.11
0.94,0.05,-0.25,5.49,-0.18,-2.08
0.94,0.04,-0.27,6.35,0.98,-0.37
0.93,0.02,-0.26,6.59,1.16,1.53
0.93,0.02,-0.26,5.86,1.16,2.87
0.93,0.01,-0.26,4.09,1.4,4.09
0.93,0.0,-0.26,1.83,1.53,5.37
0.93,0.01,-0.25,0.31,1.46,6.65
0.94,0.02,-0.23,-1.16,0.73,7.02
0.95,0.02,-0.24,-2.08,0.55,7.26
0.96,0.02,-0.26,-2.99,0.49,7.93
0.96,0.03,-0.25,-3.54,-0.55,7.69
0.95,0.05,-0.25,-3.91,-1.46,6.96
0.94,0.04,-0.26,-4.64,-1.65,6.84
0.95,0.04,-0.25,-3.85,-1.04,6.84
0.94,0.06,-0.23,-2.87,-0.12,6.96
0.94,0.05,-0.23,-1.71,0.92,7.2
0.95,0.04,-0.24,-1.16,1.22,8.36
0.94,0.03,-0.23,-1.89,0.06,8.61
0.93,0.04,-0.22,-3.78,-0.67,7.87
0.94,0.05,-0.24,-5.19,-0.12,8.06
0.94,0.06,-0.26,-6.96,-0.18,8.73
0.93,0.09,-0.26,-8.06,-0.24,8.36
0.92,0.11,-0.27,-6.84,0.06,8.0
0.92,0.11,-0.27,-5.31,-0.18,7.51
0.93,0.11,-0.27,-4.03,-0.18,7.08
0.94,0.12,-0.27,-2.01,-0.06,6.96
0.94,0.12,-0.26,-1.22,0.0,6.9
0.94,0.12,-0.24,-0.79,0.06,7.08
0.93,0.11,-0.25,-0.55,-0.55,6.84
0.94,0.1,-0.24,-0.92,-1.04,6.41
0.93,0.1,-0.22,0.0,-0.49,6.04
0.93,0.11,-0.23,0.98,0.12,5.98
0.93,0.09,-0.23,1.89,0.0,6.1
0.93,0.08,-0.23,2.56,-0.18,6.29
0.93,0.08,-0.23,2.75,0.24,6.23
0.93,0.08,-0.23,1.71,0.0,6.16
0.94,0.08,-0.23,0.61,-0.61,5.98
0.95,0.07,-0.24,1.1,-1.16,5.43
0.95,0.07,-0.24,1.95,-0.98,5.0
0.94,0.08,-0.24,2.01,-0.92,4.88
0.93,0.08,-0.23,2.62,-0.06,4.46
0.93,0.08,-0.24,3.97,0.85,4.39
0.92,0.08,-0.24,3.85,0.79,4.39
0.93,0.1,-0.24,4.52,1.89,3.91
0.94,0.1,-0.23,6.04,1.95,3.91
0.94,0.08,-0.22,6.65,1.59,3.66
0.94,0.06,-0.21,6.59,0.67,3.48
0.95,0.05,-0.2,6.16,-0.12,3.48
0.96,0.06,-0.2,5.8,0.06,3.6
0.95,0.07,-0.21,4.58,-0.24,3.66
0.95,0.05,-0.21,3.17,-0.31,3.85
0.95,0.04,-0.23,2.99,-0.31,3.97
0.95,0.03,-0.24,1.65,-1.04,3.78
0.95,0.03,-0.23,0.79,-0.85,3.23
0.95,0.04,-0.23,1.04,0.18,3.3
0.94,0.04,-0.24,1.46,0.12,3.42
0.94,0.04,-0.23,1.77,0.06,2.87
0.94,0.05,-0.22,1.77,-0.31,2.08
0.94,0.05,-0.21,1.83,-1.04,1.65
0.94,0.05,-0.2,2.01,-0.61,1.65
0.94,0.06,-0.21,1.71,0.18,2.14
0.95,0.06,-0.22,0.85,0.06,2.75
0.94,0.07,-0.22,-0.06,-0.18,2.38
0.94,0.07,-0.22,-0.12,-0.55,2.01
0.94,0.06,-0.22,1.16,-0.31,1.77
0.95,0.04,-0.22,2.38,0.43,1.71
0.95,0.04,-0.23,4.03,0.55,1.46
0.94,0.04,-0.23,4.64,0.61,0.67
0.94,0.03,-0.22,4.76,0.67,0.43
0.95,0.03,-0.22,4.52,0.18,0.12
0.95,0.03,-0.22,3.97,0.0,-0.12
0.94,0.02,-0.21,3.17,0.12,0.0
0.94,0.02,-0.21,2.26,0.24,0.43
0.94,0.03,-0.21,0.79,0.31,1.04
0.94,0.04,-0.24,-1.46,-0.18,1.59
0.95,0.06,-0.24,-2.32,-0.55,1.95
0.94,0.08,-0.23,-1.59,-0.18,2.2
0.94,0.08,-0.23,-1.16,0.0,2.5
0.94,0.07,-0.23,0.49,0.18,3.17
0.94,0.07,-0.23,2.5,0.67,3.42
0.94,0.06,-0.23,4.09,1.71,3.72
0.94,0.05,-0.22,4.58,2.01,4.09
0.94,0.04,-0.23,4.52,1.16,3.78
0.95,0.03,-0.23,3.3,0.61,3.42
0.95,0.02,-0.22,2.56,0.24,3.36
0.94,0.01,-0.21,2.69,0.55,3.54
0.94,0.01,-0.22,1.83,-0.06,3.72
0.95,0.01,-0.23,0.37,-0.12,3.72
0.95,0.02,-0.23,-0.79,-0.12,3.78
0.94,0.04,-0.22,-1.95,-0.31,4.21
0.94,0.06,-0.22,-2.62,0.55,4.58
0.95,0.06,-0.21,-1.83,1.16,5.25
0.95,0.05,-0.22,0.06,1.46,5.55
0.95,0.05,-0.21,1.16,1.59,5.31
0.95,0.04,-0.22,2.14,0.98,4.64
0.95,0.04,-0.22,2.56,0.55,4.03
0.95,0.04,-0.23,2.32,0.31,3.91
0.94,0.04,-0.23,1.34,0.37,3.72
0.94,0.05,-0.23,1.65,0.85,4.39
0.94,0.06,-0.24,1.59,0.79,5.07
0.94,0.06,-0.24,1.77,1.04,5.0
0.94,0.06,-0.23,3.23,0.79,4.88
0.94,0.05,-0.22,4.82,1.04,4.82
0.95,0.04,-0.22,6.47,1.1,4.94
0.95,0.02,-0.22,6.71,0.49,5.19
0.96,0.0,-0.23,6.16,0.37,5.62
0.95,0.01,-0.24,5.07,0.55,5.74
0.95,0.01,-0.24,3.3,0.61,5.92
0.95,0.01,-0.25,2.44,0.73,6.16
0.95,0.01,-0.24,1.95,0.79,6.53
0.95,0.01,-0.23,2.01,1.04,7.02
0.95,0.0,-0.22,2.75,1.16,7.75
0.96,0.0,-0.22,3.17,1.34,8.06
0.96,-0.0,-0.23,2.5,1.46,8.42
0.95,-0.0,-0.23,1.28,1.28,8.85
0.95,0.0,-0.24,0.43,0.92,9.16
0.94,0.01,-0.23,-0.73,0.79,9.34
0.94,0.03,-0.23,-2.14,0.92,9.95
0.93,0.04,-0.24,-2.2,1.04,10.8
0.94,0.04,-0.23,-1.65,1.16,11.96
0.94,0.05,-0.23,-1.04,1.46,13.43
0.95,0.04,-0.24,-0.73,1.46,14.89
0.94,0.04,-0.25,-2.14,1.22,15.93
0.94,0.05,-0.24,-3.11,2.14,16.85
0.93,0.05,-0.24,-3.54,3.72,18.25
0.93,0.06,-0.26,-4.21,3.54,20.26
0.92,0.07,-0.25,-5.31,2.69,21.55
0.91,0.09,-0.24,-4.7,3.3,21.91
0.92,0.11,-0.24,-2.87,4.27,23.07
0.92,0.13,-0.24,-0.61,5.0,24.41
0.92,0.12,-0.24,0.49,5.25,24.84
0.93,0.1,-0.24,1.04,5.43,25.7
0.94,0.08,-0.24,3.05,5.8,26.79
0.94,0.08,-0.24,5.13,6.47,27.47
0.94,0.07,-0.24,6.65,7.63,27.89
0.94,0.05,-0.25,8.0,8.06,28.32
0.94,0.03,-0.24,8.0,7.93,28.38
0.95,0.03,-0.23,9.58,8.0,28.44
0.94,0.03,-0.22,10.13,8.0,27.95
0.93,0.03,-0.22,9.89,9.09,27.95
0.93,0.04,-0.22,9.77,10.74,28.56
0.92,0.08,-0.22,11.29,11.78,29.42
0.91,0.11,-0.22,11.11,12.7,29.79
0.9,0.14,-0.22,12.39,14.71,30.58
0.91,0.18,-0.21,14.59,16.42,32.23
0.93,0.18,-0.21,14.71,16.42,33.14
0.93,0.16,-0.23,12.94,15.81,34.06
0.95,0.16,-0.23,15.2,14.4,35.16
0.99,0.13,-0.23,16.24,13.0,35.28
0.99,0.09,-0.21,10.19,10.44,34.42
0.98,0.05,-0.22,7.02,8.18,33.39
0.97,0.02,-0.23,7.08,7.87,32.65
0.96,0.04,-0.24,8.42,7.93,32.1
0.95,0.08,-0.25,8.24,7.32,31.07
0.91,0.09,-0.25,4.09,7.57,29.91
0.9,0.11,-0.25,1.71,10.86,30.46
0.91,0.1,-0.27,1.83,13.98,33.14
0.89,0.14,-0.25,9.77,14.89,35.83
0.86,0.23,-0.21,18.19,17.21,37.54
0.85,0.28,-0.18,14.59,20.75,39.37
0.86,0.32,-0.18,11.84,22.89,42.66
0.87,0.3,-0.2,11.66,22.89,45.84
0.9,0.29,-0.17,18.98,20.08,48.58
0.93,0.27,-0.21,20.26,18.01,50.35
0.93,0.23,-0.22,7.75,15.56,52.0
0.91,0.19,-0.24,0.0,16.11,51.94
0.93,0.12,-0.25,0.24,18.8,52.12
0.93,0.14,-0.33,2.62,19.04,54.38
0.89,0.22,-0.35,3.54,18.13,53.47
0.87,0.27,-0.34,2.32,19.35,50.23
0.85,0.3,-0.34,2.62,18.86,48.28
0.83,0.3,-0.31,5.13,15.81,48.65
0.82,0.35,-0.23,11.66,15.99,49.32
0.78,0.42,-0.22,17.15,19.78,48.83
0.78,0.41,-0.23,15.14,25.57,50.54
0.82,0.37,-0.28,15.08,27.1,53.83
0.84,0.36,-0.29,19.78,26.73,54.2
0.85,0.33,-0.21,22.22,27.47,51.94
0.88,0.31,-0.23,21.73,27.77,53.1
0.88,0.34,-0.34,17.82,25.27,57.5
0.9,0.36,-0.35,13.73,21.97,58.53
0.89,0.37,-0.32,6.96,19.78,57.07
0.86,0.38,-0.3,3.97,17.64,55.73
0.81,0.39,-0.3,4.88,18.49,54.81
0.78,0.41,-0.24,5.19,22.52,55.3
0.76,0.44,-0.25,6.47,25.94,56.03
0.76,0.45,-0.27,6.65,29.3,56.58
0.76,0.44,-0.3,7.2,30.82,58.17
0.78,0.46,-0.38,7.51,31.98,59.27
0.78,0.49,-0.39,10.01,31.13,57.43
0.77,0.5,-0.31,10.44,25.15,54.08
0.8,0.43,-0.32,5.98,18.98,53.96
0.84,0.4,-0.31,6.04,15.99,57.62
0.85,0.39,-0.27,0.85,17.76,60.06
0.83,0.42,-0.34,-8.06,19.41,60.97
0.76,0.49,-0.3,-8.3,14.47,59.75
0.72,0.54,-0.29,-3.97,12.27,58.29
0.73,0.56,-0.29,-2.2,15.44,58.17
0.73,0.58,-0.31,2.56,15.87,58.04
0.7,0.58,-0.31,6.84,14.28,56.7
0.67,0.59,-0.34,13.79,13.98,55.18
0.66,0.62,-0.4,21.12,12.63,52.98
0.67,0.63,-0.4,20.14,8.91,52.19
0.66,0.57,-0.36,12.21,6.53,53.34
0.66,0.5,-0.35,7.39,5.98,56.46
0.65,0.51,-0.31,11.23,6.47,58.72
0.64,0.55,-0.38,7.87,12.08,59.57
0.66,0.57,-0.43,-0.37,14.89,60.67
0.66,0.59,-0.41,-0.31,10.25,60.91
0.63,0.63,-0.32,5.37,6.53,59.88
0.62,0.66,-0.35,6.35,7.81,58.53
0.62,0.68,-0.39,5.62,9.46,58.65
0.61,0.64,-0.38,6.53,9.58,58.11
0.61,0.6,-0.38,13.79,8.54,57.8
0.6,0.63,-0.37,22.64,8.97,57.01
0.6,0.63,-0.45,20.26,10.01,55.79
0.63,0.57,-0.41,11.66,10.25,55.85
0.65,0.56,-0.39,12.21,8.36,58.47
0.65,0.61,-0.37,15.63,7.02,59.75
0.64,0.63,-0.41,14.1,8.42,59.51
0.62,0.66,-0.43,14.4,7.63,58.9
0.61,0.67,-0.35,17.82,6.1,58.11
0.6,0.65,-0.31,18.55,5.74,58.47
0.6,0.64,-0.32,19.29,6.77,59.57
0.59,0.67,-0.31,25.02,7.26,60.67
0.61,0.68,-0.31,23.44,6.84,59.94
0.6,0.71,-0.32,18.13,4.58,60.0
0.59,0.73,-0.32,15.26,4.82,60.36
0.6,0.71,-0.36,9.64,7.26,60.97
0.59,0.71,-0.37,9.34,6.9,59.69
0.59,0.73,-0.38,10.8,5.37,57.86
0.59,0.7,-0.35,7.39,4.03,57.8
0.57,0.68,-0.31,7.69,4.58,58.96
0.55,0.72,-0.36,13.18,6.47,58.84
0.54,0.74,-0.39,14.16,7.75,57.5
0.52,0.76,-0.41,14.77,7.63,55.6
0.5,0.75,-0.38,16.97,6.84,53.77
0.5,0.72,-0.37,17.7,6.84,53.28
0.48,0.74,-0.37,20.63,7.32,53.59
0.47,0.74,-0.33,20.2,9.22,53.89
0.46,0.76,-0.35,16.91,11.41,54.99
0.44,0.79,-0.36,16.66,11.78,55.24
0.42,0.81,-0.33,16.11,11.9,55.05
0.42,0.81,-0.32,13.73,12.57,55.05
0.41,0.84,-0.3,16.42,11.66,54.08
0.42,0.82,-0.31,15.63,11.05,53.1
0.42,0.78,-0.27,13.98,11.11,53.83
0.42,0.77,-0.27,15.69,10.93,54.75
0.42,0.79,-0.26,15.56,11.23,55.48
0.41,0.82,-0.28,15.5,10.62,55.97
0.39,0.81,-0.28,14.65,9.64,56.34
0.37,0.79,-0.25,14.95,9.58,57.19
0.36,0.79,-0.27,15.01,10.13,58.41
0.36,0.83,-0.33,15.56,11.17,59.2
0.36,0.86,-0.32,14.83,11.05,59.2
0.36,0.86,-0.29,11.41,11.17,59.33
0.36,0.87,-0.29,11.23,12.08,59.27
0.34,0.89,-0.31,15.01,11.35,58.04
0.34,0.87,-0.28,16.6,10.99,57.01
0.32,0.85,-0.25,16.72,10.62,57.25
0.3,0.84,-0.23,16.6,11.05,58.23
0.28,0.84,-0.22,16.72,10.62,58.65
0.25,0.88,-0.24,18.25,9.46,58.29
0.21,0.9,-0.24,18.25,8.73,57.62
0.19,0.9,-0.24,17.33,8.67,58.23
0.17,0.92,-0.26,19.84,9.34,58.72
0.18,0.91,-0.26,21.85,10.31,58.78
0.18,0.89,-0.26,24.11,11.66,59.69
0.19,0.89,-0.27,26.31,11.66,60.91
0.21,0.89,-0.26,25.51,11.05,62.19
0.21,0.87,-0.22,22.95,10.99,64.03
0.2,0.87,-0.23,22.52,10.86,65.8
0.2,0.92,-0.26,23.07,9.09,67.02
0.19,0.93,-0.22,19.84,8.18,67.99
0.18,0.92,-0.21,16.6,6.53,69.64
0.16,0.95,-0.24,16.72,4.76,70.25
0.16,0.97,-0.23,17.27,4.03,69.95
0.18,0.97,-0.19,15.2,4.76,70.31
0.21,1.07,-0.18,19.96,4.39,68.73
0.28,1.17,-0.18,26.98,3.91,64.45
0.3,1.16,-0.25,34.42,5.07,60.61
0.29,1.01,-0.33,40.95,2.81,57.8
0.26,0.9,-0.28,34.18,0.61,57.01
0.21,0.97,-0.28,23.8,-0.18,55.85
0.17,1.02,-0.22,11.6,-0.06,53.53
0.13,1.1,-0.2,8.85,-1.16,51.33
0.12,1.14,-0.2,7.93,-2.38,49.8
0.11,1.1,-0.18,5.55,-3.78,49.44
0.08,1.05,-0.17,4.03,-5.25,48.22
0.03,1.04,-0.18,3.48,-6.59,45.23
-0.01,1.04,-0.18,2.99,-8.0,40.77
-0.05,1.02,-0.18,2.38,-8.48,36.5
-0.08,1.0,-0.21,2.93,-8.91,32.17
-0.08,1.0,-0.23,2.01,-8.61,28.2
-0.03,1.0,-0.25,-0.06,-7.08,24.96
0.01,1.0,-0.25,-1.04,-5.92,22.34
0.05,0.99,-0.25,-0.06,-4.52,20.57
0.08,0.96,-0.26,1.59,-2.44,18.92
0.08,0.93,-0.3,2.69,-0.85,18.19
0.07,0.89,-0.31,1.71,1.16,18.31
0.05,0.88,-0.29,-1.04,4.03,19.71
0.04,0.9,-0.27,-1.95,5.43,21.24
0.02,0.92,-0.26,-2.75,6.1,21.85
0.0,0.93,-0.22,-3.6,5.68,21.91
-0.01,0.94,-0.16,-1.95,4.21,21.36
-0.03,0.96,-0.14,1.53,2.62,20.02
-0.04,0.99,-0.15,2.69,2.32,18.49
-0.04,1.0,-0.16,1.83,2.75,16.91
-0.03,1.0,-0.17,1.71,3.6,15.44
-0.03,0.99,-0.18,2.69,3.6,14.16
-0.02,0.97,-0.16,4.52,2.81,13.61
-0.03,0.96,-0.13,6.23,2.14,13.49
-0.03,0.95,-0.11,7.45,3.11,13.67
-0.06,0.97,-0.13,10.56,3.78,13.67
-0.08,1.0,-0.19,13.55,3.6,13.0
-0.08,1.0,-0.21,13.85,2.87,12.21
-0.08,0.98,-0.19,13.67,1.53,11.11
-0.07,0.97,-0.19,14.4,0.67,10.38
-0.06,0.97,-0.21,14.59,0.79,10.31
-0.05,0.96,-0.22,15.44,1.46,9.95
-0.04,0.95,-0.2,17.58,0.98,9.46
-0.04,0.93,-0.17,17.09,0.0,9.28
-0.06,0.92,-0.17,14.47,-0.55,9.64
-0.08,0.93,-0.19,11.84,-0.61,10.01
-0.11,0.96,-0.2,10.07,-0.98,9.77
-0.14,0.99,-0.17,8.42,-2.5,8.79
-0.15,1.01,-0.17,6.77,-3.72,7.02
-0.14,1.03,-0.21,5.25,-1.83,5.62
-0.13,1.03,-0.27,4.58,-0.24,5.0
-0.11,1.01,-0.26,5.68,-1.4,4.33
-0.09,0.97,-0.22,8.12,-3.72,3.17
-0.09,0.95,-0.19,10.31,-5.55,2.08
-0.1,0.94,-0.18,10.99,-6.1,1.65
-0.11,0.93,-0.18,10.68,-4.88,1.95
-0.11,0.92,-0.16,9.64,-3.48,2.2
-0.11,0.92,-0.14,9.64,-2.93,2.44
-0.11,0.95,-0.16,8.73,-1.53,2.26
-0.1,0.99,-0.19,7.93,-0.06,1.65
-0.09,1.02,-0.21,6.77,1.22,0.98
-0.08,1.02,-0.21,4.7,1.71,0.12
-0.08,1.0,-0.19,4.21,1.34,-0.98
-0.07,0.97,-0.18,6.04,1.59,-2.08
-0.05,0.96,-0.19,9.09,1.95,-2.5
-0.03,0.95,-0.2,11.23,2.93,-2.56
-0.01,0.94,-0.19,10.31,4.94,-2.01
-0.0,0.92,-0.17,8.36,5.74,-0.92
-0.0,0.92,-0.15,7.2,5.55,-0.37
-0.01,0.95,-0.15,7.14,5.0,-0.24
-0.02,0.97,-0.14,6.1,4.58,0.18
-0.02,0.97,-0.13,3.72,3.97,0.73
-0.03,0.97,-0.13,2.44,2.62,1.04
-0.02,0.98,-0.13,2.5,0.98,0.79
-0.01,0.98,-0.12,1.71,0.06,0.85
0.0,0.97,-0.12,0.43,-0.31,0.73
0.02,0.96,-0.12,0.0,-0.37,0.79
0.02,0.96,-0.13,1.1,-0.06,0.49
0.03,0.97,-0.14,3.6,1.22,0.24
0.03,0.98,-0.15,5.55,1.28,-0.12
0.04,0.98,-0.16,5.92,0.61,-0.24
0.04,0.99,-0.16,5.92,0.18,-0.73
0.03,0.98,-0.16,6.53,0.18,-0.79
0.02,0.98,-0.16,6.71,-0.43,-0.49
0.01,0.98,-0.16,6.84,-1.34,-0.31
0.01,0.96,-0.14,6.29,-1.77,0.0
0.01,0.95,-0.13,5.19,-2.38,0.61
0.0,0.95,-0.12,4.21,-3.54,1.53
-0.0,0.95,-0.11,3.3,-3.85,2.01
-0.01,0.96,-0.12,2.38,-3.42,2.26
-0.0,0.97,-0.13,1.77,-2.75,2.87
0.01,0.98,-0.14,0.85,-2.38,2.99
0.01,0.98,-0.15,-0.18,-2.32,3.11
0.02,0.99,-0.15,-0.85,-2.38,2.99
0.02,0.99,-0.15,0.73,-2.62,2.87
0.02,0.99,-0.16,2.87,-2.38,2.56
0.02,0.98,-0.17,3.85,-1.71,2.38
0.02,0.96,-0.17,4.39,-1.34,2.44
0.01,0.95,-0.16,4.76,-1.71,2.81
0.01,0.95,-0.15,4.21,-2.08,2.99
0.0,0.94,-0.14,3.11,-2.26,3.6
-0.01,0.95,-0.14,2.26,-2.5,3.97
-0.02,0.97,-0.15,1.89,-2.44,4.33
-0.02,0.98,-0.14,0.24,-2.2,4.52
-0.01,0.98,-0.13,-1.89,-1.95,4.58
-0.01,0.98,-0.13,-1.89,-2.08,4.46
0.0,0.98,-0.14,-0.06,-2.01,4.15
0.0,0.97,-0.15,1.16,-1.46,4.21
0.0,0.96,-0.14,1.34,-0.92,4.33
0.0,0.96,-0.14,1.46,-0.61,4.7
-0.01,0.96,-0.15,1.4,0.0,4.88
-0.01,0.96,-0.16,1.59,0.12,4.88
-0.02,0.96,-0.16,2.08,0.31,4.76
-0.02,0.96,-0.15,2.2,0.55,4.94
-0.02,0.97,-0.16,2.08,0.49,4.64
-0.02,0.97,-0.16,1.28,0.61,4.39
-0.02,0.97,-0.16,-0.37,0.67,4.33
-0.02,0.97,-0.15,-1.65,0.67,4.46
-0.01,0.97,-0.15,-2.14,0.61,4.7
-0.01,0.97,-0.15,-1.89,0.49,4.58
-0.01,0.97,-0.14,-1.46,0.49,4.58
-0.01,0.97,-0.14,-1.16,0.79,4.46
-0.01,0.97,-0.14,-0.61,0.92,4.46
-0.01,0.97,-0.15,0.31,0.79,4.27
-0.01,0.97,-0.16,1.16,0.79,3.91
-0.01,0.97,-0.15,2.14,0.43,3.66
-0.01,0.97,-0.15,2.32,0.06,3.48
-0.01,0.97,-0.15,1.53,-0.31,3.23
-0.01,0.96,-0.15,1.04,-0.92,3.36
-0.01,0.96,-0.15,0.98,-0.79,3.36
-0.01,0.95,-0.15,1.1,-0.55,3.48
-0.01,0.95,-0.14,1.46,-0.67,3.66
-0.01,0.96,-0.15,1.34,-0.73,3.78
-0.01,0.96,-0.16,0.67,-0.18,3.91
-0.01,0.96,-0.15,0.06,-0.06,4.03
-0.0,0.96,-0.15,0.18,-0.18,4.15
-0.0,0.97,-0.16,0.49,0.12,4.39
-0.0,0.97,-0.18,0.49,0.92,4.46
0.0,0.97,-0.17,0.37,0.73,4.27
-0.0,0.97,-0.17,0.24,0.73,4.15
-0.01,0.97,-0.16,0.73,0.37,4.15
-0.01,0.97,-0.16,1.59,-0.37,3.91
-0.01,0.97,-0.16,1.95,-0.43,3.78
-0.01,0.97,-0.16,1.89,-0.12,3.72
-0.02,0.97,-0.16,2.08,-0.06,3.72
-0.01,0.97,-0.16,2.5,0.06,3.54
-0.01,0.96,-0.16,1.95,0.31,3.54
-0.01,0.97,-0.16,1.34,0.43,3.48
-0.01,0.97,-0.16,1.77,1.34,3.54
-0.01,0.97,-0.15,2.99,1.89,3.48
-0.0,0.96,-0.15,3.36,2.26,3.36
-0.01,0.96,-0.16,3.23,1.95,3.17
-0.01,0.97,-0.16,2.99,2.01,2.99
-0.01,0.97,-0.16,2.75,2.14,3.05
-0.01,0.97,-0.16,2.56,1.95,3.48
-0.01,0.97,-0.16,2.56,1.53,3.6
-0.01,0.97,-0.16,2.75,1.34,3.54
-0.01,0.97,-0.15,2.62,1.16,3.36
-0.01,0.96,-0.14,2.01,0.92,3.23
-0.01,0.96,-0.14,2.08,0.79,3.36
-0.01,0.96,-0.14,2.69,0.92,3.36
-0.01,0.96,-0.14,2.56,1.16,3.42
-0.01,0.96,-0.14,1.77,1.71,3.78
-0.01,0.96,-0.14,0.98,1.83,4.09
-0.0,0.97,-0.15,0.92,1.83,4.27
0.0,0.98,-0.16,0.92,2.08,4.15
0.0,0.98,-0.16,0.49,2.32,4.09
0.0,0.97,-0.15,0.67,2.08,4.21
0.0,0.96,-0.15,1.71,1.28,3.97
0.0,0.96,-0.14,2.26,1.04,3.78
-0.0,0.96,-0.15,2.81,0.92,3.66
-0.01,0.96,-0.15,2.87,1.16,3.78
-0.01,0.96,-0.15,3.05,1.22,4.03
-0.01,0.97,-0.16,2.69,1.16,4.15
-0.0,0.96,-0.15,1.89,1.16,4.27
-0.0,0.96,-0.15,1.28,1.1,4.58
-0.0,0.97,-0.15,0.79,0.98,4.58
-0.01,0.97,-0.15,0.12,1.1,4.7
-0.0,0.97,-0.16,0.55,1.1,5.0
-0.0,0.97,-0.15,1.28,0.55,5.19
-0.0,0.97,-0.15,1.34,0.73,5.13
0.0,0.97,-0.14,0.98,1.16,4.94
-0.0,0.97,-0.14,0.43,0.92,5.0
-0.01,0.98,-0.15,0.43,1.04,4.88
-0.01,0.97,-0.15,0.24,1.46,4.94
-0.01,0.97,-0.15,0.61,1.16,4.82
-0.0,0.97,-0.15,1.04,0.79,4.76
-0.01,0.97,-0.15,1.04,0.61,4.76
-0.01,0.97,-0.15,1.22,0.49,4.7
-0.01,0.97,-0.15,0.85,0.55,4.7
-0.01,0.97,-0.15,0.18,0.79,4.64
-0.01,0.97,-0.16,0.18,1.1,4.76
-0.01,0.97,-0.15,-0.31,1.28,4.88
-0.0,0.97,-0.15,-0.79,1.16,4.94
-0.01,0.97,-0.15,-0.18,1.04,5.0
-0.01,0.97,-0.16,0.55,0.98,4.94
-0.01,0.97,-0.16,0.61,1.16,4.88
-0.01,0.96,-0.16,0.31,1.1,4.76
-0.01,0.95,-0.15,-0.31,0.85,5.07
-0.01,0.95,-0.14,-0.37,0.79,5.13
-0.02,0.96,-0.15,0.18,0.73,5.07
-0.02,0.97,-0.16,-0.12,0.61,5.07
-0.02,0.97,-0.15,-0.85,0.61,5.19
-0.02,0.96,-0.15,-1.71,0.79,5.31
-0.02,0.96,-0.15,-2.14,0.37,5.37
-0.02,0.97,-0.16,-1.59,0.24,5.31
-0.02,0.98,-0.17,-1.71,0.85,5.0
-0.01,0.97,-0.17,-1.34,1.34,5.0
-0.01,0.97,-0.17,-0.73,1.04,4.82
-0.01,0.97,-0.17,-0.55,0.85,4.58
-0.01,0.97,-0.17,-0.73,0.98,4.52
-0.01,0.97,-0.17,-0.73,1.22,4.52
-0.01,0.97,-0.17,-0.67,1.4,4.52
-0.01,0.97,-0.17,-0.24,1.1,4.46
-0.02,0.96,-0.17,-0.24,0.85,4.46
-0.02,0.96,-0.17,-0.61,0.43,4.46
-0.02,0.96,-0.16,-1.1,0.18,4.58
-0.02,0.97,-0.17,-0.61,0.0,4.64
-0.02,0.97,-0.17,-0.24,-0.06,4.52
-0.02,0.96,-0.18,0.49,0.37,4.52
-0.02,0.96,-0.18,1.22,0.55,4.64
-0.02,0.96,-0.18,0.79,0.67,4.7
-0.02,0.97,-0.18,0.12,0.73,4.46
-0.02,0.97,-0.18,0.06,0.24,4.03
-0.02,0.98,-0.18,0.49,0.18,3.66
-0.02,0.98,-0.18,1.1,0.55,3.3
-0.02,0.98,-0.18,1.4,0.79,3.11
-0.02,0.97,-0.19,2.32,1.16,2.93
-0.01,0.96,-0.18,2.87,1.4,2.87
-0.01,0.95,-0.17,2.87,1.16,2.75
-0.01,0.95,-0.17,2.81,1.28,2.87
-0.01,0.96,-0.18,2.14,1.71,3.05
-0.01,0.96,-0.18,1.83,1.71,3.42
-0.02,0.97,-0.18,1.46,1.46,3.85
-0.01,0.97,-0.17,1.16,1.4,3.91
-0.02,0.97,-0.16,0.92,1.16,3.72
-0.02,0.97,-0.16,1.4,0.55,3.48
-0.02,0.97,-0.16,2.32,0.24,3.11
-0.01,0.97,-0.17,2.93,0.43,2.87
-0.01,0.97,-0.16,2.69,0.37,2.62
-0.01,0.97,-0.16,3.05,0.24,2.44
-0.01,0.97,-0.17,3.42,0.55,2.2
-0.01,0.96,-0.17,3.36,0.43,2.2
-0.01,0.96,-0.17,3.42,0.37,2.08
-0.01,0.96,-0.16,3.23,0.06,2.32
-0.01,0.96,-0.16,2.62,-0.12,2.44
-0.01,0.96,-0.16,2.62,0.06,2.69
-0.01,0.96,-0.16,2.2,0.24,2.93
-0.01,0.96,-0.16,1.95,0.31,3.23
-0.01,0.96,-0.16,1.65,0.55,3.48
-0.01,0.96,-0.15,1.4,0.85,3.72
-0.01,0.97,-0.16,1.46,1.04,3.85
-0.01,0.97,-0.16,0.73,1.22,3.85
-0.01,0.97,-0.16,-0.06,1.22,3.78
-0.01,0.97,-0.15,0.0,1.22,3.91
-0.0,0.97,-0.15,0.55,1.04,3.91
-0.01,0.97,-0.15,1.1,0.92,3.91
-0.0,0.97,-0.16,1.16,0.92,3.66
-0.0,0.96,-0.17,0.49,1.16,3.6
-0.0,0.96,-0.16,-0.06,0.92,3.72
0.0,0.95,-0.16,-0.18,0.67,4.15
-0.0,0.96,-0.16,-0.24,0.55,4.46
-0.0,0.96,-0.15,-0.49,0.24,4.33
-0.0,0.96,-0.16,-1.28,0.24,4.46
-0.01,0.97,-0.16,-2.08,0.12,4.52
-0.01,0.97,-0.16,-2.08,0.0,4.64
