0.92,-0.42,0.13,-8.12,-7.69,-6.77
0.90,-0.38,0.14,-11.23,-4.39,-9.09
0.88,-0.34,0.14,-10.56,-2.56,-10.68
0.87,-0.31,0.16,-6.47,-1.28,-10.80
0.86,-0.28,0.15,-2.44,1.34,-10.01
0.86,-0.28,0.17,0.12,2.81,-8.54
0.83,-0.33,0.17,2.26,4.39,-6.35
0.81,-0.37,0.19,1.83,5.49,-3.54
0.83,-0.38,0.24,1.16,4.64,0.06
0.84,-0.42,0.28,5.86,1.34,4.03
0.83,-0.47,0.33,14.71,-2.08,7.81
0.87,-0.48,0.35,19.41,-2.38,10.25
0.92,-0.49,0.33,20.94,-1.28,10.68
0.94,-0.51,0.30,22.77,-0.61,9.77
0.95,-0.53,0.35,20.94,-2.26,7.69
0.96,-0.55,0.34,16.17,-3.23,4.94
0.97,-0.56,0.32,10.68,-4.33,1.40
1.01,-0.53,0.33,1.46,-3.72,-3.11
1.03,-0.54,0.33,-4.33,0.79,-8.42
1.02,-0.59,0.25,-5.37,6.04,-13.67
0.99,-0.62,0.24,-7.20,9.22,-18.92
0.96,-0.64,0.22,-8.06,14.53,-24.23
0.94,-0.64,0.20,-7.14,21.24,-28.69
0.93,-0.67,0.15,-5.13,27.83,-32.90
0.91,-0.65,0.13,-5.13,32.17,-37.48
0.87,-0.63,0.11,-3.05,34.12,-41.38
0.85,-0.62,0.08,-1.77,33.87,-44.25
0.83,-0.62,0.06,-2.20,32.53,-47.55
0.78,-0.61,0.08,-3.97,30.15,-51.03
0.75,-0.59,0.14,-6.41,28.08,-52.80
0.75,-0.54,0.11,-6.90,28.08,-54.02
0.77,-0.50,0.07,-5.43,26.61,-55.48
0.76,-0.50,0.02,-0.79,23.80,-55.97
0.75,-0.50,0.01,2.75,18.55,-54.57
0.78,-0.43,0.02,2.14,11.29,-52.92
0.79,-0.40,0.02,1.77,3.05,-51.94
0.78,-0.40,0.01,2.38,-1.77,-51.33
0.78,-0.41,0.03,2.01,-1.59,-51.21
0.78,-0.41,0.07,1.95,1.22,-51.94
0.77,-0.42,0.12,3.36,2.69,-51.27
0.74,-0.45,0.16,7.08,4.33,-49.32
0.73,-0.48,0.17,8.67,7.39,-48.22
0.71,-0.49,0.18,9.89,9.77,-48.16
0.71,-0.43,0.19,8.54,12.63,-49.87
0.73,-0.42,0.20,6.10,10.93,-47.24
0.76,-0.39,0.20,8.61,8.24,-49.80
0.79,-0.36,0.17,9.64,10.86,-54.81
0.86,-0.38,0.16,9.70,14.53,-58.84
0.89,-0.40,0.14,11.17,23.13,-61.46
0.91,-0.42,0.10,10.19,32.35,-62.13
0.96,-0.38,0.07,1.10,36.56,-61.22
1.03,-0.31,0.09,-10.38,32.47,-58.41
1.07,-0.27,0.17,-16.11,25.51,-53.04
1.09,-0.26,0.26,-15.69,21.55,-45.23
1.09,-0.27,0.32,-15.38,20.32,-36.01
1.09,-0.28,0.39,-17.03,20.02,-25.57
1.03,-0.29,0.45,-15.99,19.78,-15.38
0.92,-0.37,0.47,-12.21,21.06,-5.80
0.83,-0.49,0.46,-11.29,24.11,2.26
0.72,-0.61,0.41,-6.96,31.19,7.20
0.63,-0.71,0.32,-1.28,36.32,9.03
0.58,-0.79,0.24,2.93,37.35,10.13
0.59,-0.81,0.18,8.48,34.61,9.52
0.61,-0.79,0.16,15.14,26.67,7.39
0.63,-0.77,0.12,24.23,17.58,4.39
0.65,-0.74,0.11,29.79,8.97,1.65
0.69,-0.71,0.10,30.82,0.92,0.18
0.74,-0.67,0.11,30.70,-6.16,-0.43
0.75,-0.61,0.10,31.56,-9.34,-0.06
0.78,-0.57,0.09,25.15,-12.08,3.54
0.83,-0.54,0.12,14.53,-16.30,6.84
0.85,-0.53,0.16,7.69,-17.52,7.69
0.84,-0.54,0.16,5.68,-13.85,6.47
0.81,-0.56,0.16,3.48,-8.30,5.13
0.78,-0.58,0.17,-0.43,-2.87,4.21
0.75,-0.62,0.16,-2.56,3.36,2.62
0.73,-0.64,0.16,-2.87,8.79,0.37
0.70,-0.67,0.15,-1.10,12.70,-1.59
0.69,-0.71,0.13,0.67,15.69,-2.75
0.69,-0.72,0.12,0.92,17.52,-3.11
0.70,-0.73,0.10,2.08,17.15,-2.56
0.71,-0.73,0.09,3.78,14.16,-0.49
0.71,-0.73,0.11,5.31,9.09,3.05
0.72,-0.70,0.15,6.71,3.11,7.32
0.74,-0.68,0.19,8.73,-3.66,12.27
0.77,-0.65,0.21,11.05,-9.28,17.03
0.80,-0.57,0.22,13.24,-12.51,20.81
0.80,-0.53,0.23,19.65,-16.05,24.78
0.83,-0.48,0.23,22.89,-19.90,28.44
0.88,-0.46,0.23,22.71,-24.23,30.82
0.91,-0.44,0.25,21.42,-26.43,32.29
0.90,-0.42,0.25,21.67,-24.41,32.23
0.92,-0.42,0.24,23.13,-21.12,32.35
0.92,-0.42,0.25,21.97,-18.43,33.39
0.90,-0.41,0.21,21.67,-17.58,34.24
0.87,-0.40,0.18,23.07,-18.25,36.07
0.86,-0.39,0.16,24.90,-19.71,37.90
0.86,-0.38,0.16,26.73,-20.32,38.94
0.87,-0.37,0.15,27.83,-21.06,39.31
0.84,-0.37,0.16,28.81,-21.79,39.49
0.82,-0.39,0.16,27.28,-21.30,39.61
0.81,-0.40,0.14,25.63,-18.68,39.98
0.82,-0.40,0.11,22.22,-16.60,40.83
0.83,-0.40,0.07,19.71,-15.69,42.36
0.86,-0.38,0.08,16.85,-16.17,45.41
0.90,-0.36,0.12,15.50,-15.93,49.50
0.90,-0.39,0.11,19.47,-14.10,54.44
0.86,-0.41,0.09,22.95,-10.01,58.59
0.83,-0.41,0.06,22.16,-5.31,60.61
0.82,-0.39,0.04,21.91,-1.95,60.85
0.80,-0.37,0.02,23.19,1.46,59.63
0.79,-0.36,-0.02,24.84,4.21,56.82
0.78,-0.35,-0.05,25.15,3.72,53.96
0.79,-0.32,0.02,23.38,0.37,52.19
0.84,-0.30,0.06,21.12,0.18,51.45
0.89,-0.27,0.08,17.88,-0.43,50.54
0.92,-0.29,0.10,14.59,-3.48,50.48
0.88,-0.39,0.02,9.95,-3.17,50.90
0.82,-0.47,-0.03,2.08,-2.87,49.99
0.77,-0.53,0.04,-0.12,-5.98,48.95
0.75,-0.55,0.17,2.56,-10.56,48.03
0.75,-0.57,0.27,3.23,-12.02,45.59
0.82,-0.56,0.28,2.01,-10.50,43.15
0.92,-0.49,0.27,0.85,-12.39,40.71
0.97,-0.42,0.24,2.62,-17.40,37.84
0.94,-0.45,0.14,6.65,-17.76,34.36
0.88,-0.58,0.10,7.39,-16.42,31.13
0.85,-0.68,0.24,4.27,-13.73,29.42
0.84,-0.72,0.35,0.55,-8.36,25.45
0.88,-0.66,0.40,-5.37,-4.58,18.86
0.92,-0.60,0.36,-7.45,-5.37,12.70
0.97,-0.58,0.35,-4.88,-11.84,10.62
0.99,-0.59,0.33,-0.67,-15.14,11.05
0.96,-0.64,0.25,8.42,-11.05,11.60
0.94,-0.65,0.28,10.50,-9.70,11.11
0.96,-0.61,0.29,1.83,-9.58,7.63
0.97,-0.56,0.27,-5.86,-8.91,2.99
1.00,-0.50,0.27,-10.86,-8.18,-0.61
1.02,-0.46,0.23,-13.61,-6.41,-3.78
1.01,-0.44,0.20,-15.56,-4.39,-6.84
0.98,-0.42,0.19,-19.10,-1.16,-10.38
0.94,-0.40,0.20,-21.73,3.23,-12.94
0.90,-0.38,0.20,-21.24,6.47,-14.16
0.89,-0.36,0.20,-19.90,8.18,-13.98
0.87,-0.34,0.19,-16.97,9.52,-12.88
0.85,-0.34,0.16,-12.51,10.31,-10.86
0.85,-0.34,0.14,-7.93,9.95,-8.30
0.86,-0.32,0.15,-4.88,7.57,-5.68
0.86,-0.32,0.14,-0.24,5.92,-3.36
0.87,-0.31,0.14,3.36,4.46,-1.22
0.88,-0.29,0.16,5.80,3.54,0.18
0.90,-0.27,0.19,7.14,3.30,0.61
0.91,-0.26,0.20,7.81,3.36,0.37
0.89,-0.28,0.20,9.89,3.66,0.12
0.87,-0.30,0.21,10.44,5.55,0.43
0.87,-0.31,0.25,9.09,7.57,0.37
0.87,-0.34,0.25,10.13,8.85,0.31
0.87,-0.37,0.25,12.15,9.58,0.92
0.86,-0.39,0.26,12.39,10.13,1.65
0.85,-0.41,0.31,10.50,8.97,2.87
0.87,-0.43,0.31,9.34,6.59,3.91
0.90,-0.43,0.30,7.45,3.30,3.85
0.93,-0.42,0.28,6.23,-0.24,3.17
0.95,-0.44,0.23,6.23,-2.69,2.38
0.94,-0.48,0.21,5.49,-2.87,0.98
0.93,-0.50,0.23,4.39,-2.26,-0.92
0.92,-0.50,0.24,2.56,-0.85,-2.93
0.92,-0.53,0.24,0.67,0.18,-4.33
0.94,-0.56,0.24,-1.28,1.89,-5.31
0.97,-0.54,0.24,-4.94,3.85,-6.47
0.95,-0.53,0.27,-7.26,5.31,-8.30
0.93,-0.56,0.27,-8.42,7.69,-10.07
0.93,-0.57,0.24,-13.49,10.80,-12.08
0.95,-0.56,0.23,-21.36,12.63,-14.95
0.96,-0.54,0.24,-25.27,14.77,-19.71
0.97,-0.53,0.24,-24.90,17.21,-24.66
0.96,-0.54,0.20,-17.88,20.26,-29.24
0.92,-0.54,0.23,-10.62,22.16,-32.41
0.88,-0.53,0.26,-4.88,24.35,-34.73
0.84,-0.54,0.20,0.73,26.37,-36.19
0.79,-0.57,0.17,5.86,25.94,-36.80
0.79,-0.54,0.20,4.52,25.88,-37.23
0.81,-0.48,0.21,1.04,24.66,-39.25
0.83,-0.43,0.18,2.56,21.06,-41.32
0.85,-0.41,0.17,6.29,17.82,-42.97
0.84,-0.40,0.14,6.96,17.52,-44.74
0.84,-0.39,0.11,6.29,16.78,-46.08
0.85,-0.39,0.08,5.74,15.81,-46.69
0.85,-0.38,0.08,3.23,13.98,-46.88
0.84,-0.39,0.08,4.09,11.41,-46.14
0.83,-0.39,0.05,3.23,9.40,-44.56
0.84,-0.39,0.08,2.01,5.68,-42.91
0.84,-0.37,0.12,1.95,2.01,-40.16
0.84,-0.35,0.13,1.83,0.98,-38.15
0.83,-0.34,0.13,2.32,3.54,-36.62
0.83,-0.35,0.13,2.69,6.47,-34.97
0.82,-0.36,0.14,1.71,8.24,-33.26
0.81,-0.37,0.18,0.98,8.91,-31.13
0.82,-0.38,0.22,0.61,9.46,-28.56
0.82,-0.39,0.26,0.31,10.44,-26.43
0.83,-0.40,0.27,0.79,11.54,-24.84
0.84,-0.42,0.26,3.05,12.33,-23.38
0.84,-0.43,0.25,4.94,13.00,-21.91
0.82,-0.46,0.25,4.52,13.98,-21.30
0.81,-0.49,0.24,2.87,15.69,-20.57
0.80,-0.50,0.23,1.46,15.50,-19.71
0.80,-0.53,0.23,2.75,13.24,-18.43
0.79,-0.54,0.22,7.20,11.54,-17.40
0.77,-0.58,0.20,11.78,9.70,-16.42
0.78,-0.51,0.20,11.96,8.61,-15.81
0.81,-0.57,0.18,14.89,6.23,-10.31
0.79,-0.56,0.17,17.52,4.88,-10.07
0.78,-0.56,0.18,16.91,3.05,-10.44
0.79,-0.57,0.19,17.40,-0.79,-10.68
0.78,-0.57,0.21,17.64,-1.28,-10.56
0.78,-0.55,0.21,16.78,-1.95,-11.17
0.78,-0.54,0.21,16.05,-2.81,-11.41
0.79,-0.54,0.19,16.66,-3.30,-11.72
0.81,-0.54,0.18,17.58,-3.72,-12.63
0.82,-0.53,0.20,17.33,-5.00,-13.18
0.82,-0.55,0.19,18.37,-5.98,-12.51
0.83,-0.54,0.19,19.23,-6.35,-11.35
0.82,-0.53,0.21,18.37,-7.57,-9.95
0.81,-0.53,0.21,16.97,-8.73,-8.54
0.80,-0.52,0.21,15.44,-8.54,-7.45
0.80,-0.52,0.23,13.98,-7.02,-6.90
0.80,-0.53,0.22,13.18,-5.86,-6.65
0.79,-0.54,0.20,13.92,-4.27,-6.77
0.79,-0.54,0.19,13.85,-2.32,-7.02
0.79,-0.53,0.17,13.00,0.12,-7.20
0.82,-0.55,0.18,11.66,2.01,-7.08
0.85,-0.57,0.19,10.80,4.39,-5.86
0.84,-0.56,0.19,12.33,5.37,-4.39
0.83,-0.54,0.18,14.83,4.94,-3.17
0.82,-0.52,0.18,15.93,4.09,-1.65
0.80,-0.52,0.18,16.05,3.05,-0.43
0.80,-0.53,0.18,14.28,2.08,0.24
0.80,-0.52,0.17,13.79,0.79,0.18
0.81,-0.52,0.16,13.92,-0.49,-0.12
0.82,-0.53,0.16,12.33,-2.69,-0.06
0.86,-0.57,0.21,8.79,-5.31,1.71
0.86,-0.56,0.24,5.98,-6.96,3.97
0.82,-0.55,0.23,6.77,-6.23,4.21
0.80,-0.55,0.20,8.91,-3.72,3.60
0.80,-0.55,0.18,10.07,-0.85,2.99
0.79,-0.56,0.17,9.40,1.46,2.01
0.78,-0.57,0.16,9.64,3.48,1.16
0.77,-0.58,0.17,9.16,5.55,0.37
0.76,-0.58,0.17,9.09,7.20,-0.12
0.76,-0.61,0.17,10.74,7.93,0.49
0.81,-0.65,0.16,11.41,8.18,2.56
0.79,-0.64,0.13,9.40,7.45,4.27
0.77,-0.59,0.11,5.92,4.33,4.58
0.80,-0.55,0.12,4.03,1.22,4.27
0.82,-0.55,0.14,4.46,-2.14,3.48
0.80,-0.57,0.15,6.29,-5.00,1.83
0.78,-0.60,0.17,6.41,-5.80,-0.24
0.79,-0.61,0.18,2.20,-3.48,-2.62
0.79,-0.60,0.20,-1.34,0.06,-4.15
0.78,-0.58,0.19,-1.59,3.36,-5.43
0.77,-0.58,0.16,-0.18,6.47,-7.08
0.78,-0.58,0.15,-0.43,8.30,-8.42
0.77,-0.58,0.17,-0.55,8.97,-9.22
0.77,-0.57,0.18,0.49,9.34,-9.34
0.77,-0.57,0.20,0.98,10.13,-8.85
0.78,-0.59,0.20,1.28,11.05,-7.63
0.80,-0.61,0.18,-0.06,11.05,-5.49
0.80,-0.58,0.18,-3.48,8.97,-4.03
0.81,-0.56,0.19,-3.91,6.10,-3.11
0.80,-0.56,0.17,0.85,3.97,-2.44
0.78,-0.58,0.17,5.43,2.32,-2.08
0.75,-0.61,0.18,8.36,1.59,-1.77
0.73,-0.63,0.20,8.42,1.04,-1.40
0.74,-0.63,0.20,8.18,1.77,-1.40
0.75,-0.62,0.20,9.58,3.11,-1.28
0.77,-0.59,0.20,11.29,3.54,-0.79
0.81,-0.60,0.19,13.79,2.26,0.73
0.84,-0.58,0.18,14.10,-0.37,3.42
0.82,-0.53,0.18,11.47,-3.91,5.49
0.81,-0.50,0.19,10.19,-6.29,7.02
0.80,-0.50,0.20,9.52,-7.20,8.00
0.81,-0.53,0.20,8.24,-7.08,8.24
0.80,-0.55,0.19,7.20,-6.41,8.06
0.80,-0.55,0.20,4.27,-5.31,7.14
0.81,-0.54,0.21,2.20,-2.69,6.23
0.82,-0.54,0.20,3.17,-0.43,5.55
0.81,-0.55,0.19,6.23,2.01,4.94
0.81,-0.57,0.16,7.93,4.33,4.46
0.82,-0.58,0.16,8.79,5.07,5.25
0.81,-0.55,0.16,6.90,4.94,6.23
0.80,-0.52,0.19,3.78,4.64,6.84
0.80,-0.52,0.18,2.20,4.88,7.32
0.80,-0.54,0.17,3.30,3.66,7.39
0.78,-0.55,0.18,4.64,2.32,7.26
0.78,-0.56,0.19,4.27,2.01,6.96
0.79,-0.56,0.19,1.10,2.08,6.23
0.79,-0.57,0.20,-0.31,2.20,5.62
0.79,-0.56,0.19,0.43,3.17,4.88
0.79,-0.59,0.18,2.99,3.97,4.39
0.80,-0.64,0.15,7.08,5.19,4.82
0.78,-0.61,0.16,4.52,4.46,4.58
0.78,-0.56,0.19,0.43,3.78,3.48
0.79,-0.55,0.19,1.40,4.76,2.56
0.78,-0.57,0.18,4.88,5.25,1.59
0.77,-0.59,0.18,6.23,5.43,0.24
0.76,-0.60,0.19,4.64,5.92,-1.34
0.76,-0.61,0.19,1.28,6.47,-2.44
0.76,-0.62,0.18,-0.31,7.08,-3.30
0.74,-0.64,0.17,0.18,7.81,-3.72
0.73,-0.66,0.16,0.73,8.42,-4.21
0.74,-0.67,0.16,0.55,8.67,-4.52
0.74,-0.67,0.17,0.43,7.87,-4.70
0.75,-0.67,0.16,-0.12,6.53,-4.82
0.75,-0.65,0.17,-1.65,5.37,-5.19
0.74,-0.65,0.17,-2.56,4.27,-5.68
0.74,-0.65,0.17,-1.65,3.23,-5.80
0.75,-0.65,0.18,-1.10,1.83,-5.80
0.75,-0.65,0.19,0.67,0.43,-5.92
0.75,-0.65,0.20,2.81,-0.43,-6.35
0.74,-0.64,0.20,4.21,-0.55,-6.90
0.74,-0.64,0.19,5.43,-0.06,-7.81
0.74,-0.63,0.18,6.35,1.16,-8.54
0.75,-0.63,0.17,6.59,2.32,-9.34
0.76,-0.62,0.17,6.77,2.81,-10.01
0.77,-0.61,0.17,7.63,3.17,-10.38
0.77,-0.60,0.18,7.63,3.85,-10.50
0.76,-0.59,0.19,7.39,4.64,-10.38
0.76,-0.59,0.22,7.08,4.52,-9.77
0.76,-0.59,0.24,7.45,4.46,-8.54
0.75,-0.61,0.24,8.30,4.58,-6.59
0.76,-0.61,0.23,6.96,4.58,-4.88
0.76,-0.60,0.24,2.20,4.03,-4.15
0.75,-0.59,0.23,0.06,3.91,-3.85
0.75,-0.59,0.22,1.53,4.21,-3.78
0.74,-0.60,0.20,3.66,4.82,-3.97
0.73,-0.62,0.19,6.23,5.55,-4.39
0.74,-0.64,0.18,7.57,6.16,-4.70
0.74,-0.65,0.18,8.12,7.02,-4.88
0.75,-0.65,0.18,8.97,7.57,-4.88
0.76,-0.65,0.19,10.62,7.39,-4.46
0.76,-0.64,0.19,13.24,7.51,-4.09
0.76,-0.63,0.19,16.05,7.93,-3.66
0.75,-0.63,0.18,17.94,8.18,-3.05
0.75,-0.63,0.17,17.46,7.69,-2.26
0.75,-0.62,0.17,15.26,5.92,-1.34
0.75,-0.61,0.17,13.00,4.21,-0.49
0.76,-0.61,0.17,11.05,2.81,0.24
0.76,-0.61,0.18,10.13,1.28,0.73
0.75,-0.61,0.18,9.52,0.43,0.92
0.75,-0.61,0.19,9.70,-0.31,1.40
0.75,-0.61,0.20,10.13,-1.10,2.08
0.76,-0.61,0.19,10.86,-1.22,2.44
0.76,-0.61,0.19,11.66,-1.04,2.44
0.76,-0.61,0.18,11.84,-0.24,2.50
0.76,-0.62,0.18,11.29,0.24,2.75
0.77,-0.61,0.18,10.31,0.43,2.99
0.77,-0.61,0.18,9.16,0.55,3.17
0.77,-0.61,0.18,7.81,0.55,3.48
0.77,-0.62,0.18,6.84,1.16,3.48
0.77,-0.63,0.17,6.35,1.83,3.48
0.76,-0.63,0.16,6.10,2.50,3.54
0.76,-0.63,0.15,6.35,2.75,3.30
0.76,-0.63,0.14,5.98,2.75,3.23
0.76,-0.62,0.13,5.98,2.08,2.93
0.77,-0.61,0.13,6.77,0.98,2.99
0.78,-0.60,0.13,6.65,-0.31,2.99
0.79,-0.60,0.14,5.13,-1.71,3.30
0.79,-0.60,0.16,3.66,-2.93,3.60
0.78,-0.60,0.17,2.62,-3.23,3.78
0.78,-0.60,0.18,1.22,-2.81,4.09
0.77,-0.60,0.19,-1.10,-1.40,4.33
0.76,-0.60,0.20,-3.30,0.98,4.27
0.76,-0.61,0.19,-5.25,3.48,3.85
0.76,-0.61,0.20,-6.65,5.25,3.42
0.76,-0.60,0.21,-6.10,5.62,2.81
0.76,-0.60,0.22,-4.03,5.19,2.38
0.75,-0.60,0.23,-1.34,4.58,1.95
0.75,-0.60,0.23,0.55,3.66,2.32
0.74,-0.61,0.23,1.89,2.32,2.62
0.75,-0.61,0.22,2.50,1.04,3.42
0.76,-0.61,0.22,2.69,-0.43,4.46
0.76,-0.60,0.21,4.21,-1.59,5.25
0.76,-0.60,0.21,4.94,-1.83,5.92
0.76,-0.59,0.20,6.29,-1.28,6.47
0.77,-0.60,0.19,7.87,-0.98,6.84
0.78,-0.60,0.19,9.52,-1.04,7.32
0.79,-0.59,0.19,10.86,-1.46,7.93
0.79,-0.58,0.19,12.15,-2.38,8.61
0.78,-0.58,0.20,12.51,-2.81,9.34
0.78,-0.58,0.20,12.39,-2.93,10.19
0.78,-0.58,0.20,12.76,-3.54,11.17
0.78,-0.57,0.19,12.57,-3.97,11.72
0.77,-0.56,0.19,12.45,-3.97,11.29
0.77,-0.56,0.19,12.33,-3.36,11.11
0.78,-0.55,0.19,11.41,-2.87,10.38
0.79,-0.56,0.18,10.93,-2.32,9.77
0.81,-0.56,0.20,10.07,-2.56,9.22
0.81,-0.54,0.23,9.22,-3.11,9.03
0.80,-0.54,0.23,10.80,-2.62,8.79
0.80,-0.55,0.23,11.35,-0.85,8.79
0.80,-0.56,0.22,10.25,1.28,8.12
0.80,-0.56,0.20,8.00,2.81,7.45
0.81,-0.57,0.19,5.74,3.54,6.41
0.80,-0.57,0.18,4.33,4.64,5.68
0.80,-0.57,0.17,4.88,5.68,4.64
0.78,-0.58,0.17,6.10,6.84,3.36
0.77,-0.59,0.17,6.77,7.81,2.01
0.76,-0.60,0.18,6.71,7.93,0.79
0.76,-0.61,0.18,5.92,7.81,0.18
0.76,-0.60,0.19,5.00,6.96,0.43
0.77,-0.60,0.19,4.39,5.74,0.55
0.78,-0.60,0.20,4.27,4.64,0.37
0.78,-0.60,0.19,3.66,3.60,0.24
0.77,-0.59,0.19,1.71,2.81,-0.06
0.78,-0.59,0.18,0.98,2.50,-0.43
0.78,-0.58,0.18,0.67,3.23,-0.98
0.78,-0.58,0.19,0.55,4.15,-1.95
0.78,-0.58,0.20,1.46,4.58,-2.38
0.78,-0.57,0.21,2.26,4.39,-1.89
0.79,-0.56,0.21,2.44,3.78,-0.98
0.79,-0.56,0.21,2.69,2.50,0.24
0.80,-0.56,0.20,2.62,1.16,1.77
0.81,-0.54,0.21,2.01,-0.67,3.23
0.82,-0.53,0.21,1.16,-2.20,4.21
0.79,-0.54,0.20,3.36,-2.69,5.37
0.80,-0.53,0.19,3.54,-2.01,5.68
0.80,-0.53,0.19,2.81,-0.43,4.88
0.79,-0.53,0.18,4.09,1.28,4.21
0.81,-0.55,0.18,4.46,2.99,2.99
0.82,-0.55,0.17,3.60,4.15,2.87
0.83,-0.55,0.19,5.49,6.35,2.93
0.83,-0.55,0.20,3.66,4.94,2.56
0.82,-0.55,0.21,4.88,5.19,2.20
0.81,-0.55,0.21,5.55,6.10,2.62
0.80,-0.56,0.18,6.10,5.80,3.54
0.78,-0.57,0.18,5.74,6.71,3.85
0.77,-0.56,0.18,3.91,6.84,3.78
0.77,-0.57,0.19,3.23,6.04,3.97
0.78,-0.57,0.19,3.78,5.55,3.66
0.78,-0.57,0.20,3.85,5.31,3.23
0.78,-0.58,0.19,4.46,5.31,3.17
0.79,-0.59,0.20,4.27,5.62,3.11
0.79,-0.60,0.22,3.60,5.19,3.30
0.78,-0.60,0.22,3.17,5.31,3.30
0.77,-0.61,0.21,4.27,5.80,3.60
0.76,-0.62,0.21,5.86,6.23,4.03
0.75,-0.61,0.21,7.75,5.92,4.52
0.75,-0.61,0.20,9.64,5.68,4.64
0.76,-0.60,0.18,10.50,4.70,4.39
0.79,-0.59,0.19,10.44,2.26,4.70
0.81,-0.58,0.19,11.17,0.31,5.13
0.81,-0.57,0.19,12.33,-0.31,5.55
0.81,-0.57,0.19,12.27,-0.85,5.80
0.80,-0.56,0.20,11.72,-0.98,6.41
0.79,-0.56,0.19,12.21,-0.31,6.47
0.79,-0.56,0.18,11.41,0.73,6.77
0.79,-0.56,0.19,9.28,1.59,7.02
0.80,-0.55,0.19,8.24,2.32,6.41
0.80,-0.55,0.18,8.12,2.93,5.25
0.80,-0.54,0.19,7.75,3.91,3.91
0.80,-0.54,0.20,7.39,5.00,2.56
0.79,-0.54,0.20,5.80,5.92,1.65
0.80,-0.55,0.21,4.15,6.53,0.85
0.79,-0.57,0.21,3.17,6.96,0.43
0.79,-0.57,0.20,2.69,7.08,0.18
0.80,-0.56,0.21,1.46,7.20,-0.31
0.79,-0.56,0.20,2.20,7.69,-0.24
0.79,-0.57,0.19,2.93,7.69,-0.49
0.79,-0.57,0.18,2.50,7.63,-0.43
0.79,-0.57,0.18,2.75,7.51,-0.43
0.78,-0.58,0.19,3.85,7.32,-0.49
0.78,-0.58,0.19,4.52,7.45,-0.06
0.78,-0.59,0.20,3.72,7.26,0.31
0.79,-0.58,0.19,3.23,6.71,1.10
0.79,-0.59,0.18,4.27,5.74,2.01
0.80,-0.59,0.16,5.68,4.88,3.23
0.80,-0.57,0.17,5.00,3.30,4.09
0.80,-0.55,0.18,3.54,1.83,4.21
0.80,-0.55,0.18,4.03,2.01,4.03
0.79,-0.56,0.17,4.27,2.44,3.60
0.79,-0.58,0.18,4.39,3.23,2.81
0.79,-0.58,0.18,3.97,4.21,1.83
0.79,-0.58,0.19,3.91,5.13,0.73
0.79,-0.58,0.19,3.48,6.53,-0.31
0.79,-0.59,0.17,3.66,8.54,-1.53
0.78,-0.60,0.15,4.09,10.19,-2.26
0.77,-0.60,0.15,3.85,10.62,-2.93
0.77,-0.60,0.16,2.93,10.13,-3.42
0.77,-0.60,0.18,2.56,9.77,-3.54
0.77,-0.59,0.18,2.75,8.91,-3.30
0.77,-0.59,0.17,3.23,7.75,-3.30
0.79,-0.59,0.18,2.99,5.49,-3.54
0.79,-0.59,0.19,3.30,3.72,-3.97
0.79,-0.58,0.20,3.66,3.17,-4.15
0.79,-0.58,0.20,3.60,1.77,-4.21
0.79,-0.57,0.20,4.39,-0.12,-4.27
0.79,-0.56,0.19,6.71,-1.16,-4.46
0.79,-0.55,0.17,7.69,-1.40,-4.82
0.80,-0.54,0.17,6.16,-2.32,-4.76
0.82,-0.53,0.18,5.37,-4.03,-4.64
0.83,-0.52,0.18,5.92,-3.91,-4.27
0.83,-0.51,0.18,5.49,-4.09,-4.15
0.83,-0.51,0.19,4.76,-3.30,-3.78
0.83,-0.52,0.21,4.27,-1.95,-3.60
0.82,-0.52,0.22,3.85,0.00,-3.30
0.81,-0.53,0.22,4.58,1.89,-3.11
0.80,-0.53,0.21,5.25,3.78,-2.62
0.80,-0.53,0.20,7.20,5.37,-1.89
0.80,-0.54,0.19,8.54,6.65,-1.22
0.81,-0.54,0.19,8.18,6.90,-0.31
0.81,-0.53,0.19,6.71,5.98,0.49
0.82,-0.54,0.19,6.53,4.70,0.85
0.82,-0.53,0.20,6.65,3.30,0.92
0.81,-0.54,0.19,7.26,2.32,0.98
0.80,-0.54,0.19,7.45,2.08,0.98
0.80,-0.55,0.19,6.23,1.83,0.67
0.80,-0.55,0.20,4.88,2.20,0.31
0.80,-0.56,0.20,4.82,2.87,-0.18
0.79,-0.56,0.19,5.86,3.66,-0.67
0.79,-0.56,0.18,6.71,4.09,-1.10
0.79,-0.56,0.18,6.96,4.21,-1.28
0.79,-0.57,0.18,6.47,4.09,-1.10
0.79,-0.57,0.19,4.82,3.72,-0.85
0.79,-0.57,0.20,3.11,2.81,-0.49
0.79,-0.58,0.20,2.81,2.14,-0.31
0.78,-0.59,0.19,3.17,2.14,-0.49
0.78,-0.58,0.19,2.93,3.05,-0.37
0.78,-0.59,0.19,3.30,3.36,-0.37
0.77,-0.60,0.19,3.05,3.54,-0.37
0.77,-0.60,0.20,3.30,4.03,-0.61
0.77,-0.60,0.20,4.15,4.52,-0.67
0.77,-0.60,0.19,5.62,4.76,-0.49
0.78,-0.59,0.19,6.71,4.58,-0.37
0.78,-0.58,0.18,7.26,3.78,-0.06
0.78,-0.57,0.18,7.14,2.81,0.61
0.79,-0.58,0.19,6.71,1.89,1.59
0.79,-0.58,0.20,6.41,1.04,2.38
0.79,-0.58,0.20,6.16,0.49,3.05
0.80,-0.58,0.20,5.13,0.67,3.72
0.79,-0.58,0.19,4.27,0.43,3.66
0.79,-0.57,0.19,4.88,0.73,3.48
0.78,-0.57,0.20,6.29,1.65,3.11
0.78,-0.58,0.20,7.45,2.56,2.75
0.77,-0.59,0.20,8.06,3.17,2.44
0.77,-0.59,0.19,8.36,3.42,2.14
0.77,-0.59,0.20,8.48,3.66,2.32
0.78,-0.59,0.20,7.81,3.60,2.75
0.79,-0.58,0.20,8.06,2.99,2.99
0.79,-0.58,0.19,8.42,2.26,3.23
0.79,-0.57,0.19,8.48,1.71,3.54
0.79,-0.56,0.19,8.54,0.98,3.60
0.80,-0.55,0.19,8.54,0.43,3.66
0.80,-0.55,0.19,8.36,0.37,3.54
0.80,-0.55,0.19,7.81,0.37,3.42
0.81,-0.54,0.20,6.90,0.37,3.17
0.80,-0.55,0.20,6.35,1.04,2.75
0.80,-0.55,0.20,6.23,1.89,2.32
0.80,-0.55,0.20,5.43,2.87,1.83
0.80,-0.56,0.20,5.49,3.78,1.28
0.79,-0.56,0.20,5.49,4.70,0.85
0.79,-0.56,0.20,5.31,5.55,0.61
0.79,-0.56,0.20,5.31,5.92,0.55
0.79,-0.56,0.19,5.43,5.49,0.79
0.80,-0.56,0.19,5.62,4.82,1.16
0.80,-0.56,0.20,5.43,4.09,1.46
0.80,-0.55,0.20,5.43,3.85,1.65
0.80,-0.56,0.20,5.55,3.91,1.65
0.79,-0.56,0.20,5.55,3.91,1.46
0.80,-0.56,0.20,5.25,4.21,1.10
0.79,-0.56,0.20,5.00,4.39,0.79
0.79,-0.56,0.19,5.31,4.64,0.61
0.79,-0.56,0.19,5.25,4.94,0.55
0.79,-0.56,0.19,4.88,5.19,0.55
0.80,-0.56,0.19,4.64,5.13,0.55
0.80,-0.56,0.19,4.33,5.00,0.37
0.80,-0.56,0.19,4.09,4.82,0.18
0.81,-0.56,0.19,3.85,4.70,0.06
0.81,-0.56,0.19,3.48,5.13,0.06
0.80,-0.57,0.19,3.48,5.49,-0.24
0.79,-0.57,0.19,3.91,6.41,-0.67
0.78,-0.58,0.19,4.39,6.96,-1.04
0.78,-0.58,0.18,4.39,6.77,-1.04
0.79,-0.57,0.18,4.15,6.41,-0.92
0.79,-0.56,0.19,4.27,5.55,-0.61
0.79,-0.56,0.19,4.33,4.58,-0.24
0.80,-0.56,0.19,3.72,3.78,0.31
0.81,-0.55,0.20,2.69,3.05,0.79
0.81,-0.55,0.20,2.62,2.62,1.16
0.81,-0.55,0.20,2.93,2.87,1.22
0.80,-0.56,0.20,4.03,3.42,0.98
0.80,-0.56,0.19,4.94,4.27,0.61
0.79,-0.56,0.19,5.74,5.00,0.37
0.80,-0.56,0.18,6.35,5.31,0.06
0.80,-0.56,0.18,6.96,5.37,-0.61
0.80,-0.56,0.18,7.81,5.13,-1.10
0.79,-0.57,0.17,8.54,4.82,-1.71
0.79,-0.57,0.17,8.00,4.70,-2.20
0.79,-0.57,0.18,6.59,4.64,-2.38
0.80,-0.57,0.19,5.55,4.46,-2.32
0.80,-0.57,0.19,4.94,4.15,-2.50
0.80,-0.57,0.19,4.58,4.39,-2.75
0.80,-0.57,0.18,5.86,4.58,-3.30
0.80,-0.56,0.17,6.77,4.15,-3.48
0.80,-0.55,0.18,6.35,3.72,-3.17
0.80,-0.55,0.19,5.49,2.93,-2.75
0.79,-0.56,0.19,4.82,2.87,-2.50
0.79,-0.57,0.19,3.54,3.30,-2.56
0.80,-0.57,0.19,2.20,3.54,-2.44
0.79,-0.57,0.19,1.46,3.91,-2.20
0.79,-0.57,0.18,1.16,4.39,-2.32
0.79,-0.57,0.19,1.34,4.94,-2.38
0.78,-0.58,0.19,1.65,5.13,-2.26
0.78,-0.58,0.18,2.50,5.19,-2.32
0.79,-0.58,0.17,3.54,4.76,-2.56
0.79,-0.56,0.18,4.52,4.21,-2.56
0.80,-0.55,0.18,5.37,2.87,-1.95
0.80,-0.56,0.18,5.43,2.14,-1.46
0.79,-0.57,0.19,4.76,2.14,-1.22
0.79,-0.57,0.19,3.60,2.50,-1.40
0.80,-0.57,0.19,2.56,2.69,-1.16
0.80,-0.56,0.19,2.08,2.99,-1.16
0.80,-0.56,0.19,2.14,3.36,-1.22
0.80,-0.56,0.19,2.32,3.97,-1.16
0.79,-0.56,0.19,2.50,4.15,-1.10
0.79,-0.57,0.19,2.62,4.33,-0.85
0.79,-0.58,0.19,2.56,4.58,-0.49
0.79,-0.58,0.19,2.44,4.76,-0.24
0.79,-0.58,0.20,2.69,4.46,0.18
0.78,-0.58,0.20,3.36,4.21,0.55
0.78,-0.58,0.19,4.33,4.03,0.67
0.78,-0.58,0.19,4.58,3.60,0.92
0.79,-0.58,0.19,4.82,2.87,1.22
0.79,-0.58,0.19,5.62,1.95,1.77
0.78,-0.58,0.19,6.53,1.16,2.20
0.78,-0.57,0.18,7.39,0.73,2.62
0.79,-0.57,0.18,7.26,0.73,2.62
0.79,-0.57,0.18,7.20,0.61,2.62
0.80,-0.57,0.18,7.26,0.31,2.38
0.80,-0.57,0.18,7.20,0.43,2.01
0.80,-0.56,0.18,7.14,0.98,1.34
0.80,-0.56,0.18,7.02,1.95,0.85
0.79,-0.56,0.18,6.41,2.62,0.18
0.79,-0.57,0.18,5.37,2.93,-0.37
0.80,-0.57,0.18,3.97,3.11,-0.73
0.80,-0.56,0.19,2.32,3.05,-0.85
0.80,-0.56,0.19,2.08,2.99,-1.10
0.79,-0.56,0.19,2.50,3.05,-1.28
0.79,-0.57,0.19,2.99,2.93,-1.22
0.79,-0.57,0.19,2.69,2.87,-1.04
0.79,-0.57,0.19,2.50,2.93,-1.10
0.79,-0.57,0.19,3.11,2.81,-1.22
0.79,-0.57,0.19,3.78,2.93,-1.28
0.79,-0.57,0.19,4.33,2.87,-1.53
0.79,-0.57,0.19,4.09,3.11,-1.77
0.79,-0.57,0.19,3.66,3.05,-1.53
0.79,-0.57,0.19,3.36,2.81,-1.34
0.79,-0.57,0.19,3.05,2.93,-1.34
0.79,-0.57,0.19,2.87,2.62,-1.28
0.79,-0.57,0.19,3.23,2.38,-0.85
0.79,-0.57,0.20,3.36,2.32,-0.61
0.79,-0.57,0.20,3.60,2.20,-0.43
0.79,-0.58,0.20,4.27,2.38,-0.12
0.78,-0.58,0.20,4.82,2.69,-0.18
0.77,-0.58,0.20,5.74,3.05,-0.12
0.77,-0.58,0.20,6.35,3.11,0.18
0.77,-0.59,0.20,7.20,3.05,0.61
0.77,-0.59,0.20,7.63,2.75,1.28
0.77,-0.59,0.20,7.69,2.08,1.40
0.78,-0.59,0.21,7.87,1.59,1.95
0.77,-0.59,0.21,8.06,1.40,2.56
0.77,-0.60,0.21,7.69,1.53,3.30
0.77,-0.60,0.21,7.45,1.83,3.97
0.77,-0.60,0.21,8.18,1.95,3.97
0.77,-0.59,0.20,10.13,2.01,3.17
0.77,-0.59,0.20,11.47,1.77,2.44
0.77,-0.58,0.20,12.45,1.46,2.32
0.78,-0.58,0.20,12.21,1.04,2.50
0.78,-0.58,0.20,10.19,0.00,3.36
0.79,-0.58,0.21,9.09,-0.61,4.03
0.79,-0.57,0.20,9.28,-0.43,3.60
0.79,-0.57,0.20,10.38,0.06,3.17
0.79,-0.57,0.19,10.74,0.73,2.99
0.79,-0.56,0.19,10.74,1.22,2.99
0.79,-0.56,0.19,10.25,1.59,2.87
0.79,-0.56,0.19,10.19,2.08,2.62
0.80,-0.56,0.19,10.07,2.44,2.26
0.79,-0.56,0.19,9.77,2.56,2.14
0.80,-0.56,0.19,9.28,2.38,2.01
0.80,-0.56,0.20,8.30,2.14,1.89
0.80,-0.56,0.20,7.32,1.89,1.89
0.80,-0.56,0.20,6.90,1.83,1.77
0.80,-0.56,0.20,6.53,2.20,1.71
0.80,-0.56,0.20,6.47,2.62,1.40
0.79,-0.56,0.19,6.41,3.11,1.10
0.79,-0.57,0.19,6.16,3.48,0.92
0.79,-0.57,0.19,5.74,3.66,0.73
0.79,-0.58,0.20,5.37,3.85,0.49
0.78,-0.58,0.19,5.55,4.03,0.18
0.78,-0.58,0.19,5.43,4.03,0.00
0.78,-0.59,0.18,5.25,4.03,-0.06
0.78,-0.58,0.18,4.94,3.78,0.00
0.78,-0.58,0.18,4.82,3.66,0.00
0.78,-0.58,0.18,4.70,3.54,-0.06
0.79,-0.58,0.19,4.39,3.17,0.06
0.79,-0.57,0.19,4.27,2.87,0.43
0.79,-0.57,0.19,4.33,2.69,0.37
0.79,-0.56,0.19,4.15,2.44,0.37
0.79,-0.56,0.19,3.91,2.38,0.61
0.80,-0.56,0.19,3.72,2.56,0.55
0.80,-0.57,0.20,3.30,2.56,0.67
0.79,-0.56,0.20,3.48,2.87,0.55
0.79,-0.57,0.20,4.82,3.36,0.31
0.78,-0.57,0.20,5.62,4.03,0.24
0.78,-0.58,0.20,5.98,4.21,0.49
0.78,-0.58,0.20,6.35,4.52,0.55
0.78,-0.58,0.19,6.77,4.21,0.79
0.78,-0.58,0.19,7.08,3.85,1.34
0.78,-0.58,0.18,7.20,3.36,1.83
0.78,-0.58,0.18,7.20,2.69,2.26
0.78,-0.58,0.18,6.84,1.83,2.93
0.79,-0.58,0.18,6.90,1.10,3.48
0.79,-0.58,0.18,7.32,0.49,3.97
0.79,-0.58,0.18,7.81,0.06,4.27
0.79,-0.57,0.18,8.42,-0.06,4.33
0.79,-0.57,0.18,8.97,0.00,4.58
0.79,-0.57,0.18,8.79,0.06,4.39
0.79,-0.57,0.19,8.54,0.49,4.27
0.80,-0.57,0.19,7.93,0.67,4.09
0.80,-0.57,0.19,7.20,0.73,3.78
0.80,-0.57,0.20,6.77,1.28,3.66
0.80,-0.57,0.20,6.90,1.53,3.48
0.79,-0.57,0.20,7.02,1.71,3.17
0.79,-0.57,0.21,7.08,1.95,3.11
0.79,-0.56,0.22,6.77,1.83,2.87
0.79,-0.55,0.22,6.10,2.14,2.75
0.79,-0.55,0.21,5.55,2.38,2.44
0.80,-0.54,0.21,5.07,2.44,2.20
0.80,-0.54,0.21,4.70,2.75,1.77
0.81,-0.54,0.21,4.21,2.99,1.77
0.81,-0.54,0.21,3.60,3.30,1.59
0.81,-0.54,0.21,4.03,3.54,1.28
0.81,-0.55,0.21,4.52,4.15,1.10
0.80,-0.55,0.21,4.88,4.58,0.85
0.80,-0.55,0.21,5.25,4.70,0.49
0.79,-0.56,0.21,5.07,5.25,0.37
0.79,-0.56,0.21,4.21,5.92,0.24
0.79,-0.56,0.20,3.48,6.16,0.18
0.79,-0.57,0.20,2.93,6.16,0.00
0.78,-0.58,0.20,2.81,6.35,-0.06
0.78,-0.58,0.20,2.93,5.98,0.18
0.79,-0.57,0.20,2.56,5.43,0.61
0.79,-0.57,0.20,2.81,5.00,0.98
0.79,-0.56,0.20,3.17,4.70,1.22
0.79,-0.56,0.20,3.11,4.64,1.59
0.80,-0.55,0.20,3.05,4.15,1.89
0.80,-0.55,0.20,2.87,3.85,2.38
0.80,-0.56,0.20,3.30,3.78,2.20
0.79,-0.56,0.20,3.72,4.27,2.01
0.79,-0.56,0.20,3.85,4.76,2.01
0.79,-0.56,0.20,3.91,5.37,1.89
0.79,-0.57,0.20,4.46,5.62,1.77
0.79,-0.57,0.20,4.82,5.68,1.95
0.80,-0.57,0.20,4.64,5.62,2.26
0.79,-0.57,0.20,4.82,5.31,2.56
0.79,-0.57,0.20,5.43,4.76,2.87
0.79,-0.57,0.19,5.25,4.52,3.23
0.79,-0.57,0.19,5.07,4.15,3.66
0.79,-0.56,0.19,4.88,3.91,3.91
0.80,-0.56,0.19,4.82,3.72,4.33
0.80,-0.57,0.19,4.88,3.60,4.76
0.81,-0.57,0.20,5.13,3.23,5.25
0.81,-0.56,0.21,5.98,3.42,5.62
0.80,-0.56,0.19,6.65,3.78,5.80
0.80,-0.56,0.19,6.53,3.54,5.86
0.80,-0.55,0.19,6.23,3.30,6.35
0.80,-0.55,0.19,6.23,3.48,6.59
0.79,-0.55,0.18,5.92,3.36,6.77
0.80,-0.55,0.19,4.52,3.23,7.02
0.80,-0.56,0.19,3.48,2.99,7.39
0.81,-0.55,0.22,3.60,2.81,7.87
0.81,-0.55,0.21,5.92,3.48,8.12
0.80,-0.56,0.19,7.14,3.60,8.48
0.80,-0.55,0.19,7.51,2.75,9.16
0.81,-0.53,0.20,6.59,2.14,9.46
0.82,-0.51,0.20,5.55,2.14,9.40
0.83,-0.51,0.19,6.35,2.01,9.46
0.83,-0.51,0.19,7.51,1.16,9.40
0.82,-0.51,0.19,8.36,0.37,9.22
0.82,-0.50,0.20,8.12,0.61,8.73
0.81,-0.51,0.22,7.75,1.40,8.18
0.82,-0.54,0.20,8.36,2.93,8.48
0.82,-0.54,0.20,6.77,2.81,8.18
0.82,-0.51,0.22,4.33,2.01,7.81
0.81,-0.50,0.20,5.62,2.50,7.87
0.83,-0.52,0.19,9.03,2.75,8.79
0.83,-0.51,0.20,8.73,2.08,9.09
0.83,-0.49,0.20,6.71,0.92,8.30
0.83,-0.48,0.21,5.31,0.55,7.69
0.83,-0.50,0.21,5.19,1.34,7.63
0.82,-0.53,0.19,5.55,3.11,7.32
0.82,-0.53,0.21,3.66,4.21,6.65
0.81,-0.53,0.21,2.87,5.74,5.92
0.82,-0.54,0.20,5.19,7.14,5.62
0.82,-0.54,0.18,6.65,7.69,5.55
0.82,-0.53,0.19,5.74,6.71,5.25
0.81,-0.53,0.18,5.49,5.98,5.31
0.81,-0.53,0.20,4.76,5.13,6.23
0.82,-0.52,0.21,3.36,4.70,6.84
0.82,-0.52,0.20,4.15,4.76,6.84
0.82,-0.53,0.19,5.86,4.88,7.14
0.83,-0.52,0.19,4.46,4.09,7.63
0.83,-0.52,0.19,3.60,3.54,7.57
0.82,-0.52,0.20,5.43,3.97,7.39
0.81,-0.53,0.19,8.06,4.70,6.59
0.81,-0.53,0.19,8.67,5.49,5.80
0.81,-0.52,0.18,6.84,6.59,5.19
0.81,-0.52,0.18,5.13,6.65,4.70
0.82,-0.51,0.18,5.43,6.41,4.94
0.83,-0.50,0.18,5.80,6.10,5.37
0.86,-0.50,0.20,5.13,4.94,6.23
0.87,-0.49,0.21,4.52,3.97,7.02
0.85,-0.49,0.19,5.13,3.60,6.65
0.84,-0.50,0.19,5.98,4.09,6.41
0.83,-0.50,0.20,7.39,4.94,6.10
0.81,-0.51,0.19,8.12,5.74,5.68
0.81,-0.51,0.18,7.02,6.23,5.25
0.82,-0.51,0.17,6.47,6.10,5.43
0.82,-0.52,0.18,6.29,5.25,5.74
0.82,-0.51,0.17,5.49,4.58,6.23
0.84,-0.50,0.18,4.27,2.93,6.65
0.86,-0.48,0.19,3.48,1.22,7.02
0.85,-0.49,0.19,3.97,0.98,6.84
0.84,-0.49,0.19,4.52,1.10,7.63
0.84,-0.49,0.19,5.98,2.01,8.91
0.85,-0.49,0.19,3.85,3.17,9.28
0.85,-0.48,0.19,2.01,4.64,8.12
0.85,-0.48,0.19,3.48,5.86,6.96
0.84,-0.48,0.19,5.31,7.02,5.80
0.83,-0.49,0.18,5.19,7.57,5.00
0.83,-0.48,0.18,4.64,6.71,4.64
0.83,-0.46,0.19,4.58,5.55,5.25
0.84,-0.45,0.19,4.09,5.62,6.53
0.85,-0.44,0.18,1.28,5.92,8.12
0.87,-0.42,0.18,-1.40,5.31,9.52
0.88,-0.40,0.19,-2.81,5.68,10.68
0.90,-0.36,0.21,-5.25,6.53,12.02
0.94,-0.32,0.19,-7.75,8.97,12.82
0.94,-0.32,0.13,-9.70,12.15,12.45
0.88,-0.37,0.15,-8.73,14.04,13.61
0.83,-0.39,0.22,-10.99,17.70,15.99
0.85,-0.38,0.23,-17.94,24.29,18.07
0.88,-0.41,0.18,-20.87,27.40,18.98
0.86,-0.42,0.15,-18.37,27.28,19.41
0.84,-0.39,0.17,-17.58,27.47,19.23
0.83,-0.35,0.19,-21.42,28.56,18.13
0.84,-0.33,0.19,-26.31,27.77,15.81
0.83,-0.37,0.17,-28.14,24.78,13.85
0.83,-0.42,0.18,-26.37,19.29,14.59
0.81,-0.49,0.16,-21.42,13.98,17.88
0.82,-0.52,0.15,-16.78,8.61,21.42
0.85,-0.51,0.16,-15.32,2.93,23.62
0.92,-0.47,0.18,-18.19,-2.32,23.80
0.90,-0.46,0.15,-15.44,-6.41,21.12
0.81,-0.45,0.12,-6.47,-8.67,17.70
0.81,-0.37,0.11,-4.82,-9.16,15.75
0.86,-0.26,0.08,-9.83,-10.93,14.16
0.90,-0.19,0.05,-15.81,-14.40,12.70
0.91,-0.17,0.04,-19.84,-14.22,12.51
0.88,-0.17,0.00,-17.52,-8.18,15.32
0.83,-0.20,-0.01,-15.38,-4.94,18.74
0.82,-0.19,0.07,-24.17,-5.00,19.96
0.82,-0.14,0.14,-34.91,-4.70,18.80
0.82,-0.11,0.16,-42.66,-3.85,17.46
0.84,-0.09,0.16,-47.00,-3.05,16.85
0.84,-0.08,0.13,-50.60,-4.88,16.54
0.84,-0.10,0.12,-51.27,-7.75,17.09
0.82,-0.10,0.10,-54.20,-10.31,18.07
0.82,-0.09,0.09,-57.01,-11.29,19.65
0.83,-0.07,0.09,-58.04,-10.50,22.40
0.82,-0.04,0.09,-56.76,-7.81,25.94
0.83,-0.04,0.05,-53.89,-3.17,25.09
0.82,-0.02,0.04,-52.00,0.73,16.54
0.64,-0.07,0.07,-44.80,6.23,10.01
0.48,-0.27,0.08,-38.57,21.18,16.97
0.38,-0.43,0.16,-42.54,36.74,21.48
0.40,-0.44,0.32,-60.18,35.89,25.70
0.47,-0.37,0.38,-78.92,14.47,32.71
0.52,-0.29,0.52,-81.48,-13.06,44.98
0.63,-0.31,0.46,-72.63,-23.74,58.72
0.75,-0.31,0.35,-67.87,-32.84,71.35
0.80,-0.41,0.25,-58.35,-45.29,80.32
0.87,-0.48,0.28,-49.87,-46.45,87.40
0.94,-0.44,0.40,-55.48,-45.96,86.36
0.96,-0.37,0.51,-45.29,-44.37,81.73
0.97,-0.38,0.49,-24.72,-33.57,72.27
1.02,-0.39,0.49,-9.09,-17.58,61.58
1.05,-0.42,0.51,-4.39,-6.96,50.42
1.11,-0.38,0.55,-5.86,2.32,42.79
1.14,-0.31,0.56,-1.89,16.97,41.87
1.12,-0.21,0.49,-2.50,27.34,36.74
1.24,-0.29,0.56,-17.46,23.50,21.18
1.31,-0.20,0.67,-32.47,22.77,9.28
1.26,-0.25,0.71,-30.27,23.68,10.01
1.17,-0.30,0.82,-29.54,19.90,17.27
1.10,-0.39,0.89,-21.00,25.21,22.34
1.10,-0.41,0.86,-14.10,26.43,25.45
1.13,-0.42,0.83,1.16,21.24,27.16
1.23,-0.34,0.84,21.61,16.24,27.59
1.33,-0.38,0.74,46.81,5.92,31.25
1.43,-0.41,0.66,71.47,-2.01,30.33
1.60,-0.40,0.61,68.42,-17.70,29.05
1.79,-0.37,0.57,57.25,-29.05,20.26
1.90,-0.38,0.58,44.25,-39.49,5.98
1.77,-0.42,0.54,47.91,-41.14,-8.18
1.66,-0.50,0.57,53.77,-33.39,-24.23
1.63,-0.55,0.63,46.81,-30.64,-39.55
1.64,-0.72,0.71,52.06,-28.02,-52.19
1.63,-1.01,0.81,61.95,-24.60,-64.33
1.69,-1.32,0.97,67.57,-15.32,-76.42
1.71,-1.61,1.12,69.70,-6.90,-88.26
1.73,-1.86,1.32,81.91,9.58,-99.67
1.78,-2.20,1.57,106.75,33.75,-113.40
1.83,-2.20,1.72,148.99,73.67,-137.45
1.94,-2.60,1.82,184.51,118.04,-83.68
2.09,-2.08,1.75,156.68,141.54,-49.50
2.58,-1.46,1.42,123.29,140.69,-58.59
3.49,-1.16,0.79,104.06,115.30,-70.37
3.79,-0.47,0.13,42.72,81.85,-100.71
2.66,0.17,-0.34,3.91,50.96,-172.24
0.99,-0.26,-0.89,28.44,36.13,-240.11
0.14,-0.48,-0.25,18.37,24.90,-238.34
0.40,-0.06,0.69,11.72,-44.19,-196.59
1.20,0.99,-0.64,124.02,-151.92,-158.33
2.81,3.64,-0.81,180.54,-222.96,-140.32
2.35,4.00,0.33,155.21,-170.65,-109.92
0.54,3.17,0.92,224.98,-74.34,-29.42
0.07,1.48,0.05,241.27,-6.16,77.94
-0.24,0.42,-0.60,214.54,1.28,146.06
-0.29,-0.22,-0.70,153.75,-22.34,174.93
-0.13,-0.45,-0.59,65.55,-7.14,169.92
-0.18,-0.84,-0.23,-27.16,39.37,127.20
-0.30,-1.44,0.08,-53.16,59.63,72.57
-0.19,-1.94,0.16,-33.39,35.95,32.71
0.13,-1.93,0.09,-43.95,4.64,-5.98
0.16,-1.28,-0.10,-71.72,-11.96,-34.73
-0.08,-0.50,-0.30,-77.58,-20.81,-46.45
-0.25,0.15,-0.36,-86.06,-14.71,-49.56
-0.26,0.56,-0.28,-82.09,-4.70,-49.01
-0.08,0.67,-0.21,-58.41,-4.64,-49.19
0.18,0.69,-0.17,-46.33,-4.39,-46.02
0.39,0.68,-0.12,-42.05,1.53,-36.80
0.42,0.61,-0.10,-30.88,8.79,-30.94
0.35,0.50,-0.02,-20.51,7.26,-32.41
0.24,0.35,0.03,-9.77,0.31,-31.68
0.12,0.18,0.07,9.16,12.15,-16.72
-0.01,0.02,0.07,17.82,27.89,-1.28
-0.16,-0.11,0.03,31.25,36.44,12.51
-0.24,-0.15,-0.04,42.48,37.35,27.53
-0.29,-0.12,-0.06,36.68,36.56,35.28
-0.33,-0.09,-0.03,21.00,34.24,38.27
-0.35,-0.10,-0.03,15.93,27.95,43.33
-0.31,-0.16,-0.08,17.88,19.53,51.21
-0.23,-0.18,-0.09,18.25,11.84,58.35
-0.12,-0.21,-0.07,17.76,4.15,61.71
-0.01,-0.26,-0.04,16.17,-2.20,60.12
0.08,-0.27,0.03,10.86,-3.36,56.76
0.14,-0.21,0.08,6.16,-1.89,52.49
0.16,-0.10,0.10,4.39,-2.26,46.75
0.15,-0.01,0.08,4.76,-3.54,39.92
0.09,0.01,0.06,12.02,-3.60,31.31
0.03,0.02,0.03,22.58,1.89,21.79
-0.03,0.05,-0.00,30.94,11.05,13.24
-0.07,0.05,-0.04,38.45,13.61,7.39
-0.09,0.03,-0.15,47.61,8.85,3.72
-0.07,0.06,-0.35,46.88,1.34,-0.61
0.00,0.19,-0.42,26.55,-4.09,-8.85
0.18,0.49,-0.29,-3.48,-9.89,-18.68
0.41,0.84,0.04,-27.71,-26.98,-26.12
0.50,1.06,0.39,-28.87,-48.34,-28.63
0.46,1.17,0.68,-13.79,-58.78,-27.34
0.40,0.79,0.92,12.57,-29.97,-20.14
-0.07,0.55,0.61,41.99,59.57,13.67
-0.38,-0.29,-0.20,109.44,140.56,59.69
-0.31,-0.76,-0.45,131.35,115.36,56.46
0.40,-0.31,0.18,24.11,-12.45,55.42
1.14,-0.56,0.73,-79.10,-93.38,90.39
2.19,-2.51,-0.18,-35.77,11.84,103.82
2.77,-3.23,0.82,1.65,116.94,104.98
4.00,4.00,1.21,-424.13,-83.50,155.09
4.00,3.44,0.59,-1303.59,-438.35,128.85
-4.00,-4.00,-4.00,566.96,-244.93,-373.29
-4.00,-4.00,-1.46,632.87,421.26,-110.90
-0.90,-4.00,2.24,88.93,382.14,397.89
0.44,-3.30,2.96,77.09,297.49,325.07
0.59,-0.97,0.47,139.65,-77.27,142.09
1.04,0.13,-0.49,-291.81,-333.62,54.08
2.40,1.74,0.41,-541.14,-269.10,-30.82
3.32,1.63,0.01,-336.55,-168.64,-68.85
2.40,-0.21,1.09,-79.10,-124.63,-69.76
1.34,-2.49,1.87,0.55,-64.64,-29.60
0.86,-1.87,1.63,-59.51,-13.67,35.28
0.45,-0.92,1.28,-122.56,-6.53,52.98
0.46,-0.45,0.91,-137.76,-18.43,47.24
0.90,-0.38,0.62,-145.81,-26.00,41.56
1.23,-0.39,0.56,-94.18,-6.90,37.66
1.39,-0.34,0.52,1.95,36.56,47.36
1.36,-0.31,0.34,95.64,66.35,64.15
1.34,-0.37,0.14,118.35,52.06,60.97
1.29,-0.54,-0.04,89.72,36.99,37.78
1.36,-0.55,0.03,18.19,38.27,9.03
1.38,-0.52,0.18,-58.04,39.92,-17.40
1.24,-0.59,0.33,-82.95,42.18,-32.04
1.01,-0.60,0.41,-66.28,44.62,-31.86
0.78,-0.56,0.32,-30.46,41.93,-25.21
0.69,-0.43,0.25,7.63,34.73,-22.46
0.82,-0.29,0.19,33.08,22.28,-25.88
1.03,-0.21,0.10,52.73,9.09,-34.61
1.11,-0.18,0.00,73.97,3.36,-46.45
1.13,-0.13,-0.02,86.06,7.20,-54.93
1.10,-0.11,0.06,85.57,16.24,-61.34
0.91,-0.20,0.04,81.97,25.39,-65.49
0.69,-0.28,0.19,77.09,28.93,-67.81
0.61,-0.32,0.25,66.47,28.69,-57.01
0.58,-0.32,0.27,81.97,30.58,-48.83
0.58,-0.31,0.30,107.91,28.69,-40.10
0.66,-0.15,0.39,118.41,22.95,-20.75
0.71,-0.03,0.42,120.67,10.31,8.36
0.83,-0.05,0.41,120.12,5.55,31.37
0.96,0.02,0.41,91.86,2.01,38.70
0.96,0.02,0.32,60.12,-5.00,33.33
0.92,0.03,0.22,36.56,-6.16,23.38
0.91,0.09,0.28,13.98,-3.23,10.86
0.98,0.16,0.34,-1.28,2.14,-2.01
1.06,0.15,0.21,-3.42,4.76,-14.16
1.00,0.08,0.19,8.06,7.02,-27.28
0.90,0.07,0.25,18.01,16.60,-35.95
0.81,0.05,0.23,27.59,22.40,-38.88
0.73,-0.02,0.21,40.22,30.46,-38.39
0.79,-0.02,0.24,32.23,36.32,-35.71
0.83,-0.08,0.29,20.63,35.34,-34.24
0.81,-0.21,0.24,10.62,34.12,-32.84
0.79,-0.33,0.23,0.37,32.23,-29.24
0.81,-0.34,0.26,-9.77,29.11,-24.60
0.80,-0.41,0.23,-12.82,24.35,-20.94
0.78,-0.50,0.19,-11.54,22.89,-17.58
0.85,-0.47,0.16,-12.08,19.41,-14.16
0.85,-0.47,0.11,-1.04,8.48,-12.51
0.84,-0.48,0.05,13.92,0.55,-12.27
0.84,-0.51,0.07,25.21,-1.10,-11.11
0.81,-0.58,0.09,38.51,-2.56,-7.20
0.79,-0.63,0.08,50.72,-6.04,-2.01
0.81,-0.70,0.06,57.74,-10.62,3.72
0.82,-0.77,0.18,57.43,-11.78,9.77
0.90,-0.65,0.33,47.85,-7.93,15.01
1.00,-0.50,0.32,39.43,-6.77,15.44
0.98,-0.50,0.24,47.73,-11.47,12.88
1.00,-0.43,0.25,49.74,-13.18,7.81
1.07,-0.30,0.26,34.79,-6.65,-0.24
1.01,-0.27,0.29,27.95,0.12,-7.32
0.91,-0.25,0.31,23.99,5.68,-13.18
0.84,-0.23,0.32,17.94,9.46,-17.82
0.79,-0.26,0.30,14.65,11.96,-20.94
0.84,-0.30,0.24,11.54,13.12,-19.84
0.93,-0.36,0.23,6.41,11.66,-16.30
0.90,-0.41,0.22,0.24,12.94,-13.61
0.80,-0.50,0.25,-1.04,13.92,-12.51
0.72,-0.58,0.24,-2.08,16.72,-9.52
0.74,-0.54,0.18,-2.93,17.09,-4.64
0.84,-0.46,0.13,-4.21,9.64,-2.69
0.95,-0.43,0.06,-6.29,3.72,-4.39
0.95,-0.46,0.03,-3.91,0.67,-8.36
0.98,-0.41,-0.01,-3.60,0.06,-11.90
0.98,-0.45,-0.02,-2.08,-1.83,-14.34
0.91,-0.54,-0.07,1.65,1.95,-15.01
0.84,-0.62,-0.05,1.77,10.44,-13.79
0.84,-0.63,0.01,-1.16,16.05,-9.09
0.90,-0.60,0.05,-2.62,16.66,-4.33
0.79,-0.65,-0.03,3.23,16.97,0.18
0.74,-0.66,-0.01,5.31,21.00,5.86
0.77,-0.55,0.05,-0.31,16.91,6.29
0.93,-0.39,0.15,-0.67,15.08,-0.12
0.86,-0.36,0.16,13.67,18.43,-3.11
0.84,-0.43,0.18,11.29,21.24,18.37
0.87,-0.36,0.24,6.77,21.91,16.17
0.90,-0.34,0.25,9.34,19.35,11.78
0.87,-0.36,0.21,10.68,16.91,7.08
0.83,-0.38,0.17,3.72,16.66,4.21
0.78,-0.46,0.19,-0.06,15.99,4.33
0.73,-0.59,0.26,1.59,17.82,7.45
0.79,-0.61,0.32,0.92,19.90,12.70
0.82,-0.58,0.30,2.44,16.17,16.66
0.86,-0.54,0.27,3.05,7.26,17.94
0.95,-0.51,0.20,5.74,-2.32,16.05
1.01,-0.43,0.08,10.74,-11.11,11.66
1.05,-0.44,0.00,18.37,-19.84,6.96
1.00,-0.51,-0.04,27.77,-22.89,2.01
0.92,-0.55,-0.02,33.26,-17.64,-2.01
0.86,-0.57,0.03,34.55,-10.62,-3.91
0.87,-0.56,0.08,29.85,-4.03,-4.27
0.86,-0.54,0.11,23.44,2.20,-3.78
0.82,-0.58,0.12,23.44,7.39,-1.89
0.79,-0.60,0.15,25.70,12.63,1.77
0.80,-0.56,0.19,23.50,16.42,3.48
0.82,-0.48,0.18,18.92,16.36,1.95
0.89,-0.40,0.21,14.40,10.99,-0.98
0.97,-0.32,0.21,9.64,6.29,-3.54
1.00,-0.29,0.18,6.23,3.23,-6.84
0.98,-0.29,0.12,2.81,1.40,-12.88
0.93,-0.31,0.10,-0.18,1.53,-18.80
0.92,-0.30,0.10,-2.56,3.11,-21.67
0.94,-0.26,0.10,-3.42,2.99,-22.28
0.95,-0.25,0.05,-0.61,2.26,-20.87
0.92,-0.27,0.06,1.59,4.33,-19.23
0.90,-0.25,0.07,2.26,11.23,-18.19
0.90,-0.21,0.11,0.49,16.97,-17.64
0.89,-0.19,0.12,-0.06,20.81,-17.40
0.95,-0.20,0.14,-0.85,22.46,-15.56
0.85,-0.15,0.13,-1.16,22.71,-12.57
0.92,-0.24,0.16,0.37,25.76,-14.28
0.98,-0.24,0.17,-10.99,25.39,-12.27
0.94,-0.27,0.15,-10.01,24.72,-6.16
0.91,-0.32,0.12,-4.27,22.16,-4.94
0.88,-0.32,0.10,1.22,19.59,-3.54
0.89,-0.34,0.11,7.63,16.48,-0.92
0.91,-0.35,0.12,10.01,11.41,1.34
0.93,-0.32,0.13,11.05,7.02,2.75
0.94,-0.31,0.15,13.49,3.66,3.17
0.94,-0.33,0.12,17.88,3.05,3.60
0.95,-0.34,0.10,21.36,3.66,5.43
0.96,-0.33,0.07,24.11,4.09,7.26
1.00,-0.32,0.08,26.86,3.78,9.46
1.04,-0.32,0.10,29.91,2.99,13.12
1.01,-0.37,0.12,33.94,2.75,17.58
0.93,-0.44,0.10,32.96,4.82,20.87
0.86,-0.50,0.05,28.56,8.18,22.16
0.84,-0.52,0.04,24.41,9.52,22.52
0.84,-0.50,0.04,22.64,7.45,21.61
0.84,-0.44,0.04,22.28,2.75,19.59
0.86,-0.38,0.02,23.80,-1.40,17.27
0.87,-0.37,0.01,24.72,-4.15,14.65
0.86,-0.36,0.01,21.36,-6.41,11.60
0.87,-0.32,0.03,15.75,-7.39,8.79
0.88,-0.30,0.06,11.23,-7.87,6.10
0.89,-0.30,0.08,8.54,-7.20,4.94
0.91,-0.30,0.09,5.49,-5.00,4.82
0.95,-0.31,0.12,6.53,-2.93,5.43
0.94,-0.37,0.08,9.83,0.12,7.02
0.88,-0.44,0.03,4.46,5.62,7.08
0.84,-0.49,-0.00,-3.36,11.54,5.68
0.83,-0.51,0.02,-4.15,14.53,4.58
0.84,-0.51,0.09,-2.62,13.92,3.36
0.87,-0.47,0.13,-1.65,11.72,1.34
0.88,-0.43,0.11,5.74,7.75,0.31
0.88,-0.42,0.06,15.32,2.62,-0.12
0.88,-0.40,0.04,18.43,-2.99,-1.65
0.92,-0.31,0.06,14.28,-7.93,-3.23
1.00,-0.20,0.13,13.37,-11.90,-3.54
1.03,-0.23,0.06,22.09,-11.47,-0.24
1.01,-0.34,-0.02,15.93,-4.88,4.58
0.92,-0.42,-0.06,-0.43,5.55,6.47
0.83,-0.43,-0.01,-3.97,13.43,6.96
0.77,-0.58,0.06,2.93,15.93,5.68
0.75,-0.52,0.11,-0.24,17.03,2.32
0.76,-0.51,0.09,2.38,17.46,8.30
0.79,-0.52,0.06,9.77,14.16,10.93
0.84,-0.49,0.04,10.74,9.03,11.11
0.89,-0.43,0.05,8.48,2.20,9.77
0.97,-0.38,0.10,9.89,-5.31,6.29
1.02,-0.35,0.13,14.89,-10.56,4.46
0.98,-0.44,0.06,16.54,-10.07,3.60
0.91,-0.51,0.03,10.25,-5.13,3.60
0.86,-0.53,0.03,3.78,0.67,3.66
0.84,-0.50,0.06,5.86,2.50,4.64
0.86,-0.46,0.11,10.62,1.59,7.32
0.87,-0.43,0.09,17.58,0.67,8.30
0.85,-0.41,0.05,21.85,-2.44,6.65
0.83,-0.36,0.03,20.14,-5.13,3.48
0.84,-0.33,0.02,14.28,-6.71,-0.31
0.87,-0.31,0.00,7.08,-8.61,-3.60
0.92,-0.29,-0.01,1.16,-10.86,-5.07
0.97,-0.27,0.03,-0.79,-13.43,-5.62
1.00,-0.27,0.07,5.62,-15.44,-3.54
1.00,-0.32,0.03,12.57,-15.08,0.31
0.99,-0.41,-0.01,10.07,-11.29,3.78
0.98,-0.44,-0.02,0.06,-6.16,4.94
0.96,-0.43,0.01,-5.98,-2.62,4.70
0.95,-0.40,0.06,-2.93,-1.83,4.88
0.93,-0.37,0.11,2.50,-2.69,5.13
0.91,-0.35,0.12,7.39,-2.62,5.31
0.90,-0.40,0.10,14.10,-1.65,6.65
0.86,-0.48,0.07,18.01,-0.12,10.38
0.83,-0.50,0.08,10.56,1.04,12.94
0.85,-0.46,0.08,1.59,1.04,14.22
0.90,-0.44,0.11,3.11,-2.81,15.08
0.95,-0.43,0.18,11.84,-10.38,14.71
0.97,-0.40,0.23,21.12,-18.55,13.24
0.94,-0.41,0.22,30.52,-23.44,12.21
0.88,-0.46,0.21,38.39,-24.11,11.90
0.80,-0.58,0.13,45.53,-17.94,12.15
0.77,-0.67,-0.03,45.41,-8.61,12.45
0.79,-0.63,-0.17,35.52,-4.46,10.07
0.87,-0.52,-0.15,28.08,-9.64,5.49
1.02,-0.39,-0.12,27.95,-21.18,0.43
1.15,-0.31,-0.10,28.81,-32.78,-5.00
1.20,-0.21,-0.05,26.31,-33.94,-9.34
1.11,-0.14,0.06,26.61,-25.70,-11.11
0.99,-0.13,0.17,27.40,-14.65,-10.07
0.93,-0.11,0.29,20.08,-3.66,-7.69
0.92,-0.15,0.35,13.18,5.80,-4.88
0.89,-0.22,0.28,13.12,13.31,-2.38
0.86,-0.28,0.23,9.34,16.97,-0.37
0.89,-0.31,0.22,-3.78,17.40,0.18
0.93,-0.33,0.21,-23.07,16.36,-1.95
0.94,-0.41,0.18,-38.39,13.67,-5.31
0.95,-0.50,0.17,-41.44,9.46,-8.36
0.91,-0.55,0.19,-37.11,5.68,-10.44
0.87,-0.58,0.18,-28.81,3.66,-11.11
0.83,-0.60,0.15,-20.63,2.75,-9.77
0.83,-0.54,0.17,-15.20,3.48,-7.75
0.87,-0.45,0.17,-9.95,3.42,-5.62
0.90,-0.38,0.17,-3.72,2.14,-3.97
0.90,-0.33,0.17,-0.43,2.44,-3.48
0.88,-0.31,0.19,1.71,2.20,-3.54
0.88,-0.28,0.23,3.17,1.53,-3.30
0.90,-0.30,0.23,3.72,1.77,-3.36
0.90,-0.32,0.24,4.33,2.44,-2.99
0.87,-0.38,0.20,7.32,2.93,-1.83
0.84,-0.42,0.19,9.03,2.56,0.31
0.82,-0.43,0.21,9.22,2.50,3.23
0.84,-0.38,0.24,8.18,2.56,5.31
0.88,-0.33,0.27,9.03,0.73,5.07
0.92,-0.27,0.30,8.24,0.31,3.11
0.95,-0.17,0.32,-1.59,1.28,-0.24
0.99,-0.07,0.33,-14.47,1.53,-3.72
1.08,-0.02,0.33,-27.65,2.44,-6.84
1.16,-0.05,0.23,-40.22,6.59,-10.62
1.18,-0.14,0.10,-48.28,11.96,-13.67
1.12,-0.25,0.03,-48.71,18.68,-14.77
1.02,-0.34,0.02,-43.64,25.15,-13.98
0.92,-0.42,0.06,-35.40,30.64,-10.62
0.81,-0.50,0.10,-25.45,34.30,-6.29
0.71,-0.57,0.12,-15.01,35.95,-3.11
0.66,-0.57,0.11,-8.18,33.51,-0.55
0.67,-0.55,0.10,-5.31,25.27,0.67
0.74,-0.51,0.08,-4.33,14.28,1.22
0.82,-0.49,0.04,-2.38,5.00,1.04
0.84,-0.50,0.01,1.83,-0.79,0.24
0.83,-0.51,0.07,5.00,-4.82,-1.40
0.84,-0.51,0.14,9.16,-8.12,-1.28
0.85,-0.54,0.16,20.81,-9.22,1.34
0.84,-0.60,0.13,35.95,-8.67,4.64
0.82,-0.64,0.14,49.68,-9.64,8.85
0.84,-0.61,0.15,60.06,-12.70,13.61
0.87,-0.58,0.13,65.55,-15.93,16.05
0.90,-0.57,0.11,70.01,-20.14,17.03
0.91,-0.55,0.12,70.01,-23.68,17.09
0.91,-0.50,0.12,62.87,-24.23,14.71
0.94,-0.44,0.11,50.29,-23.62,10.80
0.99,-0.40,0.10,37.72,-23.13,6.53
1.01,-0.36,0.12,27.83,-19.29,2.62
0.98,-0.39,0.14,23.32,-13.24,-0.31
0.90,-0.44,0.18,23.68,-7.51,-0.73
0.86,-0.46,0.23,24.05,-3.72,0.73
0.85,-0.45,0.23,23.44,-1.46,1.95
0.87,-0.43,0.20,20.81,-1.04,1.10
0.88,-0.40,0.18,15.99,-1.71,-1.40
0.89,-0.36,0.18,9.89,-2.69,-3.72
0.90,-0.35,0.17,4.88,-4.15,-6.29
0.91,-0.35,0.14,1.34,-5.37,-9.34
0.91,-0.34,0.14,-1.16,-4.76,-11.23
0.92,-0.31,0.16,-2.99,-2.99,-12.08
0.93,-0.29,0.18,-2.56,-1.16,-11.60
0.93,-0.27,0.19,0.49,1.04,-10.44
0.93,-0.25,0.19,4.70,3.66,-9.34
0.91,-0.27,0.18,7.75,6.29,-7.39
0.88,-0.28,0.19,7.93,8.30,-5.13
0.87,-0.29,0.20,6.59,9.52,-3.48
0.89,-0.28,0.21,6.77,10.07,-2.01
0.91,-0.29,0.18,8.97,10.80,-0.67
0.91,-0.33,0.13,11.35,9.70,0.37
0.92,-0.35,0.12,10.01,8.12,1.16
0.91,-0.37,0.15,6.47,7.14,1.34
0.91,-0.40,0.17,5.80,7.26,1.89
0.90,-0.45,0.17,4.09,9.46,2.26
0.89,-0.48,0.17,1.10,13.18,2.99
0.87,-0.50,0.17,-1.04,16.05,4.03
0.85,-0.51,0.18,-0.92,17.64,4.58
0.83,-0.55,0.18,1.10,18.55,5.13
0.83,-0.58,0.19,1.83,18.49,5.92
0.85,-0.55,0.20,-0.18,17.82,5.68
0.85,-0.52,0.17,-1.59,16.66,4.09
0.85,-0.49,0.15,-3.72,15.01,1.89
0.86,-0.43,0.13,-8.91,14.04,-0.12
0.88,-0.38,0.11,-15.08,12.57,-2.26
0.91,-0.37,0.09,-17.27,10.50,-3.30
0.91,-0.38,0.08,-16.17,10.38,-2.69
0.91,-0.41,0.07,-15.01,11.78,-1.10
0.88,-0.44,0.06,-13.24,13.24,1.16
0.87,-0.45,0.09,-9.83,14.04,4.76
0.88,-0.45,0.13,-4.76,13.67,8.67
0.89,-0.46,0.17,3.11,13.06,11.47
0.87,-0.48,0.15,10.44,12.63,12.51
0.83,-0.54,0.10,15.69,11.78,13.18
0.82,-0.57,0.11,15.69,9.34,14.53
0.84,-0.54,0.14,13.49,5.25,15.50
0.85,-0.52,0.12,13.61,0.12,14.83
0.87,-0.51,0.09,13.43,-2.87,13.67
0.89,-0.50,0.08,11.96,-3.54,11.90
0.90,-0.48,0.08,10.86,-4.09,10.13
0.90,-0.46,0.10,10.50,-4.58,8.24
0.89,-0.44,0.10,11.84,-3.97,6.77
0.91,-0.42,0.08,10.93,-1.77,6.10
0.92,-0.43,0.08,9.58,-0.24,6.16
0.92,-0.43,0.11,9.40,0.98,6.65
0.90,-0.40,0.15,9.70,1.83,7.26
0.89,-0.37,0.17,9.46,0.98,7.57
0.89,-0.34,0.20,8.67,0.06,7.32
0.91,-0.32,0.20,5.31,0.00,6.41
0.93,-0.31,0.19,2.14,-1.10,5.37
0.94,-0.32,0.17,-0.85,-2.56,3.97
0.95,-0.32,0.16,-3.91,-2.99,3.11
0.97,-0.32,0.15,-5.13,-2.99,3.05
0.99,-0.31,0.14,-3.54,-3.11,3.23
1.00,-0.27,0.13,-0.92,-3.42,3.17
1.01,-0.22,0.11,2.62,-3.66,2.62
1.01,-0.16,0.10,4.64,-4.15,1.16
1.04,-0.10,0.06,6.04,-5.37,-0.18
1.05,-0.11,0.13,10.25,-8.67,0.73
1.03,-0.16,0.19,12.02,-5.43,3.60
1.02,-0.20,0.21,8.06,3.36,7.26
0.97,-0.28,0.22,7.51,9.28,10.01
0.89,-0.35,0.17,16.17,14.89,13.79
0.83,-0.37,0.11,22.52,20.39,15.56
0.80,-0.37,0.10,23.38,20.63,14.89
0.80,-0.35,0.10,20.51,17.64,13.37
0.83,-0.31,0.13,14.34,14.04,10.31
0.85,-0.29,0.16,8.85,10.01,6.04
0.86,-0.30,0.21,5.43,5.62,2.32
0.86,-0.34,0.20,3.36,4.21,-0.31
0.83,-0.41,0.17,1.83,4.82,-2.20
0.79,-0.45,0.10,0.37,8.61,-3.30
0.80,-0.46,0.07,-1.83,11.54,-3.97
0.84,-0.45,0.06,-1.59,11.78,-4.21
0.87,-0.47,0.04,1.22,12.02,-4.64
0.90,-0.49,0.03,2.56,12.82,-6.71
0.93,-0.50,0.02,1.89,12.21,-9.95
1.00,-0.45,0.01,-3.23,9.16,-13.73
1.13,-0.38,0.00,-12.76,4.39,-17.46
1.28,-0.29,0.02,-23.07,-0.37,-20.94
1.34,-0.23,0.05,-28.26,-2.20,-23.25
1.20,-0.26,0.10,-23.50,2.32,-23.62
0.95,-0.35,0.14,-10.62,13.24,-20.32
0.75,-0.46,0.16,1.95,24.29,-14.28
0.68,-0.52,0.17,10.25,28.50,-6.53
0.71,-0.54,0.18,15.75,25.94,0.12
0.80,-0.47,0.17,17.27,19.47,3.30
0.84,-0.39,0.16,18.31,8.48,1.89
0.85,-0.34,0.16,21.00,-2.01,-1.34
0.87,-0.33,0.13,18.13,-7.81,-4.03
0.90,-0.34,0.09,9.89,-12.15,-7.32
0.94,-0.31,0.09,3.30,-15.01,-10.50
0.95,-0.27,0.09,3.23,-13.73,-12.27
0.96,-0.25,0.07,5.68,-9.03,-12.27
0.97,-0.24,0.06,6.35,-3.05,-10.62
0.96,-0.27,0.05,7.87,2.99,-7.93
0.94,-0.31,0.07,10.44,7.87,-4.46
0.92,-0.36,0.10,10.74,11.05,-0.67
0.90,-0.39,0.13,8.91,12.63,2.32
0.88,-0.40,0.16,5.37,12.27,3.78
0.86,-0.41,0.18,2.56,11.54,3.54
0.85,-0.42,0.17,0.98,11.84,2.93
0.82,-0.46,0.13,-0.06,12.02,2.50
0.82,-0.49,0.14,-1.28,10.44,3.17
0.83,-0.50,0.15,-2.93,8.91,3.42
0.86,-0.51,0.11,-3.36,7.32,2.93
0.87,-0.53,0.07,-2.75,4.70,2.75
0.88,-0.54,0.06,-4.27,3.30,2.75
0.90,-0.55,0.05,-5.74,3.60,2.62
0.90,-0.56,0.04,-5.86,4.15,2.32
0.89,-0.56,0.03,-5.43,5.80,1.71
0.88,-0.57,0.02,-5.07,7.87,1.46
0.90,-0.59,0.04,-4.94,9.03,1.83
0.90,-0.58,0.05,-4.64,9.77,1.34
0.89,-0.54,0.07,-4.88,9.40,0.49
0.88,-0.51,0.06,-5.62,7.87,-0.31
0.86,-0.49,0.06,-6.29,5.86,-0.31
0.85,-0.45,0.08,-8.91,4.52,-0.18
0.86,-0.42,0.09,-12.51,3.30,-0.24
0.88,-0.41,0.10,-14.40,2.08,0.24
0.91,-0.41,0.12,-14.65,1.10,1.16
0.91,-0.42,0.13,-12.33,0.06,1.53
0.89,-0.42,0.13,-8.85,-1.28,1.83
0.89,-0.45,0.15,-6.04,-2.01,2.75
0.91,-0.46,0.16,-4.58,-1.83,4.03
0.90,-0.48,0.16,-3.66,-1.95,4.46
0.88,-0.48,0.16,-2.69,-1.40,4.27
0.87,-0.45,0.17,-1.89,-1.28,3.30
0.86,-0.41,0.15,-1.53,-1.77,2.08
0.86,-0.37,0.14,-1.71,-2.32,0.79
0.90,-0.32,0.14,-2.56,-2.87,-0.67
0.94,-0.26,0.17,-3.11,-3.60,-1.77
0.97,-0.22,0.20,-2.87,-3.91,-2.44
0.97,-0.21,0.19,-0.79,-3.72,-1.77
0.94,-0.24,0.19,-1.28,-2.93,-0.31
0.90,-0.32,0.21,-2.56,-0.55,2.26
0.91,-0.37,0.26,-3.91,2.69,5.49
0.92,-0.38,0.29,-4.39,4.70,7.08
0.90,-0.37,0.28,-2.08,5.74,6.29
0.88,-0.37,0.23,1.71,6.59,4.82
0.88,-0.37,0.19,4.27,7.02,2.87
0.89,-0.37,0.18,4.27,6.29,0.43
0.90,-0.36,0.19,2.75,5.07,-2.08
0.90,-0.36,0.19,1.10,3.78,-3.78
0.88,-0.37,0.19,-0.49,3.42,-4.33
0.88,-0.37,0.19,-2.32,3.66,-4.33
0.89,-0.36,0.19,-1.22,3.60,-4.03
0.89,-0.36,0.17,2.14,3.11,-2.99
0.90,-0.36,0.17,5.80,1.59,-1.40
0.90,-0.37,0.18,10.56,0.18,0.49
0.91,-0.39,0.20,12.51,0.92,2.56
0.92,-0.38,0.20,9.46,2.32,3.48
0.92,-0.36,0.18,10.56,2.32,3.66
0.91,-0.36,0.16,15.50,2.26,3.36
0.91,-0.35,0.16,17.70,2.99,2.56
0.92,-0.34,0.15,18.68,3.66,1.65
0.93,-0.35,0.13,18.98,3.48,0.55
0.93,-0.35,0.12,17.27,2.69,-0.18
0.92,-0.35,0.12,15.01,1.40,-0.73
0.90,-0.37,0.13,13.67,0.18,-1.22
0.90,-0.38,0.14,12.08,-0.85,-1.22
0.91,-0.37,0.15,11.60,-2.38,-1.59
0.93,-0.35,0.16,11.47,-3.72,-2.56
0.93,-0.34,0.15,12.27,-4.33,-3.54
0.94,-0.35,0.13,13.55,-4.58,-3.54
0.96,-0.35,0.13,15.14,-4.94,-3.48
0.96,-0.36,0.14,14.47,-4.70,-3.72
0.94,-0.36,0.15,14.40,-2.99,-4.21
0.91,-0.36,0.16,15.14,-0.18,-4.46
0.89,-0.36,0.14,15.14,3.91,-4.58
0.88,-0.37,0.12,14.16,7.69,-5.07
0.87,-0.38,0.10,13.24,9.77,-5.74
0.87,-0.39,0.11,12.57,9.52,-6.59
0.88,-0.40,0.11,10.93,7.87,-7.57
0.89,-0.39,0.11,9.28,5.13,-8.30
0.90,-0.40,0.11,8.18,2.32,-8.61
0.90,-0.41,0.10,7.63,0.24,-8.06
0.89,-0.43,0.11,6.96,-0.85,-7.32
0.90,-0.44,0.12,7.63,-0.43,-6.35
0.90,-0.45,0.12,10.80,0.37,-5.19
0.89,-0.45,0.10,15.87,0.92,-4.46
0.88,-0.44,0.10,18.68,1.53,-4.21
0.88,-0.43,0.10,19.90,1.95,-4.09
0.88,-0.43,0.10,19.47,2.20,-4.21
0.91,-0.43,0.10,17.46,2.56,-4.21
0.93,-0.42,0.10,15.01,2.38,-4.15
0.93,-0.42,0.10,14.28,1.71,-4.15
0.92,-0.42,0.10,14.22,1.89,-4.09
0.91,-0.42,0.11,14.65,2.56,-3.91
0.88,-0.43,0.11,16.66,3.05,-3.85
0.86,-0.45,0.09,19.23,3.66,-3.72
0.85,-0.47,0.09,19.04,4.27,-3.54
0.86,-0.47,0.09,16.11,3.85,-3.30
0.87,-0.47,0.09,14.28,1.46,-3.36
0.88,-0.48,0.09,12.88,-0.55,-2.69
0.89,-0.45,0.10,10.44,-2.87,-2.26
0.92,-0.42,0.13,9.34,-5.00,-2.08
0.91,-0.40,0.13,11.90,-5.74,-1.89
0.91,-0.39,0.13,14.34,-5.31,-1.95
0.90,-0.39,0.14,15.26,-3.85,-2.32
0.89,-0.39,0.13,14.65,-1.59,-2.93
0.89,-0.39,0.12,12.02,0.49,-3.42
0.90,-0.39,0.12,8.91,1.83,-3.60
0.91,-0.39,0.13,6.29,2.81,-3.85
0.91,-0.39,0.13,5.86,3.42,-4.03
0.90,-0.41,0.12,6.84,4.03,-3.72
0.89,-0.43,0.13,7.08,4.46,-2.93
0.88,-0.44,0.13,6.90,4.94,-1.77
0.88,-0.44,0.12,6.71,4.82,-0.73
0.88,-0.44,0.13,7.57,3.60,0.67
0.87,-0.43,0.12,8.73,1.83,1.59
0.87,-0.42,0.13,9.03,0.37,1.95
0.88,-0.42,0.14,8.67,-0.43,2.08
0.89,-0.43,0.15,7.69,-0.31,1.89
0.89,-0.42,0.15,7.45,0.85,1.77
0.89,-0.43,0.14,8.79,2.20,2.14
0.89,-0.44,0.14,10.19,3.30,2.75
0.88,-0.45,0.14,11.54,4.39,3.48
0.88,-0.45,0.13,12.57,5.43,4.09
0.88,-0.45,0.12,11.66,5.37,4.09
0.88,-0.45,0.12,10.44,5.00,4.03
0.88,-0.46,0.12,9.95,4.58,3.60
0.87,-0.46,0.12,8.85,4.15,2.93
0.87,-0.46,0.12,6.96,3.85,2.14
0.89,-0.45,0.12,4.94,3.85,1.89
0.89,-0.44,0.13,4.82,3.30,1.53
0.88,-0.43,0.12,4.58,3.42,1.34
0.89,-0.44,0.13,3.11,3.60,1.59
0.90,-0.44,0.12,3.36,4.21,2.08
0.89,-0.44,0.12,5.86,3.72,2.50
0.88,-0.44,0.12,8.06,3.23,2.62
0.87,-0.45,0.12,10.44,3.23,2.99
0.87,-0.47,0.10,11.47,2.69,3.54
0.87,-0.45,0.12,9.89,0.79,3.85
0.88,-0.43,0.16,7.93,-0.43,4.33
0.90,-0.41,0.17,7.87,-0.12,5.19
0.90,-0.40,0.17,9.16,0.49,5.62
0.90,-0.42,0.14,11.66,1.53,6.23
0.89,-0.43,0.12,12.51,1.89,7.51
0.88,-0.40,0.15,10.50,1.28,7.81
0.88,-0.39,0.15,8.91,1.28,8.00
0.89,-0.40,0.13,11.17,0.73,8.61
0.88,-0.42,0.13,12.21,-0.79,8.67
0.88,-0.43,0.14,10.07,-1.95,8.36
0.89,-0.41,0.14,9.52,-1.59,8.54
0.90,-0.41,0.14,11.66,-1.89,9.03
0.90,-0.41,0.12,11.90,-2.44,9.16
0.90,-0.39,0.12,10.38,-1.77,8.54
0.90,-0.38,0.13,11.11,-0.55,8.12
0.90,-0.37,0.14,10.93,0.18,7.87
0.91,-0.38,0.15,8.42,1.10,7.08
0.91,-0.38,0.15,5.68,2.69,6.35
0.91,-0.38,0.14,1.95,4.27,5.31
0.90,-0.40,0.14,-0.98,5.00,3.97
0.90,-0.43,0.15,-2.56,5.31,3.30
0.89,-0.45,0.15,-3.36,6.10,3.30
0.88,-0.45,0.14,-4.09,6.53,2.75
0.88,-0.46,0.13,-3.60,6.04,2.32
0.89,-0.44,0.13,-2.44,5.25,2.38
0.90,-0.44,0.13,-1.83,4.39,2.01
0.89,-0.44,0.13,-0.67,3.78,1.34
0.88,-0.43,0.15,0.92,3.85,1.22
0.89,-0.43,0.16,1.04,4.27,1.04
0.89,-0.43,0.16,0.67,4.70,0.73
0.88,-0.42,0.16,2.08,5.13,0.18
0.88,-0.43,0.15,3.78,4.82,0.12
0.89,-0.43,0.14,5.19,4.03,0.37
0.89,-0.43,0.13,5.80,2.93,0.18
0.89,-0.42,0.14,6.41,1.71,-0.12
0.90,-0.41,0.14,6.59,1.34,-0.12
0.90,-0.39,0.15,6.90,0.55,-0.37
0.90,-0.39,0.14,6.84,-0.12,-0.31
0.90,-0.40,0.13,5.68,0.61,0.18
0.90,-0.38,0.15,3.60,1.10,0.55
0.91,-0.37,0.16,2.08,1.83,0.49
0.90,-0.37,0.16,2.38,2.20,0.24
0.90,-0.37,0.15,3.85,1.83,0.00
0.90,-0.39,0.15,4.64,1.53,-0.18
0.89,-0.41,0.15,3.78,1.10,-0.06
0.89,-0.40,0.16,2.99,1.16,0.24
0.90,-0.39,0.16,3.05,1.04,0.00
0.90,-0.40,0.15,4.88,0.18,-0.31
0.89,-0.40,0.15,5.74,-0.61,-0.49
0.90,-0.40,0.14,4.82,-0.37,-0.49
0.90,-0.39,0.14,2.75,1.22,-0.55
0.91,-0.39,0.14,2.32,2.69,-0.67
0.90,-0.40,0.14,2.93,3.66,-0.61
0.89,-0.40,0.16,3.48,4.03,-0.24
0.89,-0.41,0.15,4.88,4.58,0.43
0.88,-0.43,0.15,5.86,4.46,1.04
0.88,-0.43,0.14,5.80,4.33,1.22
0.89,-0.41,0.14,5.00,3.72,0.98
0.90,-0.41,0.13,4.46,2.75,0.55
0.90,-0.43,0.14,4.39,2.75,0.37
0.90,-0.44,0.14,3.91,3.60,0.43
0.90,-0.43,0.14,3.54,4.46,0.18
0.90,-0.43,0.13,4.58,4.88,-0.06
0.89,-0.43,0.11,6.10,4.82,0.00
0.88,-0.44,0.12,6.90,4.09,0.37
0.88,-0.43,0.12,7.14,3.66,0.49
0.88,-0.42,0.13,6.16,2.62,0.12
0.89,-0.41,0.14,6.04,1.34,0.61
0.89,-0.40,0.15,5.74,1.34,0.85
0.90,-0.40,0.15,4.88,1.77,1.04
0.90,-0.40,0.15,4.21,2.26,1.16
0.89,-0.41,0.14,4.09,2.93,1.46
0.89,-0.41,0.15,4.46,3.05,1.59
0.89,-0.42,0.15,5.19,2.62,1.53
0.89,-0.42,0.15,5.49,2.50,1.28
0.89,-0.42,0.14,5.31,2.14,0.98
0.88,-0.42,0.13,5.80,1.59,0.85
0.89,-0.43,0.15,5.62,1.22,0.98
0.90,-0.43,0.15,5.43,2.32,1.40
0.90,-0.42,0.14,4.94,3.17,1.71
0.89,-0.41,0.13,5.92,2.62,1.59
0.89,-0.41,0.14,7.45,1.89,1.95
0.89,-0.41,0.15,8.36,1.28,2.20
0.90,-0.40,0.15,7.75,1.10,2.14
0.91,-0.40,0.15,6.10,0.61,1.77
0.90,-0.39,0.15,4.03,1.28,1.46
0.90,-0.40,0.15,3.60,2.62,1.22
0.90,-0.42,0.14,4.46,3.91,1.65
0.89,-0.42,0.13,4.82,4.15,2.14
0.89,-0.42,0.14,3.97,4.33,2.14
0.89,-0.42,0.14,3.54,4.27,1.89
0.89,-0.42,0.15,4.21,3.48,1.77
0.89,-0.41,0.14,4.52,3.17,1.65
0.89,-0.41,0.15,4.27,2.50,1.53
0.90,-0.40,0.14,3.66,2.56,1.65
0.90,-0.40,0.16,4.15,2.62,1.53
0.89,-0.40,0.14,5.98,3.05,1.65
0.89,-0.41,0.14,7.26,2.50,2.14
0.89,-0.40,0.14,7.02,2.32,2.69
0.89,-0.38,0.15,6.41,2.08,2.69
0.90,-0.37,0.16,5.19,1.95,2.44
0.90,-0.37,0.15,4.33,2.75,2.26
0.91,-0.37,0.14,3.97,3.23,2.38
0.91,-0.37,0.15,3.05,3.05,2.69
0.90,-0.39,0.16,3.05,3.60,2.87
0.89,-0.40,0.16,3.17,5.00,3.66
0.89,-0.40,0.15,3.11,5.62,4.27
0.90,-0.42,0.16,2.08,5.00,4.39
0.89,-0.43,0.17,2.14,5.37,4.64
0.87,-0.44,0.16,2.87,6.16,4.82
0.87,-0.45,0.16,4.03,6.16,4.88
0.87,-0.43,0.16,5.80,5.07,4.94
0.88,-0.41,0.15,7.93,3.91,4.76
0.90,-0.41,0.14,9.64,2.14,4.64
0.90,-0.41,0.14,10.19,0.98,4.88
0.90,-0.40,0.15,8.85,0.92,4.88
0.90,-0.39,0.15,7.51,1.71,4.70
0.91,-0.39,0.14,5.98,3.17,4.58
0.91,-0.40,0.15,5.62,4.15,4.88
0.90,-0.39,0.16,6.29,5.55,5.37
0.90,-0.39,0.15,5.92,6.41,5.13
0.90,-0.39,0.14,5.07,6.23,5.19
0.90,-0.39,0.14,4.33,5.19,5.74
0.90,-0.38,0.15,2.62,4.52,5.98
0.90,-0.36,0.16,1.46,4.27,5.68
0.90,-0.36,0.15,1.34,4.15,5.55
0.91,-0.36,0.14,0.98,3.42,5.80
0.91,-0.37,0.14,0.18,3.72,6.29
0.92,-0.39,0.14,-0.37,4.76,6.90
0.91,-0.40,0.13,0.18,5.86,7.51
0.90,-0.40,0.14,1.65,5.43,8.06
0.89,-0.40,0.14,2.62,5.49,8.73
0.89,-0.40,0.14,1.95,6.10,9.16
0.90,-0.38,0.15,0.49,5.86,9.28
0.89,-0.38,0.15,-0.55,6.10,8.85
0.89,-0.37,0.15,-1.10,6.29,8.73
0.90,-0.37,0.14,-1.53,6.41,8.79
0.90,-0.38,0.15,-1.89,5.92,8.91
0.90,-0.38,0.15,-1.65,6.10,9.46
0.90,-0.38,0.14,-2.44,6.65,9.77
0.89,-0.39,0.13,-1.46,6.47,10.50
0.88,-0.40,0.13,-0.24,6.16,11.60
0.90,-0.39,0.14,-1.34,5.62,12.63
0.91,-0.37,0.14,-2.20,5.19,13.00
0.92,-0.36,0.13,-0.12,3.85,13.00
0.91,-0.35,0.13,2.56,2.75,13.12
0.91,-0.36,0.12,3.78,3.72,13.49
0.90,-0.37,0.11,2.93,5.55,13.98
0.89,-0.38,0.11,1.59,6.16,14.71
0.88,-0.40,0.13,0.43,6.35,16.17
0.90,-0.39,0.12,-0.98,6.96,17.58
0.91,-0.41,0.11,-1.53,6.53,18.74
0.91,-0.44,0.10,-0.98,5.25,19.41
0.92,-0.45,0.13,-0.79,4.58,19.84
0.92,-0.45,0.15,-0.12,3.54,19.41
0.91,-0.44,0.12,0.31,3.54,18.13
0.90,-0.43,0.12,-0.67,3.78,16.48
0.89,-0.41,0.15,-0.24,3.17,16.11
0.89,-0.40,0.14,0.55,2.75,16.17
0.90,-0.38,0.15,-0.55,1.77,15.50
0.92,-0.36,0.13,-0.98,1.28,14.95
0.92,-0.35,0.14,-1.34,1.40,14.89
0.91,-0.34,0.15,-2.93,1.77,14.95
0.92,-0.30,0.14,-6.41,1.53,14.83
0.95,-0.27,0.14,-9.34,0.24,14.34
0.97,-0.28,0.13,-10.50,0.61,13.24
0.95,-0.30,0.14,-10.62,3.30,12.57
0.93,-0.31,0.16,-10.99,5.62,13.12
0.91,-0.30,0.15,-13.06,8.06,13.73
0.91,-0.27,0.16,-14.59,9.28,14.34
0.91,-0.25,0.16,-13.61,10.07,15.08
0.90,-0.25,0.13,-11.72,10.13,16.42
0.90,-0.24,0.12,-12.33,9.70,17.52
0.91,-0.21,0.11,-15.56,7.45,18.68
0.96,-0.19,0.09,-17.15,3.42,19.47
0.99,-0.19,0.15,-16.11,-1.40,20.26
0.99,-0.20,0.17,-11.90,-2.26,21.00
0.96,-0.22,0.18,-7.20,-0.79,21.61
0.94,-0.20,0.16,-6.96,2.38,22.40
0.91,-0.23,0.16,-6.10,5.13,23.74
0.85,-0.29,0.19,1.10,8.18,27.16
0.82,-0.31,0.22,4.82,12.02,31.86
0.80,-0.30,0.21,5.25,11.17,35.34
0.82,-0.25,0.19,3.36,5.80,36.99
0.89,-0.15,0.19,-0.92,0.12,37.05
0.94,-0.06,0.20,-3.72,-4.76,35.83
0.99,-0.02,0.21,-4.70,-6.90,34.36
1.02,-0.02,0.16,-6.53,-5.25,32.96
1.00,-0.04,0.09,-7.81,-3.72,31.25
0.99,-0.09,0.11,-8.73,-2.87,30.94
0.97,-0.13,0.13,-6.65,-1.83,32.29
0.97,-0.14,0.13,-4.76,-2.38,34.18
0.95,-0.16,0.15,-3.66,-2.38,35.58
0.95,-0.14,0.13,-5.92,2.50,37.23
0.94,-0.11,0.15,-10.07,6.77,38.39
0.96,-0.01,0.27,-13.61,2.93,40.34
0.95,0.02,0.25,-5.25,-3.05,43.03
0.90,-0.03,0.13,9.16,-1.59,45.59
0.91,-0.01,0.09,9.95,4.09,47.85
0.95,0.05,0.12,-3.36,4.09,48.58
0.94,0.05,0.16,-14.28,-0.24,48.58
0.88,-0.04,0.27,-14.40,0.49,49.32
0.84,-0.13,0.29,-8.73,9.40,52.31
0.80,-0.23,0.24,0.37,14.16,56.03
0.81,-0.23,0.21,3.66,3.91,62.01
0.90,-0.14,0.26,3.48,-10.13,65.73
1.00,-0.09,0.20,7.51,-19.35,66.77
1.05,-0.08,0.15,11.35,-19.65,64.45
1.09,-0.04,0.08,3.54,-11.60,59.08
1.07,-0.01,0.04,-6.35,-5.98,53.22
1.02,0.05,0.09,-10.80,-2.08,49.99
0.95,0.04,0.13,-12.21,-0.73,52.12
0.86,-0.02,0.20,-6.16,0.61,57.01
0.86,0.02,0.27,-10.44,5.74,60.79
0.87,0.06,0.35,-18.55,8.54,61.34
0.85,0.01,0.28,-13.43,7.39,62.26
0.86,-0.04,0.26,-4.58,3.11,64.94
0.91,-0.06,0.21,-5.43,0.31,66.10
1.00,-0.02,0.20,-14.16,-0.18,62.93
1.03,-0.03,0.18,-16.05,-2.56,58.41
1.04,-0.08,0.15,-15.69,-3.91,55.91
1.06,-0.06,0.20,-17.70,-3.11,55.36
1.07,-0.03,0.22,-17.21,-0.31,54.81
1.07,-0.01,0.15,-13.98,4.39,54.99
1.05,-0.02,0.16,-11.96,7.20,56.03
1.04,-0.01,0.20,-10.38,11.90,57.01
1.03,0.01,0.21,-11.17,15.56,57.62
0.98,-0.01,0.22,-8.18,13.67,59.02
0.97,0.01,0.27,-7.51,11.54,60.55
1.00,0.07,0.31,-10.80,10.62,60.00
1.00,0.07,0.26,-10.99,8.24,58.23
1.00,0.08,0.26,-11.66,7.14,56.40
1.01,0.12,0.26,-14.28,10.07,53.16
1.01,0.14,0.25,-14.83,15.01,49.62
1.00,0.16,0.20,-16.05,20.87,46.88
0.97,0.15,0.16,-15.87,23.01,45.78
0.97,0.17,0.14,-15.63,23.07,45.78
0.95,0.19,0.10,-13.55,22.77,46.88
0.92,0.22,0.08,-10.56,22.71,48.71
0.89,0.28,0.09,-10.07,23.93,50.78
0.86,0.31,0.07,-8.73,23.07,53.10
0.82,0.33,0.08,-6.47,20.51,56.58
0.80,0.36,0.10,-5.55,19.04,59.39
0.78,0.38,0.12,-3.48,18.31,60.18
0.77,0.37,0.13,0.79,14.47,61.65
0.79,0.40,0.15,-0.67,11.41,61.95
0.84,0.45,0.19,-5.25,7.63,60.55
0.85,0.46,0.17,-6.96,3.85,59.69
0.85,0.46,0.14,-7.51,5.62,60.24
0.84,0.47,0.11,-10.50,10.86,60.36
0.82,0.50,0.14,-12.33,15.99,59.81
0.83,0.55,0.15,-13.79,20.39,59.57
0.79,0.53,0.10,-10.86,22.09,60.24
0.74,0.50,0.10,-6.29,23.99,61.58
0.77,0.53,0.12,-7.14,27.89,62.38
0.78,0.54,0.14,-7.26,26.31,63.11
0.77,0.53,0.10,-4.70,22.34,65.00
0.79,0.53,0.08,-5.00,19.90,66.59
0.80,0.53,0.08,-6.16,17.70,66.77
0.82,0.52,0.10,-8.06,16.42,66.71
0.84,0.53,0.14,-6.10,16.30,66.41
0.93,0.53,0.04,-0.24,15.20,64.70
1.00,0.56,0.03,-6.71,15.26,60.91
1.08,0.53,0.05,-11.29,21.42,55.73
1.13,0.51,0.09,-10.13,27.95,51.33
1.10,0.46,0.14,-7.69,31.80,48.65
1.02,0.37,0.13,-0.31,34.67,46.81
0.97,0.36,0.15,7.32,37.48,45.78
0.92,0.37,0.09,11.54,38.27,44.25
0.90,0.45,0.04,8.54,37.05,41.20
0.90,0.56,0.06,2.56,33.08,35.95
0.90,0.60,0.08,1.89,27.95,33.02
0.91,0.57,0.09,6.90,23.86,33.33
0.95,0.56,0.10,9.77,20.32,33.08
1.00,0.57,0.08,9.40,16.72,33.57
1.00,0.56,0.09,9.58,15.63,32.10
0.97,0.56,0.08,10.01,17.88,29.85
0.94,0.58,0.08,5.98,20.63,28.75
0.91,0.60,0.08,-0.18,22.83,26.61
0.89,0.62,0.07,-5.31,23.07,24.11
0.88,0.61,0.03,-9.09,22.16,22.58
0.87,0.59,0.03,-10.62,21.85,21.91
0.84,0.56,0.03,-11.90,21.79,22.52
0.80,0.55,0.03,-15.20,19.29,22.64
0.77,0.54,0.03,-20.26,15.75,22.83
0.75,0.55,0.02,-24.60,12.57,23.13
0.76,0.56,0.02,-27.04,8.73,23.50
0.77,0.58,0.00,-28.50,4.03,21.79
0.77,0.61,-0.01,-29.30,1.04,19.41
0.78,0.62,-0.03,-28.32,-1.22,18.43
0.79,0.63,-0.03,-25.94,-2.81,16.30
0.78,0.63,-0.03,-22.46,-4.03,13.85
0.78,0.63,-0.04,-19.29,-5.49,11.23
0.78,0.63,-0.05,-16.97,-6.59,8.85
0.78,0.63,-0.04,-16.17,-6.10,6.71
0.78,0.64,-0.02,-16.24,-5.25,5.13
0.78,0.64,-0.02,-15.81,-3.42,4.15
0.76,0.63,-0.03,-13.55,-0.98,3.85
0.74,0.61,-0.04,-10.01,1.46,4.09
0.72,0.60,-0.04,-7.26,3.48,4.39
0.71,0.60,-0.04,-5.37,5.00,4.94
0.70,0.61,-0.06,-3.66,5.74,5.49
0.69,0.62,-0.07,-2.93,5.37,6.04
0.68,0.63,-0.08,-3.91,3.97,6.35
0.68,0.65,-0.08,-5.00,1.65,6.16
0.69,0.68,-0.07,-7.14,-1.59,5.86
0.71,0.69,-0.07,-8.42,-4.03,5.62
0.74,0.70,-0.07,-8.30,-5.25,5.68
0.76,0.70,-0.06,-7.39,-5.74,6.29
0.76,0.70,-0.06,-5.00,-5.49,7.26
0.75,0.70,-0.07,-0.61,-3.66,8.61
0.71,0.68,-0.08,5.25,-0.24,9.89
0.67,0.67,-0.06,8.85,4.15,10.19
0.68,0.68,-0.02,7.45,8.61,9.16
0.70,0.70,0.00,4.82,12.39,7.26
0.72,0.70,-0.00,4.82,13.85,5.74
0.73,0.69,-0.01,6.41,12.94,4.82
0.74,0.67,-0.03,7.45,10.74,4.58
0.74,0.66,-0.02,6.53,8.24,4.09
0.74,0.65,-0.01,4.09,6.53,3.48
0.75,0.66,-0.00,1.89,6.47,2.44
0.76,0.66,-0.01,0.85,7.51,1.04
0.76,0.67,-0.02,1.59,9.77,-0.31
0.75,0.67,-0.03,4.21,12.15,-1.40
0.74,0.67,-0.04,7.26,13.73,-2.32
0.72,0.68,-0.03,8.54,14.77,-3.17
0.71,0.68,-0.03,8.48,14.59,-3.78
0.70,0.69,-0.03,7.08,13.31,-4.39
0.70,0.69,-0.02,5.19,11.47,-4.94
0.71,0.69,-0.02,4.33,9.58,-5.49
0.73,0.68,-0.02,4.58,7.20,-6.16
0.75,0.67,-0.02,6.10,4.58,-6.04
0.75,0.65,-0.02,8.06,2.81,-5.19
0.75,0.64,-0.03,9.22,1.83,-4.27
0.75,0.63,-0.04,10.31,1.22,-3.36
0.75,0.62,-0.06,12.21,1.16,-2.14
0.74,0.62,-0.06,14.28,0.92,-1.28
0.75,0.61,-0.05,14.83,1.28,-1.28
0.76,0.60,-0.04,14.10,2.56,-2.01
0.76,0.58,-0.03,13.55,5.07,-2.87
0.75,0.57,-0.03,14.10,6.71,-3.91
0.74,0.55,-0.03,13.73,6.65,-4.70
0.74,0.54,-0.02,11.72,5.49,-5.98
0.74,0.53,-0.01,10.31,4.70,-7.02
0.75,0.53,-0.01,9.16,4.21,-7.81
0.76,0.53,-0.02,8.12,3.23,-8.30
0.78,0.54,-0.03,7.51,2.01,-9.03
0.79,0.57,-0.04,7.57,0.61,-10.01
0.82,0.60,-0.04,7.51,-0.79,-11.41
0.86,0.63,-0.04,6.65,-2.44,-13.12
0.89,0.65,-0.02,6.23,-3.72,-13.67
0.91,0.65,-0.02,6.59,-3.54,-13.06
0.90,0.62,-0.03,7.75,-1.34,-10.74
0.88,0.58,-0.05,9.28,2.44,-7.32
0.84,0.56,-0.07,9.52,6.53,-4.27
0.81,0.55,-0.07,7.69,9.77,-2.44
0.79,0.55,-0.06,5.55,12.45,-0.73
0.78,0.56,-0.05,4.21,14.40,0.73
0.77,0.56,-0.05,3.23,15.32,1.83
0.76,0.57,-0.05,2.14,14.77,2.14
0.76,0.58,-0.05,0.73,13.00,1.40
0.76,0.60,-0.04,-0.43,10.50,0.31
0.77,0.61,-0.03,-0.49,7.45,-1.04
0.79,0.61,-0.03,0.37,4.94,-2.26
0.79,0.60,-0.05,1.34,3.11,-3.30
0.79,0.59,-0.06,2.26,2.20,-4.09
0.79,0.59,-0.07,3.23,1.89,-4.27
0.78,0.59,-0.08,4.70,2.26,-4.27
0.78,0.60,-0.08,5.19,3.17,-4.27
0.78,0.60,-0.07,5.31,4.88,-4.21
0.78,0.60,-0.06,5.31,6.71,-4.03
0.78,0.60,-0.06,5.31,8.00,-3.36
0.78,0.59,-0.06,5.49,8.79,-2.38
0.78,0.59,-0.05,5.80,8.67,-1.22
0.77,0.58,-0.05,6.53,7.81,-0.31
0.76,0.57,-0.05,6.90,6.16,0.49
0.76,0.57,-0.04,7.02,4.64,0.92
0.76,0.57,-0.04,7.69,3.23,1.04
0.77,0.58,-0.04,8.36,1.71,0.73
0.78,0.58,-0.04,8.67,0.37,0.55
0.78,0.59,-0.04,8.85,-0.61,-0.18
0.78,0.59,-0.05,9.03,-0.73,-0.85
0.79,0.60,-0.05,9.03,-0.49,-1.40
0.79,0.60,-0.05,9.46,0.24,-1.77
0.80,0.61,-0.05,9.58,1.59,-2.08
0.80,0.60,-0.05,10.19,3.05,-1.95
0.79,0.60,-0.05,10.74,4.70,-1.53
0.78,0.59,-0.05,11.29,6.23,-1.16
0.78,0.59,-0.05,11.96,6.96,-0.92
0.77,0.58,-0.05,12.45,6.59,-0.61
0.77,0.59,-0.04,12.02,5.49,-0.24
0.77,0.59,-0.03,11.29,4.58,-0.31
0.78,0.59,-0.03,10.62,3.66,-0.61
0.78,0.58,-0.03,10.44,2.81,-0.55
0.78,0.58,-0.03,10.31,2.01,-0.55
0.78,0.59,-0.03,10.25,1.65,-0.43
0.78,0.59,-0.03,9.64,1.46,-0.31
0.79,0.60,-0.03,9.03,1.59,-0.12
0.79,0.60,-0.03,8.12,1.83,-0.18
0.80,0.61,-0.02,7.39,2.38,-0.24
0.80,0.61,-0.02,7.08,2.93,-0.24
0.80,0.61,-0.02,6.77,3.54,-0.67
0.80,0.60,-0.02,6.47,4.09,-0.61
0.79,0.59,-0.03,6.53,4.52,-0.61
0.78,0.58,-0.04,6.53,4.33,-0.37
0.78,0.57,-0.04,6.96,4.09,0.18
0.77,0.58,-0.04,6.90,3.72,0.43
0.77,0.58,-0.03,6.53,3.23,0.49
0.77,0.59,-0.03,6.04,2.75,0.37
0.78,0.59,-0.03,5.37,2.26,0.31
0.79,0.60,-0.02,4.94,2.08,0.06
0.79,0.60,-0.02,5.19,1.77,-0.12
0.79,0.60,-0.03,5.37,1.71,-0.24
0.79,0.59,-0.03,5.68,1.77,-0.12
0.78,0.59,-0.03,6.23,2.01,0.18
0.78,0.59,-0.03,6.23,2.50,0.06
0.78,0.59,-0.03,6.84,3.05,0.12
0.78,0.59,-0.04,7.14,3.36,-0.12
0.78,0.59,-0.04,6.96,3.54,-0.12
0.78,0.59,-0.05,7.02,3.05,-0.12
0.78,0.59,-0.05,8.06,2.20,-0.06
0.78,0.60,-0.05,7.45,2.08,-0.12
0.79,0.60,-0.04,7.81,2.62,-0.43
0.78,0.60,-0.04,8.61,2.81,-0.18
0.78,0.59,-0.03,8.97,2.62,-0.18
0.78,0.59,-0.03,9.52,2.69,-0.37
0.78,0.58,-0.03,9.58,2.56,0.00
0.78,0.58,-0.04,9.89,2.26,0.55
0.78,0.58,-0.04,9.89,2.32,0.67
0.78,0.59,-0.03,9.16,2.38,0.37
0.79,0.59,-0.03,9.58,2.50,0.06
0.79,0.59,-0.03,10.62,2.50,-0.06
0.79,0.59,-0.03,10.68,2.44,-0.24
0.80,0.59,-0.02,10.31,2.44,-0.49
0.80,0.59,-0.02,9.52,2.99,-0.49
0.79,0.59,-0.02,9.09,3.42,-0.31
0.79,0.59,-0.02,9.40,3.42,-0.24
0.79,0.59,-0.02,9.28,3.11,-0.06
0.79,0.59,-0.02,9.16,3.17,0.43
0.79,0.59,-0.01,8.79,3.48,0.55
0.79,0.58,-0.01,8.54,3.72,0.55
0.79,0.58,-0.02,8.73,3.23,1.04
0.79,0.58,-0.01,8.97,2.93,1.46
0.79,0.59,-0.02,8.06,3.11,1.46
0.79,0.59,-0.01,7.39,3.17,1.04
0.79,0.59,-0.01,7.14,2.75,1.16
0.79,0.59,-0.02,7.39,2.38,1.59
0.78,0.59,-0.02,8.00,2.50,1.40
0.78,0.59,-0.02,7.45,2.93,1.22
0.79,0.60,-0.02,6.35,2.81,0.98
0.79,0.60,-0.01,6.65,2.38,0.98
0.79,0.60,-0.02,7.45,2.62,1.10
0.79,0.60,-0.02,7.51,2.81,1.28
0.78,0.60,-0.02,7.26,3.05,1.34
0.78,0.60,-0.02,7.14,3.60,1.22
0.77,0.60,-0.02,7.39,4.03,0.98
0.77,0.60,-0.02,7.45,4.15,0.98
0.77,0.60,-0.01,7.63,4.33,0.73
0.78,0.60,-0.01,7.45,4.21,0.43
0.78,0.61,-0.01,7.02,3.72,0.37
0.78,0.60,-0.01,6.65,2.99,0.43
0.78,0.61,-0.01,6.04,2.56,0.37
0.78,0.61,-0.00,5.92,2.69,0.12
0.78,0.61,-0.01,6.65,3.17,0.24
0.78,0.60,-0.01,6.90,3.48,0.24
0.78,0.60,-0.01,6.90,3.91,-0.06
0.77,0.60,-0.01,7.02,4.27,-0.18
0.77,0.60,-0.01,6.84,4.64,-0.12
0.77,0.59,-0.01,6.65,4.21,-0.06
0.77,0.59,-0.01,6.47,3.85,-0.06
0.77,0.58,-0.02,6.16,3.85,0.00
0.77,0.59,-0.01,6.29,3.11,0.31
0.77,0.59,-0.01,6.77,2.38,0.31
0.79,0.60,-0.01,6.53,2.32,-0.12
0.79,0.60,-0.01,6.41,2.14,-0.24
0.80,0.60,-0.01,7.39,2.01,-0.31
0.80,0.60,-0.01,6.96,2.08,-0.61
0.80,0.60,-0.01,7.08,2.26,-0.73
0.79,0.59,-0.02,7.08,2.81,-0.55
0.79,0.59,-0.02,6.90,3.54,-0.43
0.79,0.59,-0.01,6.90,4.15,-0.37
0.78,0.59,-0.01,7.20,4.27,-0.06
0.78,0.59,-0.01,7.08,4.46,0.18
0.78,0.59,-0.01,6.65,4.58,0.24
0.78,0.59,-0.01,6.84,4.09,0.31
0.78,0.59,-0.01,7.02,3.42,0.24
0.78,0.59,-0.02,6.47,2.99,0.18
0.78,0.60,-0.02,6.53,2.87,0.12
0.77,0.59,-0.02,7.14,2.44,0.00
0.78,0.60,-0.02,7.57,2.20,0.12
0.78,0.60,-0.02,7.81,1.95,0.12
0.78,0.60,-0.01,8.48,1.89,0.06
0.78,0.60,-0.01,8.30,1.95,0.06
0.78,0.60,-0.01,8.36,2.38,0.06
0.79,0.60,-0.01,8.67,2.56,0.06
0.78,0.60,-0.01,8.79,2.81,0.18
0.78,0.60,-0.01,9.09,3.05,0.00
0.78,0.60,-0.01,9.52,3.48,0.00
0.78,0.59,-0.01,9.77,3.36,0.12
0.78,0.59,-0.00,8.91,3.23,0.00
0.78,0.59,-0.01,9.16,3.11,-0.12
0.78,0.59,-0.00,9.64,2.93,-0.06
0.77,0.59,0.00,9.70,2.87,-0.06
0.78,0.59,0.00,9.16,2.93,0.00
0.78,0.60,-0.00,9.09,2.93,0.00
0.78,0.60,0.00,9.09,2.81,0.18
0.78,0.60,0.00,9.03,2.62,0.18
0.78,0.60,0.00,9.09,2.75,0.18
0.78,0.60,0.00,8.85,2.81,0.12
0.78,0.60,0.00,8.48,2.75,0.12
0.78,0.60,0.00,9.03,2.69,0.12
0.78,0.60,0.00,8.91,2.56,0.18
0.78,0.60,0.00,8.48,2.62,0.24
0.78,0.60,0.00,8.36,2.87,-0.12
0.78,0.60,0.00,8.24,2.75,-0.12
0.78,0.60,0.01,8.06,2.87,-0.18
0.79,0.60,0.01,7.93,2.99,-0.37
0.79,0.60,0.01,7.87,2.93,-0.37
0.78,0.60,0.01,7.63,2.81,-0.31
0.78,0.60,0.01,7.32,3.11,-0.18
0.78,0.60,0.01,7.20,3.23,-0.06
0.78,0.60,0.00,6.90,2.99,-0.12
0.78,0.60,0.01,6.23,3.05,-0.43
0.78,0.60,0.01,6.04,3.23,-0.55
0.78,0.60,0.01,6.10,3.30,-0.79
0.78,0.60,0.01,6.47,3.17,-0.73
0.78,0.60,0.01,6.47,3.23,-0.73
0.78,0.60,0.01,6.41,3.60,-0.79
0.78,0.60,0.01,6.23,3.78,-0.92
0.77,0.60,0.01,6.47,3.91,-0.98
0.77,0.60,0.01,6.35,3.97,-0.98
0.78,0.60,0.01,6.16,4.21,-1.22
0.78,0.60,0.01,5.92,3.97,-1.40
0.78,0.60,0.01,5.55,3.36,-1.46
0.78,0.59,0.01,5.43,3.42,-1.40
0.78,0.59,0.01,5.49,3.48,-1.40
0.78,0.59,0.00,5.62,3.23,-1.10
0.78,0.59,0.01,5.68,3.11,-1.04
0.78,0.59,0.01,5.55,3.54,-0.98
0.78,0.59,0.01,5.62,3.91,-0.98
0.78,0.59,0.01,5.62,3.91,-0.98
0.78,0.59,0.01,5.80,3.85,-0.79
0.78,0.59,0.00,6.16,3.97,-0.73
0.78,0.60,0.00,6.16,3.66,-0.85
0.78,0.60,0.00,5.98,3.05,-0.85
0.78,0.60,0.00,5.80,2.99,-1.22
0.79,0.60,0.01,5.43,2.99,-1.34
0.79,0.60,0.01,5.80,2.93,-1.53
0.79,0.59,0.01,6.10,2.93,-1.53
0.79,0.59,0.01,6.23,3.23,-1.46
0.79,0.59,0.01,6.04,3.60,-1.28
0.79,0.59,0.01,5.55,4.03,-1.16
0.79,0.59,0.01,5.55,4.58,-1.04
0.78,0.59,0.01,5.68,5.25,-1.04
0.78,0.59,0.00,5.62,5.25,-0.98
0.78,0.59,0.00,5.43,5.19,-1.04
0.78,0.59,0.01,4.88,4.88,-1.16
0.78,0.59,0.01,4.70,4.39,-1.10
0.79,0.59,0.01,4.76,3.85,-1.10
0.79,0.59,0.01,4.58,3.48,-1.16
0.79,0.59,0.00,4.52,3.42,-1.10
0.79,0.59,0.00,5.00,3.60,-1.04
0.78,0.59,0.00,5.19,4.03,-1.10
0.78,0.59,-0.00,4.70,4.58,-0.85
0.78,0.59,0.00,4.88,4.76,-0.61
0.78,0.59,0.01,4.64,4.52,-0.37
0.78,0.59,0.01,4.03,4.39,-0.18
0.79,0.58,0.01,3.36,4.39,-0.18
0.79,0.58,0.00,3.60,4.09,0.12
0.78,0.58,0.00,3.85,3.85,0.24
0.77,0.58,-0.00,4.15,3.54,0.37
0.77,0.59,-0.01,4.09,3.42,0.31
0.77,0.60,-0.01,4.33,2.69,0.31
0.78,0.60,0.00,4.39,1.89,0.00
0.78,0.60,0.01,4.76,1.65,-0.31
0.78,0.60,0.00,5.07,1.83,-0.67
0.79,0.60,-0.00,5.49,2.20,-0.73
0.79,0.59,-0.00,5.68,2.56,-0.73
0.79,0.60,-0.00,6.10,3.36,-0.79
0.79,0.60,0.00,6.77,4.33,-1.04
0.79,0.59,0.00,7.20,4.70,-0.98
0.79,0.59,0.00,7.51,4.39,-0.98
0.79,0.58,0.01,7.32,3.91,-0.92
0.79,0.57,0.01,6.65,4.03,-0.73
0.79,0.57,0.01,5.68,4.15,-0.55
0.79,0.57,0.00,4.94,3.66,-0.18
0.79,0.58,0.01,4.82,3.54,0.00
0.79,0.59,0.01,4.94,3.72,0.06
0.79,0.59,0.01,4.76,3.42,0.12
0.79,0.60,0.01,4.21,3.66,0.24
0.79,0.60,0.00,4.09,3.91,0.12
0.78,0.60,0.00,4.52,4.15,0.00
0.78,0.60,0.00,4.58,4.52,-0.06
0.77,0.60,-0.00,5.25,5.55,-0.31
0.77,0.59,-0.00,6.04,5.98,-0.12
0.78,0.59,0.00,5.80,5.74,-0.12
0.78,0.60,0.01,5.19,5.49,-0.37
0.78,0.59,0.00,5.62,5.07,-0.49
0.77,0.59,-0.01,5.98,4.39,-0.18
0.76,0.59,-0.01,5.92,3.42,-0.18
0.76,0.59,-0.00,5.74,2.99,0.00
0.77,0.59,-0.00,5.55,2.38,0.00
0.77,0.59,-0.00,5.55,1.53,0.12
0.77,0.59,-0.00,6.16,0.98,0.18
0.77,0.59,0.00,7.14,0.61,0.24
0.78,0.59,0.00,7.08,0.24,0.31
0.78,0.60,0.00,6.96,0.37,0.24
0.79,0.60,0.00,7.20,0.73,0.12
0.79,0.60,0.00,8.30,0.92,0.00
0.78,0.59,0.00,9.22,1.53,-0.18
0.78,0.59,0.01,9.52,1.65,-0.37
0.79,0.59,0.01,9.28,2.26,-0.43
0.79,0.59,0.01,8.91,2.44,-0.55
0.79,0.58,0.01,8.48,2.20,-0.49
0.79,0.58,0.02,8.67,2.01,-0.49
0.79,0.58,0.02,7.93,1.83,-0.43
0.80,0.58,0.02,6.96,1.65,-0.24
0.80,0.58,0.02,6.47,1.71,0.24
0.79,0.58,0.02,6.10,2.20,0.79
0.79,0.58,0.02,5.37,2.32,1.16
0.79,0.58,0.02,4.82,2.56,1.34
0.79,0.59,0.02,3.85,2.50,1.59
0.79,0.59,0.03,2.99,2.62,1.77
0.79,0.59,0.03,2.50,3.05,1.95
0.79,0.59,0.02,2.26,3.36,2.14
0.78,0.59,0.01,1.95,3.23,2.26
0.78,0.60,0.01,1.46,3.11,2.26
0.78,0.59,0.02,1.89,3.42,2.32
0.77,0.59,0.02,1.89,4.09,2.50
0.77,0.59,0.02,1.22,4.39,2.50
0.78,0.60,0.02,0.43,4.27,2.56
0.78,0.60,0.01,0.43,3.72,2.56
0.78,0.60,0.00,0.31,3.05,2.69
0.78,0.60,0.00,-0.06,1.65,2.81
0.77,0.60,0.00,-0.37,0.61,2.99
0.78,0.60,-0.00,-0.31,-0.12,3.36
0.78,0.60,-0.01,-0.18,-0.85,3.66
0.78,0.59,-0.01,0.37,-1.16,3.85
0.78,0.59,-0.00,1.46,-0.73,3.78
0.78,0.59,0.00,2.56,-0.79,3.85
0.77,0.58,-0.00,2.14,-0.73,4.09
0.78,0.58,-0.01,2.08,-0.55,4.33
0.78,0.58,-0.00,2.62,-1.10,4.94
0.78,0.58,0.00,2.75,-2.01,5.43
0.78,0.58,0.01,2.01,-2.81,5.62
0.78,0.59,0.01,0.61,-3.66,5.62
0.79,0.60,0.01,-0.18,-4.09,5.80
0.79,0.60,0.02,0.06,-3.78,5.86
0.80,0.61,0.02,0.37,-3.66,5.80
0.80,0.62,0.02,0.24,-3.60,5.68
0.80,0.62,0.01,-0.31,-3.48,5.68
0.80,0.62,0.00,-0.61,-3.54,5.68
0.79,0.62,0.00,-0.92,-3.05,5.92
0.78,0.61,-0.00,-0.79,-2.38,6.04
0.76,0.60,-0.00,-0.98,-1.40,6.10
0.75,0.59,-0.01,-1.10,-0.55,6.35
0.74,0.59,-0.01,-0.37,-0.31,6.65
0.73,0.60,-0.00,0.06,-0.67,6.71
0.73,0.61,0.01,0.06,-0.92,6.65
0.75,0.63,0.01,0.12,-1.89,6.23
0.76,0.64,0.02,0.12,-3.17,5.62
0.78,0.65,0.02,-0.18,-4.76,5.07
0.79,0.66,0.03,0.24,-5.62,4.33
0.79,0.66,0.04,1.28,-5.00,3.54
0.78,0.66,0.04,1.59,-2.99,2.50
0.77,0.66,0.03,2.75,-0.61,1.28
0.75,0.66,0.02,3.36,1.77,0.37
0.74,0.66,0.02,3.17,3.72,-0.43
0.74,0.66,0.00,3.11,5.37,-1.28
0.73,0.67,0.01,3.42,5.80,-2.20
0.73,0.67,0.03,3.91,5.25,-2.99
0.73,0.67,0.03,4.09,4.33,-3.60
0.73,0.67,0.03,3.36,3.60,-4.27
0.74,0.67,0.03,2.87,2.26,-4.94
0.74,0.66,0.03,3.17,0.92,-5.55
0.74,0.66,0.03,3.36,0.43,-6.10
0.75,0.67,0.03,3.48,0.24,-6.59
0.76,0.67,0.03,4.33,-0.06,-7.32
0.76,0.67,0.02,5.07,0.00,-7.81
0.76,0.67,0.01,5.25,0.12,-8.06
0.76,0.66,0.00,5.98,0.24,-8.91
0.75,0.66,0.00,6.71,1.22,-9.77
0.75,0.65,0.00,6.71,3.05,-10.86
0.76,0.65,-0.00,7.81,4.58,-12.02
0.77,0.64,0.00,9.40,4.76,-13.06
0.78,0.63,0.01,11.17,4.82,-14.22
0.79,0.63,0.03,12.21,5.25,-15.75
0.80,0.62,0.04,12.27,5.25,-17.21
0.80,0.60,0.04,11.78,5.19,-18.07
0.81,0.59,0.05,11.47,6.90,-18.86
0.82,0.58,0.06,13.18,10.86,-20.32
0.81,0.57,0.04,15.08,15.32,-21.61
0.80,0.57,0.02,16.54,17.52,-22.22
0.81,0.58,0.02,19.96,18.25,-21.73
0.81,0.62,0.02,23.44,19.17,-20.69
0.81,0.65,0.00,23.80,18.80,-20.57
0.81,0.67,0.02,25.57,19.17,-21.91
0.78,0.67,0.01,29.66,21.61,-23.93
0.74,0.64,-0.07,31.43,24.54,-26.43
0.74,0.62,-0.10,31.07,25.33,-28.56
0.74,0.60,-0.02,33.57,26.55,-31.31
0.70,0.59,0.03,37.29,26.98,-33.14
0.69,0.61,0.07,36.25,24.84,-33.33
0.67,0.64,0.08,36.74,20.81,-34.00
0.64,0.65,0.06,37.23,11.90,-35.16
0.71,0.70,0.08,34.00,2.38,-36.25
0.83,0.80,0.17,28.26,-0.37,-37.96
0.88,0.80,0.11,21.97,-1.46,-39.73
0.88,0.72,0.05,17.09,-4.15,-39.06
0.83,0.63,0.05,14.77,-3.23,-36.68
0.80,0.59,0.07,11.35,4.76,-35.40
0.76,0.59,0.08,8.12,11.29,-34.91
0.72,0.58,0.03,5.74,13.12,-32.65
0.74,0.56,0.01,3.66,12.45,-29.11
0.77,0.58,0.02,0.55,11.11,-26.49
0.81,0.60,0.01,-4.03,6.16,-25.51
0.76,0.61,0.04,-10.62,-3.54,-23.68
0.73,0.58,0.08,-18.80,-7.39,-21.36
0.75,0.51,0.08,-19.59,-6.65,-19.47
0.79,0.45,0.09,-15.69,-6.71,-17.94
0.85,0.41,0.11,-11.72,-7.26,-18.07
0.90,0.39,0.10,-5.86,-7.32,-20.32
0.93,0.39,0.05,0.18,-10.50,-23.62
0.96,0.43,0.03,0.92,-14.16,-28.20
0.99,0.48,0.04,0.37,-15.32,-32.10
1.01,0.48,0.03,4.27,-18.01,-36.44
1.03,0.47,-0.00,7.57,-18.86,-41.69
1.05,0.44,-0.01,4.39,-16.97,-47.00
1.07,0.43,0.03,-2.62,-11.41,-51.51
1.00,0.37,0.03,-5.86,-5.92,-54.93
0.89,0.28,0.00,0.43,-1.89,-54.38
0.88,0.25,-0.01,6.29,3.91,-51.03
0.94,0.25,-0.01,7.63,7.08,-49.68
0.96,0.24,-0.01,11.41,6.59,-49.50
0.99,0.22,0.01,16.54,4.88,-48.71
1.01,0.22,0.01,21.24,1.65,-48.10
1.03,0.22,0.01,23.50,-2.01,-48.52
1.04,0.21,0.02,23.25,-6.65,-49.99
1.06,0.20,-0.02,21.85,-9.34,-51.82
1.08,0.20,-0.04,22.34,-10.68,-53.10
1.10,0.23,-0.04,21.73,-12.45,-54.26
1.09,0.24,-0.07,20.02,-14.71,-54.99
1.05,0.25,-0.05,19.96,-14.65,-54.75
1.01,0.24,-0.01,18.86,-11.23,-54.26
0.96,0.21,0.02,17.58,-7.39,-53.77
0.90,0.16,0.04,18.01,-4.94,-52.43
0.87,0.12,0.11,19.10,-3.91,-50.35
0.88,0.13,0.15,17.94,-4.58,-48.34
0.91,0.13,0.15,18.92,-8.91,-46.14
0.94,0.15,0.14,20.63,-16.24,-44.13
0.98,0.18,0.14,21.06,-21.61,-42.91
1.00,0.20,0.12,20.32,-25.02,-42.85
1.00,0.19,0.13,20.94,-26.98,-43.27
0.99,0.19,0.18,21.18,-26.00,-44.19
1.00,0.18,0.18,21.00,-22.83,-45.84
1.00,0.16,0.18,21.24,-20.08,-48.03
1.01,0.17,0.17,20.39,-17.27,-50.23
1.02,0.19,0.11,16.54,-13.24,-52.80
1.02,0.19,0.09,14.04,-10.07,-54.44
1.01,0.18,0.07,12.88,-7.02,-54.69
1.00,0.16,0.09,13.73,-4.15,-54.14
0.98,0.12,0.09,14.89,-1.04,-53.53
0.94,0.08,0.14,18.01,1.16,-53.16
0.91,0.04,0.18,22.22,3.05,-52.92
0.89,0.01,0.20,27.53,3.48,-52.37
0.90,0.01,0.20,28.32,1.95,-51.51
0.93,0.02,0.19,25.27,-1.77,-51.27
0.96,0.04,0.18,23.07,-6.47,-51.09
1.00,0.07,0.18,19.41,-9.03,-51.21
1.01,0.09,0.20,16.42,-9.16,-52.00
1.02,0.09,0.16,14.16,-7.14,-53.34
1.01,0.07,0.16,13.55,-5.62,-54.38
1.00,0.05,0.15,13.49,-2.14,-55.60
0.99,0.06,0.18,12.76,2.44,-56.88
0.97,0.05,0.18,13.31,6.16,-57.62
0.94,0.02,0.17,12.88,8.30,-57.31
0.94,0.02,0.16,9.70,9.89,-56.21
0.92,0.01,0.16,8.97,11.17,-55.60
0.90,0.01,0.18,10.13,10.31,-53.89
0.88,-0.02,0.20,13.12,10.19,-51.51
0.88,-0.03,0.20,14.89,10.13,-49.38
0.89,-0.04,0.18,15.14,8.61,-48.28
0.90,-0.05,0.16,15.56,5.37,-47.67
0.90,-0.06,0.14,15.87,2.87,-47.18
0.93,-0.06,0.13,13.24,1.89,-46.39
0.94,-0.09,0.10,10.68,0.73,-45.78
0.96,-0.13,0.08,10.19,-0.24,-44.92
0.98,-0.16,0.08,9.58,-0.12,-44.74
1.00,-0.18,0.10,10.13,0.31,-44.86
1.00,-0.21,0.11,12.70,0.61,-44.80
1.00,-0.23,0.14,14.89,1.95,-44.01
1.00,-0.24,0.17,17.15,2.44,-42.97
0.98,-0.24,0.18,19.41,1.65,-42.72
0.93,-0.23,0.19,21.00,4.15,-42.79
0.90,-0.19,0.15,21.91,9.83,-42.85
0.88,-0.16,0.16,25.88,10.31,-41.69
0.88,-0.16,0.17,30.64,9.40,-39.92
0.89,-0.16,0.19,32.84,10.44,-39.37
0.93,-0.18,0.17,33.02,11.05,-40.28
0.95,-0.22,0.18,34.12,8.18,-41.99
0.95,-0.26,0.14,37.17,5.25,-43.70
0.94,-0.28,0.07,40.53,0.98,-44.01
0.93,-0.26,0.03,40.53,-2.93,-42.97
0.95,-0.24,0.05,38.51,-4.46,-40.89
1.00,-0.23,0.11,36.25,-2.26,-39.06
0.98,-0.17,0.12,34.91,3.48,-38.09
0.96,-0.24,0.06,37.96,8.91,-40.28
0.92,-0.23,0.07,36.68,11.05,-44.49
0.91,-0.22,0.09,40.83,13.73,-41.08
0.90,-0.23,0.09,45.04,18.43,-38.09
0.91,-0.23,0.08,43.15,19.78,-37.72
0.91,-0.23,0.08,38.57,18.25,-37.96
0.90,-0.21,0.07,32.10,20.08,-38.45
0.92,-0.19,0.08,30.46,21.61,-38.21
0.95,-0.24,0.05,34.24,20.39,-36.99
0.97,-0.27,0.03,34.42,18.74,-36.62
0.97,-0.28,0.03,33.87,16.42,-37.72
0.95,-0.30,0.01,37.35,13.43,-38.82
0.91,-0.33,-0.02,42.18,10.74,-38.27
0.88,-0.34,-0.02,42.91,10.56,-36.01
0.89,-0.33,-0.01,40.16,11.35,-34.12
0.89,-0.32,-0.00,38.27,11.05,-32.47
0.86,-0.34,-0.02,38.57,11.78,-30.40
0.86,-0.36,-0.01,40.41,12.08,-27.16
0.88,-0.34,0.02,43.40,10.74,-24.35
0.89,-0.34,0.02,47.42,7.81,-22.77
0.90,-0.34,-0.00,47.73,5.13,-21.91
0.91,-0.34,-0.04,46.81,3.23,-20.08
0.96,-0.33,-0.06,44.37,0.31,-17.76
1.00,-0.33,-0.04,40.95,-2.81,-16.48
1.03,-0.32,-0.01,39.00,-4.94,-16.97
1.01,-0.32,-0.02,39.49,-2.87,-18.07
0.95,-0.31,-0.03,40.89,2.38,-18.92
0.90,-0.32,-0.03,42.72,7.69,-18.92
0.89,-0.34,-0.03,42.72,13.18,-17.64
0.91,-0.34,-0.03,39.18,17.15,-16.30
0.93,-0.34,-0.03,32.65,18.49,-15.99
0.93,-0.33,-0.02,26.55,17.33,-16.30
0.90,-0.32,-0.01,25.15,14.59,-15.69
0.87,-0.34,-0.02,26.18,12.15,-13.98
0.87,-0.35,-0.03,22.95,12.33,-12.45
0.89,-0.36,-0.02,18.74,12.45,-11.60
0.90,-0.38,-0.03,13.98,12.57,-11.23
0.91,-0.40,-0.03,10.38,12.76,-10.50
0.92,-0.44,-0.04,7.57,12.94,-9.83
0.89,-0.47,-0.05,7.81,13.61,-8.79
0.85,-0.50,-0.06,8.06,15.01,-8.12
0.82,-0.50,-0.08,8.91,15.87,-8.00
0.83,-0.51,-0.06,9.77,14.28,-7.69
0.84,-0.52,-0.05,10.99,12.57,-8.00
0.85,-0.51,-0.05,10.68,11.35,-8.36
0.88,-0.50,-0.03,10.50,9.77,-8.42
0.90,-0.49,-0.02,11.72,8.36,-8.79
0.90,-0.49,0.00,11.72,6.35,-9.16
0.91,-0.47,0.01,11.35,5.49,-8.30
0.91,-0.45,0.00,11.23,6.35,-8.54
0.90,-0.44,-0.02,10.93,7.39,-9.40
0.89,-0.45,-0.04,12.63,8.12,-9.89
0.87,-0.46,-0.05,12.82,9.64,-9.95
0.86,-0.46,-0.07,12.21,9.95,-10.01
0.84,-0.46,-0.06,12.08,8.79,-9.22
0.84,-0.47,-0.07,10.62,8.48,-8.00
0.86,-0.46,-0.05,6.65,7.75,-6.59
0.87,-0.46,-0.04,5.07,7.02,-5.86
0.86,-0.46,-0.06,5.68,6.90,-5.25
0.85,-0.45,-0.08,6.65,6.41,-4.64
0.85,-0.45,-0.08,6.16,5.62,-4.09
0.85,-0.46,-0.08,5.43,5.25,-3.48
0.85,-0.47,-0.08,5.62,5.19,-1.95
0.85,-0.47,-0.06,4.46,5.00,-0.12
0.85,-0.50,-0.07,2.38,4.39,1.46
0.87,-0.51,-0.06,0.00,4.58,3.72
0.90,-0.50,-0.05,-2.50,4.88,5.68
0.89,-0.49,-0.07,-4.21,4.39,6.04
0.87,-0.52,-0.07,-2.32,3.72,6.77
0.86,-0.54,-0.05,0.73,3.85,8.24
0.84,-0.54,-0.04,4.15,3.30,8.85
0.84,-0.55,-0.04,7.08,2.08,8.91
0.85,-0.55,-0.04,7.26,1.28,8.54
0.86,-0.53,-0.03,5.55,-0.43,8.61
0.86,-0.50,-0.02,3.30,-2.56,9.03
0.88,-0.47,-0.02,0.73,-4.39,8.85
0.90,-0.46,-0.04,-1.46,-6.04,8.48
0.92,-0.44,-0.06,-2.93,-7.81,7.87
0.93,-0.44,-0.06,-3.05,-8.54,7.14
0.92,-0.45,-0.06,-3.05,-6.90,6.04
0.94,-0.42,-0.06,-5.55,-3.17,4.46
0.95,-0.40,-0.06,-8.18,0.06,2.56
0.93,-0.41,-0.08,-8.97,2.50,1.53
0.91,-0.42,-0.07,-10.01,6.29,1.16
0.90,-0.42,-0.04,-12.02,9.89,0.92
0.92,-0.43,-0.01,-11.96,11.29,0.98
0.92,-0.45,0.00,-10.25,11.17,0.79
0.90,-0.47,-0.01,-7.39,10.68,0.06
0.88,-0.48,0.00,-6.16,10.38,-0.85
0.86,-0.47,0.03,-6.71,10.01,-1.22
0.86,-0.47,0.03,-6.35,9.03,-1.28
0.87,-0.47,0.00,-5.19,6.29,-1.10
0.86,-0.48,0.00,-3.17,2.93,-1.10
0.85,-0.47,0.00,-0.73,0.79,-0.24
0.87,-0.45,0.01,1.34,-1.34,0.61
0.89,-0.43,-0.02,4.27,-3.05,1.22
0.90,-0.43,-0.03,7.93,-4.09,1.89
0.91,-0.43,-0.02,9.95,-3.72,3.05
0.91,-0.41,-0.02,9.64,-1.83,3.48
0.91,-0.39,-0.03,9.46,-0.85,2.93
0.91,-0.37,-0.02,10.31,-1.04,2.87
0.91,-0.38,0.00,11.72,-0.55,3.54
0.91,-0.40,0.00,11.84,0.24,3.97
0.92,-0.43,0.01,9.58,0.79,3.78
0.91,-0.44,0.01,6.84,1.40,3.23
0.90,-0.43,0.02,3.48,2.62,2.14
0.89,-0.44,0.02,3.42,3.17,1.10
0.88,-0.46,0.01,6.90,3.05,0.92
0.88,-0.46,0.00,6.90,2.99,0.79
0.88,-0.44,0.01,4.33,1.83,0.31
0.89,-0.45,0.01,3.11,1.04,-0.06
0.90,-0.45,-0.01,2.75,1.40,0.00
0.90,-0.45,-0.02,2.08,1.22,-0.24
0.89,-0.45,-0.02,1.95,0.85,0.00
0.88,-0.45,-0.01,3.30,1.22,0.85
0.88,-0.45,-0.01,4.70,1.89,1.53
0.88,-0.46,-0.01,5.43,2.14,2.20
0.89,-0.47,0.00,6.71,2.38,2.81
0.89,-0.46,0.01,7.81,2.26,3.72
0.89,-0.45,0.01,7.51,1.34,3.36
0.89,-0.44,0.00,6.84,0.43,2.44
0.90,-0.44,0.01,6.53,0.73,1.95
0.91,-0.43,0.04,7.32,0.98,1.71
0.90,-0.44,0.02,9.22,1.10,0.73
0.89,-0.44,0.01,10.38,1.46,0.24
0.88,-0.44,0.00,9.89,2.14,-0.31
0.89,-0.43,-0.00,9.46,2.20,-0.43
0.89,-0.43,-0.01,9.22,1.71,0.12
0.88,-0.44,-0.02,9.40,1.28,0.73
0.89,-0.45,-0.02,7.39,0.98,1.22
0.90,-0.46,-0.01,5.13,0.98,1.53
0.90,-0.46,-0.01,4.88,1.71,1.59
0.90,-0.45,-0.01,4.58,2.20,0.92
0.90,-0.45,-0.01,5.49,2.26,0.67
0.89,-0.45,-0.01,6.16,2.38,0.79
0.89,-0.45,0.00,5.25,2.56,0.24
0.89,-0.44,0.01,4.21,2.93,-0.18
0.89,-0.44,0.01,4.58,2.75,-0.31
0.88,-0.45,0.01,5.80,2.38,0.18
0.88,-0.45,0.01,5.49,3.05,0.24
0.89,-0.44,0.00,4.94,2.99,0.18
0.89,-0.43,-0.01,5.07,2.50,0.12
0.89,-0.44,-0.00,5.43,2.01,0.49
0.90,-0.44,0.00,6.59,1.16,0.92
0.90,-0.44,0.00,7.69,0.43,1.10
0.90,-0.44,-0.00,7.93,0.61,1.04
0.90,-0.43,-0.01,8.06,0.85,0.43
0.89,-0.43,-0.01,8.06,1.59,0.24
0.89,-0.43,-0.01,8.00,2.50,0.06
0.90,-0.43,-0.01,8.73,2.81,0.49
0.91,-0.43,0.00,6.96,2.56,0.55
0.91,-0.42,0.00,5.13,2.87,0.00
0.90,-0.43,-0.01,4.64,3.30,-0.24
0.90,-0.43,-0.01,3.60,3.36,0.18
0.91,-0.43,0.00,2.69,3.72,0.55
0.90,-0.44,-0.01,3.30,4.33,0.61
0.90,-0.45,0.00,4.46,4.27,0.98
0.89,-0.45,0.00,5.31,4.52,0.79
0.88,-0.45,-0.01,5.80,5.07,0.73
0.88,-0.45,0.00,6.10,4.03,0.61
0.88,-0.44,0.01,6.04,3.60,0.85
0.89,-0.44,0.00,5.43,3.48,0.49
0.89,-0.44,-0.01,5.55,3.30,0.06
0.89,-0.44,-0.02,5.13,3.23,-0.43
0.89,-0.44,-0.02,4.09,2.69,-0.61
0.90,-0.44,-0.01,3.78,2.75,-0.61
0.89,-0.44,-0.02,3.66,2.87,-0.49
0.89,-0.45,-0.02,3.66,2.75,-0.18
0.89,-0.44,-0.01,3.23,2.32,0.43
0.89,-0.43,-0.01,2.69,2.50,0.73
0.89,-0.44,-0.02,3.72,2.26,1.22
0.89,-0.45,-0.02,4.70,1.95,1.95
0.89,-0.44,-0.01,3.66,2.69,1.89
0.89,-0.44,-0.01,2.44,3.17,1.46
0.89,-0.43,-0.01,2.56,3.11,1.28
0.91,-0.43,-0.02,2.14,3.11,1.46
0.91,-0.44,-0.02,2.26,2.32,1.71
0.91,-0.44,-0.01,1.65,1.46,1.89
0.89,-0.45,-0.01,1.10,1.77,1.89
0.88,-0.46,-0.01,1.77,2.87,2.38
0.87,-0.47,-0.02,1.65,3.60,2.75
0.87,-0.47,-0.03,0.61,3.17,2.93
0.87,-0.47,-0.03,-0.61,2.75,3.30
0.87,-0.46,-0.03,-1.16,2.38,3.66
0.88,-0.45,-0.01,-1.10,1.71,3.66
0.88,-0.44,-0.02,-1.04,0.98,3.72
0.90,-0.44,-0.02,-1.34,0.00,3.72
0.92,-0.43,-0.01,-1.77,-0.98,3.91
0.91,-0.44,-0.01,-1.16,-1.95,4.21
0.88,-0.46,-0.03,-0.06,-1.71,4.94
0.86,-0.46,-0.02,-1.10,-0.18,6.04
0.86,-0.46,-0.03,-2.44,0.37,6.71
0.86,-0.45,-0.02,-3.54,0.18,7.32
0.86,-0.44,-0.02,-5.49,0.67,7.75
0.88,-0.43,-0.01,-8.00,1.65,7.87
0.88,-0.42,-0.00,-8.79,2.50,8.00
0.87,-0.42,-0.01,-9.03,3.66,7.87
0.87,-0.42,-0.02,-9.16,4.27,8.00
0.90,-0.43,-0.02,-10.74,3.17,8.54
0.93,-0.43,-0.00,-13.85,1.95,9.28
0.91,-0.44,0.01,-13.73,1.10,9.70
0.88,-0.44,0.01,-13.00,0.61,10.50
0.88,-0.44,0.02,-13.49,0.43,12.15
0.91,-0.45,0.02,-15.26,0.43,13.61
0.91,-0.44,0.03,-15.26,0.24,14.28
0.89,-0.43,0.03,-11.54,0.18,14.71
0.87,-0.42,0.03,-8.06,0.31,15.32
0.88,-0.42,0.02,-7.32,0.55,15.81
0.89,-0.41,0.02,-6.96,0.00,16.54
0.89,-0.40,0.03,-6.47,-1.46,17.21
0.89,-0.39,0.05,-6.23,-2.44,17.64
0.88,-0.38,0.06,-7.26,-2.14,18.43
0.88,-0.38,0.05,-8.73,-1.28,19.47
0.88,-0.38,0.07,-10.74,-0.06,20.57
0.89,-0.38,0.06,-11.23,1.28,21.91
0.91,-0.39,0.05,-10.07,0.92,23.44
0.92,-0.41,0.04,-8.54,-0.98,24.48
0.91,-0.42,0.05,-7.08,-3.17,25.02
0.91,-0.42,0.08,-7.32,-3.60,25.70
0.94,-0.42,0.07,-9.46,-2.26,25.45
0.95,-0.41,0.07,-9.03,-3.05,24.84
0.93,-0.39,0.04,-6.53,-4.27,24.48
0.90,-0.39,0.04,-5.74,-4.82,24.05
0.88,-0.37,0.04,-7.63,-4.39,24.23
0.89,-0.35,0.05,-9.28,-4.46,25.51
0.90,-0.32,0.05,-9.03,-5.55,26.73
0.89,-0.32,0.05,-9.77,-5.31,27.59
0.89,-0.32,0.05,-10.07,-4.46,28.26
0.89,-0.35,0.05,-7.45,-4.21,29.97
0.89,-0.37,0.04,-8.24,-4.39,31.49
0.89,-0.36,0.11,-14.04,-5.49,32.23
0.92,-0.34,0.13,-15.32,-5.98,33.14
0.94,-0.31,0.10,-12.08,-7.75,33.81
0.96,-0.28,0.08,-9.77,-12.39,32.71
0.98,-0.26,0.08,-7.39,-15.56,31.37
0.99,-0.23,0.05,-6.23,-14.71,29.36
0.95,-0.27,0.05,-3.48,-14.40,28.32
0.93,-0.30,0.08,-3.66,-13.31,30.40
0.92,-0.28,0.16,-7.87,-8.18,32.53
0.93,-0.25,0.19,-8.85,-3.48,34.00
0.91,-0.24,0.17,-5.13,-1.22,34.73
0.89,-0.24,0.14,-1.77,-2.56,35.58
0.89,-0.21,0.15,-3.91,-4.88,36.44
0.90,-0.21,0.12,-6.96,-5.55,36.38
0.89,-0.23,0.12,-8.79,-7.02,35.89
0.92,-0.23,0.14,-12.63,-9.95,35.40
0.97,-0.20,0.15,-16.11,-13.24,34.48
0.99,-0.19,0.20,-15.14,-14.95,32.47
1.00,-0.20,0.19,-7.20,-11.84,30.94
1.00,-0.23,0.15,1.53,-7.93,30.58
0.98,-0.26,0.10,9.34,-8.06,31.43
0.98,-0.21,0.13,10.13,-8.85,33.08
0.98,-0.18,0.13,8.54,-8.12,33.63
0.93,-0.23,0.09,9.34,-7.87,34.18
0.94,-0.19,0.12,-1.59,-7.45,34.30
0.97,-0.12,0.16,-13.06,-8.12,33.69
0.95,-0.08,0.21,-15.08,-9.70,32.71
0.95,-0.07,0.21,-15.14,-7.14,31.86
0.96,-0.07,0.17,-17.94,0.18,30.21
0.96,-0.10,0.17,-15.87,1.46,28.87
0.96,-0.11,0.20,-7.08,-3.54,29.79
0.95,-0.09,0.20,-4.88,-4.70,30.64
0.95,-0.08,0.17,-7.14,-2.69,29.24
0.95,-0.11,0.13,-5.25,-2.75,28.56
0.96,-0.13,0.13,-4.64,-2.08,29.54
0.98,-0.13,0.10,-7.02,-3.11,31.92
0.97,-0.13,0.10,-8.24,-6.29,34.73
0.97,-0.09,0.13,-10.74,-7.39,36.07
0.96,-0.05,0.14,-8.85,-7.45,36.32
0.96,-0.02,0.17,-8.00,-7.87,36.62
0.96,0.02,0.17,-12.02,-5.62,35.71
0.96,0.06,0.22,-13.24,-6.23,34.73
0.90,-0.00,0.23,-6.90,-6.04,35.16
0.86,-0.03,0.25,-3.66,-0.12,37.05
0.90,0.01,0.26,-8.00,5.62,38.09
0.92,0.02,0.25,-9.22,4.33,37.60
0.92,-0.02,0.23,-5.31,-0.18,38.39
0.94,-0.01,0.24,-5.43,-0.85,39.43
0.97,-0.01,0.21,-10.93,1.34,38.64
0.97,-0.02,0.21,-12.33,-0.61,37.72
0.97,-0.00,0.19,-13.00,-1.71,37.17
0.97,0.00,0.14,-12.57,0.61,36.44
0.95,0.00,0.17,-11.05,2.69,35.10
0.97,0.04,0.21,-13.49,5.19,33.51
1.00,0.07,0.23,-16.97,7.02,31.74
0.98,0.04,0.23,-14.10,6.53,31.43
0.95,-0.00,0.21,-13.43,9.34,32.59
0.96,0.03,0.25,-19.71,11.35,33.63
0.95,0.01,0.25,-23.19,10.44,34.18
0.95,-0.01,0.23,-23.01,7.51,35.64
0.95,-0.04,0.15,-22.28,4.52,37.11
0.95,-0.04,0.13,-21.48,3.17,37.60
0.97,-0.02,0.12,-21.24,3.17,37.17
0.99,-0.02,0.10,-19.41,4.03,36.87
1.00,-0.03,0.12,-18.74,3.23,36.74
1.03,-0.01,0.14,-19.10,2.81,36.56
1.04,0.01,0.15,-18.80,3.85,35.77
1.03,-0.01,0.14,-15.26,5.55,35.22
1.01,0.01,0.16,-14.71,8.24,36.07
1.00,0.05,0.18,-16.72,12.02,37.29
0.98,0.07,0.23,-17.21,12.94,38.64
0.95,0.08,0.22,-17.33,13.43,40.22
0.93,0.07,0.19,-15.69,13.43,42.36
0.92,0.08,0.21,-13.37,13.00,44.07
0.93,0.11,0.22,-12.27,13.85,44.13
0.95,0.13,0.21,-11.96,14.77,42.60
0.97,0.16,0.21,-12.45,14.22,40.77
0.96,0.15,0.18,-11.41,15.26,39.37
0.94,0.14,0.17,-10.68,17.09,39.00
0.94,0.16,0.17,-13.12,17.94,39.37
0.93,0.18,0.20,-15.08,15.32,40.10
0.91,0.16,0.18,-14.95,13.98,42.11
0.89,0.15,0.17,-14.28,15.56,44.56
0.89,0.17,0.20,-14.83,15.99,46.39
0.90,0.19,0.22,-15.50,15.01,46.81
0.91,0.20,0.19,-14.65,12.02,47.36
0.92,0.20,0.19,-12.57,9.40,48.16
0.96,0.24,0.20,-13.43,10.31,48.46
0.98,0.26,0.17,-15.69,9.28,48.34
0.96,0.23,0.13,-14.59,7.02,49.07
0.94,0.21,0.11,-14.04,8.85,50.11
0.93,0.23,0.12,-15.01,12.02,50.78
0.92,0.24,0.12,-14.34,12.94,51.64
0.90,0.24,0.09,-12.08,13.92,52.61
0.88,0.25,0.10,-10.80,15.56,53.47
0.88,0.26,0.09,-10.93,16.97,54.08
0.87,0.29,0.11,-11.05,15.81,55.05
0.88,0.32,0.13,-11.47,14.95,55.60
0.89,0.34,0.11,-10.74,15.38,56.27
0.90,0.35,0.09,-9.95,18.25,57.01
0.89,0.37,0.09,-8.67,22.28,58.11
0.86,0.39,0.09,-7.14,24.48,59.69
0.82,0.38,0.07,-5.55,22.52,61.89
0.82,0.39,0.07,-4.15,21.00,63.48
0.84,0.42,0.08,-3.72,21.06,63.35
0.84,0.42,0.08,-2.08,20.14,62.38
0.87,0.44,0.09,-2.44,19.29,61.89
0.90,0.45,0.08,-3.78,19.53,61.22
0.91,0.45,0.07,-5.07,20.20,61.04
0.90,0.46,0.08,-6.96,21.18,61.65
0.87,0.45,0.09,-5.55,22.58,62.99
0.92,0.49,0.03,-3.54,24.41,64.09
1.04,0.56,-0.01,-8.91,26.31,62.62
1.12,0.59,0.05,-18.13,31.07,58.65
1.07,0.49,0.09,-15.81,36.13,55.05
1.00,0.41,0.11,-6.16,39.12,54.75
0.96,0.40,0.10,1.04,38.94,54.81
0.99,0.46,0.03,2.08,35.28,51.64
1.01,0.54,-0.01,-1.16,30.76,46.63
1.03,0.59,-0.03,-1.04,28.32,43.58
1.00,0.60,-0.03,3.72,27.10,44.19
0.93,0.58,-0.02,8.91,27.28,46.02
0.85,0.59,0.00,9.09,27.40,45.17
0.80,0.61,0.02,8.54,26.98,44.13
0.79,0.64,0.01,6.84,25.94,40.95
0.77,0.66,0.00,2.87,24.90,35.34
0.75,0.64,-0.01,0.85,22.46,30.33
0.76,0.62,-0.00,1.40,19.65,27.04
0.79,0.59,0.00,2.44,17.58,25.51
0.82,0.58,0.01,2.75,13.98,23.68
0.85,0.57,0.03,2.69,10.68,22.28
0.87,0.57,0.05,1.46,9.70,20.75
0.87,0.58,0.05,-1.28,10.13,18.68
0.86,0.59,0.05,-3.36,10.93,17.15
0.85,0.60,0.05,-4.09,12.08,16.42
0.82,0.61,0.05,-4.21,13.18,15.87
0.78,0.62,0.05,-3.85,14.22,15.14
0.76,0.63,0.04,-3.66,13.98,14.34
0.74,0.63,0.02,-3.78,12.57,13.49
0.75,0.63,0.01,-4.70,11.41,12.33
0.74,0.63,0.00,-6.90,9.58,10.86
0.72,0.61,-0.00,-7.26,7.26,10.31
0.71,0.58,-0.01,-8.12,5.25,10.19
0.71,0.58,-0.03,-7.63,3.54,10.38
0.71,0.58,-0.04,-5.55,2.14,10.99
0.70,0.59,-0.04,-4.52,1.46,10.99
0.70,0.62,-0.03,-5.31,2.44,10.13
0.71,0.66,-0.02,-6.47,2.99,8.97
0.72,0.69,-0.02,-7.08,1.83,7.57
0.74,0.72,-0.01,-8.30,-0.55,5.68
0.77,0.74,0.02,-10.38,-2.93,3.48
0.79,0.75,0.05,-12.57,-4.94,1.28
0.78,0.71,0.04,-14.65,-5.86,0.18
0.77,0.65,-0.01,-15.99,-5.74,0.79
0.78,0.60,-0.05,-16.78,-4.33,2.75
0.78,0.58,-0.09,-15.50,-2.44,5.25
0.75,0.59,-0.10,-12.39,-1.95,7.93
0.72,0.61,-0.11,-9.89,-1.46,9.58
0.70,0.63,-0.11,-9.46,0.37,10.07
0.71,0.66,-0.09,-10.56,2.08,8.67
0.74,0.70,-0.05,-11.17,2.56,6.04
0.77,0.71,-0.02,-10.44,2.01,3.42
0.78,0.67,-0.04,-8.42,0.43,2.01
0.77,0.63,-0.06,-6.10,-1.40,2.20
0.76,0.59,-0.08,-4.27,-2.32,2.44
0.76,0.58,-0.10,-2.62,-2.50,2.75
0.75,0.58,-0.11,-1.10,-2.75,3.17
0.75,0.59,-0.11,-0.24,-2.50,3.48
0.75,0.60,-0.11,-0.61,-1.16,3.42
0.75,0.62,-0.11,-1.04,1.77,2.81
0.75,0.64,-0.11,-0.73,4.82,1.59
0.76,0.65,-0.11,0.37,6.35,0.00
0.76,0.65,-0.09,1.77,6.35,-1.04
0.77,0.64,-0.07,2.62,7.02,-1.53
0.77,0.62,-0.08,4.15,8.67,-1.65
0.78,0.59,-0.09,5.19,8.79,-0.98
0.78,0.58,-0.10,6.35,8.61,0.00
0.76,0.58,-0.10,9.22,8.67,0.98
0.75,0.57,-0.10,10.74,8.97,1.59
0.74,0.57,-0.11,11.35,9.58,1.77
0.75,0.58,-0.10,11.84,9.52,1.59
0.76,0.60,-0.09,11.41,8.06,1.04
0.77,0.61,-0.08,10.68,6.47,0.55
0.78,0.61,-0.07,10.13,5.19,0.18
0.78,0.61,-0.07,9.77,4.33,-0.12
0.78,0.61,-0.07,9.34,3.23,0.24
0.79,0.61,-0.07,9.64,2.50,0.43
0.78,0.61,-0.07,10.86,2.32,0.79
0.77,0.60,-0.08,11.90,2.44,1.53
0.76,0.59,-0.08,12.39,2.44,2.01
0.75,0.59,-0.07,12.57,2.75,2.01
0.74,0.59,-0.07,13.43,2.50,2.26
0.75,0.59,-0.07,14.04,1.71,2.69
0.77,0.60,-0.06,13.18,0.98,2.50
0.79,0.62,-0.03,13.06,0.55,1.65
0.80,0.63,-0.02,14.22,0.92,0.98
0.80,0.63,-0.03,15.14,1.16,0.98
0.80,0.62,-0.04,15.20,0.79,1.16
0.80,0.62,-0.04,14.77,0.85,0.92
0.79,0.62,-0.03,14.22,1.53,0.85
0.78,0.61,-0.03,13.79,2.32,0.73
0.77,0.61,-0.02,13.37,3.17,0.92
0.76,0.61,-0.02,13.31,4.39,0.98
0.75,0.61,-0.02,13.61,5.25,0.92
0.75,0.62,-0.02,12.88,5.19,1.04
0.75,0.62,-0.03,12.27,4.39,0.79
0.76,0.62,-0.03,12.15,3.05,0.79
0.76,0.62,-0.02,11.54,1.65,0.73
0.77,0.62,-0.01,10.25,0.85,0.31
0.79,0.62,-0.00,8.73,0.43,-0.12
0.79,0.62,-0.01,8.06,0.49,-0.12
0.79,0.61,-0.02,8.30,0.49,0.12
0.78,0.62,-0.02,8.18,0.67,0.24
0.78,0.62,-0.02,7.26,1.53,0.24
0.78,0.63,-0.01,6.10,2.26,0.18
0.78,0.62,-0.01,6.16,2.87,0.37
0.77,0.62,-0.01,6.10,3.54,0.73
0.77,0.62,-0.02,5.80,4.70,0.73
0.76,0.62,-0.02,5.37,5.37,0.73
0.76,0.62,-0.03,4.82,5.43,0.37
0.76,0.61,-0.03,3.60,4.94,0.00
0.76,0.61,-0.02,2.69,4.33,-0.24
0.77,0.62,-0.01,2.32,3.54,-0.73
0.77,0.62,-0.01,2.32,2.93,-0.98
0.77,0.62,-0.03,2.62,2.69,-1.04
0.78,0.62,-0.04,2.99,2.81,-1.16
0.78,0.63,-0.04,3.72,2.62,-1.40
0.78,0.63,-0.04,4.76,2.81,-1.22
0.77,0.62,-0.04,4.82,3.60,-0.92
0.77,0.61,-0.05,3.72,4.27,-0.61
0.76,0.61,-0.05,3.23,4.82,-0.37
0.76,0.61,-0.04,3.36,5.19,-0.24
0.75,0.60,-0.05,3.66,5.31,-0.12
0.76,0.60,-0.05,3.17,5.00,-0.24
0.77,0.61,-0.05,2.99,4.15,-0.37
0.77,0.62,-0.04,4.33,3.23,-0.55
0.77,0.61,-0.04,5.55,2.69,-0.79
0.77,0.61,-0.05,5.62,2.56,-0.98
0.77,0.61,-0.06,5.74,2.26,-1.10
0.78,0.60,-0.06,5.92,2.20,-1.10
0.78,0.61,-0.06,5.68,2.56,-0.98
0.77,0.60,-0.06,6.59,2.99,-0.61
0.77,0.60,-0.06,6.65,3.05,-0.18
0.77,0.60,-0.05,6.23,3.48,0.00
0.77,0.60,-0.05,6.47,3.85,0.00
0.77,0.61,-0.05,6.65,3.97,-0.06
0.77,0.61,-0.05,6.84,3.60,0.06
0.77,0.60,-0.05,6.65,3.11,0.24
0.77,0.60,-0.04,6.53,2.69,0.31
0.76,0.60,-0.04,6.35,2.56,0.18
0.76,0.60,-0.03,6.53,2.50,0.12
0.77,0.60,-0.04,6.59,2.56,0.00
0.77,0.61,-0.04,6.10,2.44,-0.12
0.78,0.61,-0.03,5.92,1.83,-0.18
0.78,0.61,-0.03,5.86,1.77,-0.31
0.79,0.61,-0.04,5.43,1.71,-0.18
0.79,0.61,-0.03,5.43,1.34,0.00
0.78,0.61,-0.03,5.31,1.40,0.24
0.78,0.61,-0.03,5.62,2.20,0.67
0.77,0.60,-0.04,5.68,2.87,1.04
0.77,0.60,-0.04,5.80,3.05,1.10
0.77,0.60,-0.04,5.80,2.87,1.16
0.77,0.61,-0.03,5.92,2.75,0.92
0.77,0.61,-0.03,6.04,2.75,0.67
0.77,0.61,-0.03,5.74,2.44,0.43
0.77,0.61,-0.03,6.10,2.38,0.31
0.77,0.61,-0.03,7.08,2.44,0.24
0.77,0.61,-0.03,6.59,2.62,0.06
0.77,0.61,-0.03,5.74,2.93,-0.18
0.78,0.61,-0.03,5.43,2.75,-0.12
0.78,0.61,-0.03,5.37,2.56,0.12
0.77,0.61,-0.04,5.25,2.44,0.24
0.77,0.61,-0.04,5.49,2.14,0.37
0.78,0.62,-0.04,5.55,1.89,0.31
0.78,0.62,-0.03,5.68,1.83,0.24
0.78,0.62,-0.03,5.98,2.08,0.31
0.77,0.61,-0.04,6.53,2.26,0.43
0.76,0.59,-0.04,6.59,2.75,0.73
0.76,0.60,-0.04,6.71,3.85,0.98
0.76,0.61,-0.03,6.59,4.33,0.98
0.77,0.62,-0.02,5.92,3.60,0.61
0.77,0.62,-0.02,5.49,3.36,0.31
0.77,0.62,-0.03,5.55,3.54,-0.06
0.77,0.62,-0.03,5.92,3.54,-0.43
0.77,0.61,-0.03,5.74,3.30,-0.43
0.77,0.62,-0.03,5.43,3.42,-0.55
0.78,0.62,-0.03,5.07,3.85,-0.79
0.77,0.61,-0.03,5.13,4.15,-0.73
0.76,0.61,-0.03,5.43,4.21,-0.43
0.76,0.61,-0.03,5.19,4.46,0.00
0.76,0.61,-0.03,4.64,4.39,0.12
0.77,0.61,-0.03,4.33,4.58,0.37
0.77,0.61,-0.03,4.76,4.64,0.49
0.76,0.62,-0.03,5.13,4.09,0.31
0.76,0.62,-0.03,4.64,3.54,0.06
0.77,0.62,-0.03,4.52,3.42,-0.18
0.77,0.61,-0.02,4.64,3.11,-0.43
0.78,0.62,-0.02,4.39,3.05,-0.49
0.78,0.62,-0.03,4.21,3.17,-0.61
0.77,0.61,-0.03,4.15,3.11,-0.73
0.77,0.61,-0.04,4.15,3.42,-0.92
0.77,0.61,-0.03,3.97,3.85,-0.92
0.77,0.61,-0.03,3.66,4.33,-1.10
0.77,0.61,-0.03,3.11,4.64,-0.98
0.77,0.62,-0.03,2.56,4.88,-1.10
0.77,0.62,-0.03,2.93,4.58,-1.16
0.77,0.61,-0.03,3.42,3.97,-1.22
0.77,0.61,-0.03,3.17,3.30,-1.04
0.78,0.60,-0.03,2.93,3.23,-0.73
0.78,0.61,-0.04,3.30,2.81,-0.55
0.77,0.61,-0.04,3.66,2.50,-0.67
0.77,0.61,-0.04,3.42,2.38,-0.73
0.77,0.60,-0.04,3.30,3.05,-0.85
0.77,0.60,-0.05,3.11,3.60,-0.73
0.77,0.61,-0.05,3.54,4.03,-0.92
0.77,0.61,-0.04,3.97,4.46,-1.22
0.77,0.60,-0.05,4.09,4.82,-1.16
0.77,0.60,-0.05,4.27,5.13,-0.98
0.77,0.60,-0.05,4.52,5.43,-0.85
0.77,0.60,-0.05,4.70,5.37,-0.73
0.76,0.60,-0.05,4.64,5.31,-0.61
0.76,0.59,-0.05,4.94,5.07,-0.73
0.77,0.60,-0.05,4.82,4.76,-0.92
0.78,0.60,-0.04,4.94,4.39,-1.04
0.79,0.61,-0.04,5.13,3.97,-0.98
0.79,0.61,-0.05,5.25,3.60,-0.92
0.79,0.60,-0.05,5.43,3.17,-0.73
0.79,0.60,-0.05,5.49,3.05,-0.43
0.78,0.59,-0.06,6.10,3.36,0.06
0.78,0.59,-0.05,6.10,4.09,0.31
0.77,0.59,-0.06,5.92,4.70,0.61
0.77,0.59,-0.06,6.47,5.07,0.49
0.77,0.60,-0.06,6.84,5.49,0.37
0.77,0.60,-0.06,7.08,5.74,0.18
0.77,0.61,-0.06,7.26,5.43,0.12
0.77,0.61,-0.05,7.32,4.82,-0.18
0.77,0.60,-0.05,7.87,4.15,-0.24
0.77,0.60,-0.04,8.30,3.60,0.06
0.77,0.60,-0.05,8.85,3.36,0.06
0.76,0.60,-0.05,8.97,3.30,0.31
0.76,0.60,-0.05,9.09,3.42,0.43
0.77,0.61,-0.04,9.03,3.72,0.06
0.77,0.62,-0.04,8.97,3.60,0.18
0.76,0.61,-0.04,9.09,3.36,0.31
0.77,0.61,-0.04,8.85,3.05,0.43
0.77,0.61,-0.05,8.67,2.50,0.37
0.78,0.62,-0.04,8.48,1.89,0.55
0.78,0.62,-0.03,8.48,1.95,0.49
0.77,0.61,-0.03,8.24,2.50,0.06
0.77,0.61,-0.03,8.48,2.99,-0.12
0.77,0.61,-0.03,8.97,3.23,-0.31
0.77,0.61,-0.03,8.97,3.42,-0.43
0.77,0.61,-0.03,8.54,3.23,-0.67
0.77,0.61,-0.03,7.93,3.05,-0.67
0.77,0.61,-0.03,7.81,2.62,-0.79
0.78,0.61,-0.03,7.63,2.62,-0.92
0.78,0.60,-0.03,7.32,2.69,-0.73
0.78,0.60,-0.03,7.45,2.69,-0.55
0.78,0.60,-0.03,7.69,2.75,-0.43
0.78,0.60,-0.02,7.63,2.69,-0.18
0.78,0.60,-0.02,7.26,3.05,-0.24
0.78,0.61,-0.02,7.32,3.78,-0.37
0.78,0.61,-0.02,7.39,4.33,-0.43
0.77,0.61,-0.02,7.51,4.82,-0.79
0.77,0.61,-0.02,7.14,5.25,-0.85
0.77,0.61,-0.03,6.71,5.19,-0.92
0.77,0.61,-0.02,6.04,4.64,-1.10
0.77,0.61,-0.02,5.37,4.52,-1.28
0.78,0.61,-0.02,5.07,4.33,-1.65
0.78,0.61,-0.02,4.76,4.33,-1.95
0.78,0.61,-0.02,4.52,4.15,-1.77
0.78,0.61,-0.03,4.58,4.09,-1.71
0.78,0.61,-0.03,4.82,4.15,-1.71
0.78,0.61,-0.03,4.70,4.27,-1.59
0.77,0.61,-0.03,4.39,4.70,-1.40
0.77,0.61,-0.03,4.64,4.76,-1.53
0.78,0.61,-0.03,5.07,4.94,-1.65
0.77,0.61,-0.03,5.00,4.88,-1.59
0.77,0.60,-0.03,4.39,4.52,-1.71
0.77,0.60,-0.03,3.91,4.52,-1.83
0.77,0.59,-0.04,4.27,4.27,-1.83
0.77,0.59,-0.04,4.76,4.09,-1.53
0.77,0.59,-0.04,5.25,3.66,-1.22
0.77,0.59,-0.04,5.19,3.48,-1.22
0.77,0.60,-0.04,4.82,3.23,-1.34
0.78,0.60,-0.04,4.94,2.99,-1.40
0.78,0.60,-0.04,5.19,3.11,-1.53
0.79,0.60,-0.04,5.43,3.54,-1.59
0.79,0.60,-0.04,5.43,3.78,-1.83
0.79,0.60,-0.04,5.31,3.97,-1.89
